subject,item,condition,group,frequency_z,length,trial,RT,accuracy,neighbourhood,neighbourhood_z
S01,W001,unrelated,control,-0.9139392237197596,6,82,431,1,8,-1.328407986973267
S01,W002,related,control,0.1358238092024783,6,6,456,1,15,0.9866598741419697
S01,W003,unrelated,control,0.0968317689390009,5,118,477,1,13,0.3252119138233306
S01,W004,related,control,-1.3047661789528002,8,26,576,1,8,-1.328407986973267
S01,W005,unrelated,control,0.4824205120703297,7,107,436,1,15,0.9866598741419697
S01,W006,related,control,1.5453446713553585,5,34,651,1,18,1.9788318146199282
S01,W007,unrelated,control,-0.6150774716989514,7,48,723,1,8,-1.328407986973267
S01,W008,related,control,0.7371741115453434,5,116,683,0,14,0.6559358939826502
S01,W009,unrelated,control,0.4367971257492582,5,10,359,1,16,1.3173838543012892
S01,W010,related,control,0.5628372917200654,4,50,322,1,15,0.9866598741419697
S01,W011,unrelated,control,0.0928637611052042,5,16,451,1,16,1.3173838543012892
S01,W012,related,control,-1.017174296547943,7,100,671,1,5,-2.3205799274512255
S01,W013,unrelated,control,-0.1757199187168372,5,17,565,1,13,0.3252119138233306
S01,W014,related,control,-0.4670875917863192,7,56,548,1,10,-0.666960026654628
S01,W015,unrelated,control,0.6376366034140181,4,108,590,1,13,0.3252119138233306
S01,W016,related,control,0.4758777000006875,6,73,427,1,15,0.9866598741419697
S01,W017,unrelated,control,-1.1004086247447586,7,28,711,1,10,-0.666960026654628
S01,W018,related,control,-0.0732480440826994,5,19,503,1,11,-0.33623604649530847
S01,W019,unrelated,control,0.8377763169382735,5,18,760,1,17,1.6481078344606088
S01,W020,related,control,-0.10953246691453,6,1,319,1,13,0.3252119138233306
S01,W021,unrelated,control,0.1653741913649934,6,94,555,1,11,-0.33623604649530847
S01,W022,related,control,-1.5613246312784643,7,71,754,1,7,-1.6591319671325866
S01,W023,unrelated,control,1.5516882128257177,4,37,467,1,18,1.9788318146199282
S01,W024,related,control,0.6676736601563552,6,92,631,1,15,0.9866598741419697
S01,W025,unrelated,control,-1.1003524346233824,6,39,673,1,9,-0.9976840068139475
S01,W026,related,control,1.2547311434192785,5,99,588,1,15,0.9866598741419697
S01,W027,unrelated,control,0.2511535240099482,6,8,570,1,11,-0.33623604649530847
S01,W028,related,control,-0.4744448584528069,6,47,500,1,10,-0.666960026654628
S01,W029,unrelated,control,-0.034955592045138,6,74,538,1,11,-0.33623604649530847
S01,W030,related,control,-1.2168271291729122,6,81,471,1,9,-0.9976840068139475
S01,W031,unrelated,control,0.714619446660419,5,68,602,1,14,0.6559358939826502
S01,W032,related,control,-1.3165830605078477,6,61,640,1,10,-0.666960026654628
S01,W033,unrelated,control,-0.21523491523936,7,44,398,1,12,-0.005512066335988933
S01,W034,related,control,-0.8773992307693209,5,111,463,1,10,-0.666960026654628
S01,W035,unrelated,control,-0.5296422482991268,8,35,621,1,11,-0.33623604649530847
S01,W036,related,control,-0.1884520533183292,7,53,382,1,13,0.3252119138233306
S01,W037,unrelated,control,-1.1890454200315383,10,75,637,1,9,-0.9976840068139475
S01,W038,related,control,0.956289262928874,5,103,489,1,16,1.3173838543012892
S01,W039,unrelated,control,-1.409803501846958,9,3,505,1,9,-0.9976840068139475
S01,W040,related,control,0.0326171911239126,7,114,544,0,14,0.6559358939826502
S01,W041,unrelated,control,2.768124509357714,4,98,307,1,19,2.3095557947792478
S01,W042,related,control,-2.051321246725728,8,112,658,1,7,-1.6591319671325866
S01,W043,unrelated,control,-0.4642735130186097,7,27,533,1,12,-0.005512066335988933
S01,W044,related,control,-0.074692481078299,5,104,538,1,11,-0.33623604649530847
S01,W045,unrelated,control,-2.8603180515178988,8,33,616,0,2,-3.312751867929184
S01,W046,related,control,0.2765126725847232,6,25,541,0,13,0.3252119138233306
S01,W047,unrelated,control,0.0194756794538221,6,93,575,1,11,-0.33623604649530847
S01,W048,related,control,0.9901168140194688,6,120,462,1,13,0.3252119138233306
S01,W049,unrelated,control,1.4263582067643383,5,113,389,1,18,1.9788318146199282
S01,W050,related,control,0.2830487228263371,5,12,403,1,16,1.3173838543012892
S01,W051,unrelated,control,0.2912642538060146,5,60,498,1,11,-0.33623604649530847
S01,W052,related,control,0.2221144455622858,6,42,575,1,14,0.6559358939826502
S01,W053,unrelated,control,1.5099166560295276,5,119,424,1,13,0.3252119138233306
S01,W054,related,control,-0.4557117009268119,7,51,584,1,10,-0.666960026654628
S01,W055,unrelated,control,-0.8565905568902926,6,117,813,1,11,-0.33623604649530847
S01,W056,related,control,-1.5572563778362285,6,70,658,1,8,-1.328407986973267
S01,W057,unrelated,control,-0.9059093384605884,8,76,568,1,9,-0.9976840068139475
S01,W058,related,control,-1.6486942190789142,6,83,424,1,9,-0.9976840068139475
S01,W059,unrelated,control,-0.3001634484294758,6,32,440,1,12,-0.005512066335988933
S01,W060,related,control,-0.4724816193194414,5,90,420,1,12,-0.005512066335988933
S01,W061,unrelated,control,1.7395844656453046,5,62,493,1,19,2.3095557947792478
S01,W062,related,control,1.148113333746188,7,40,462,1,15,0.9866598741419697
S01,W063,unrelated,control,0.0350906934612753,6,96,503,1,15,0.9866598741419697
S01,W064,related,control,1.1068512013196057,4,106,425,0,14,0.6559358939826502
S01,W065,unrelated,control,-0.29377833954959,5,55,331,1,11,-0.33623604649530847
S01,W066,related,control,-0.8621267483079921,6,38,461,1,11,-0.33623604649530847
S01,W067,unrelated,control,-0.8004905870752745,5,97,600,1,9,-0.9976840068139475
S01,W068,related,control,-0.6822716459168946,6,4,444,1,11,-0.33623604649530847
S01,W069,unrelated,control,-2.306145484861042,8,84,766,1,6,-1.9898559472919062
S01,W070,related,control,-0.4692453518743268,6,45,509,1,10,-0.666960026654628
S01,W071,unrelated,control,-0.7186668647491127,7,58,532,1,13,0.3252119138233306
S01,W072,related,control,-1.8666945779672184,6,23,808,1,8,-1.328407986973267
S01,W073,unrelated,control,0.891632901440497,6,88,481,1,15,0.9866598741419697
S01,W074,related,control,0.0035851005184451,7,59,526,1,13,0.3252119138233306
S01,W075,unrelated,control,-0.8296935917886239,8,24,554,1,11,-0.33623604649530847
S01,W076,related,control,0.0063453267125901,6,80,539,1,11,-0.33623604649530847
S01,W077,unrelated,control,-1.3756874142011304,6,69,435,1,7,-1.6591319671325866
S01,W078,related,control,-1.493333612226836,10,115,574,1,8,-1.328407986973267
S01,W079,unrelated,control,0.1139469950564595,6,57,479,0,10,-0.666960026654628
S01,W080,related,control,0.4102184004835469,4,46,331,1,14,0.6559358939826502
S01,W081,unrelated,control,1.1191925348290213,6,7,350,1,17,1.6481078344606088
S01,W082,related,control,-0.0322703529262462,6,52,398,1,11,-0.33623604649530847
S01,W083,unrelated,control,0.1654914468887871,7,110,644,1,14,0.6559358939826502
S01,W084,related,control,0.8719147743400757,7,95,459,1,12,-0.005512066335988933
S01,W085,unrelated,control,-0.8790583874314196,7,72,430,1,13,0.3252119138233306
S01,W086,related,control,-0.7905740078936522,7,11,448,1,8,-1.328407986973267
S01,W087,unrelated,control,0.5846936512450975,6,102,285,1,12,-0.005512066335988933
S01,W088,related,control,-0.8247875085796271,5,109,374,1,9,-0.9976840068139475
S01,W089,unrelated,control,-1.4798537261722209,8,9,628,0,10,-0.666960026654628
S01,W090,related,control,-0.5298687768050517,7,85,510,1,10,-0.666960026654628
S01,W091,unrelated,control,0.0199958773569514,6,30,486,0,13,0.3252119138233306
S01,W092,related,control,0.8827875457824161,5,21,607,1,16,1.3173838543012892
S01,W093,unrelated,control,-0.3951162220036792,6,87,403,1,11,-0.33623604649530847
S01,W094,related,control,-0.2729766410664055,6,41,494,1,14,0.6559358939826502
S01,W095,unrelated,control,-0.8951685051880719,8,86,627,1,9,-0.9976840068139475
S01,W096,related,control,-0.4092407736087192,8,54,831,1,11,-0.33623604649530847
S01,W097,unrelated,control,-0.0617302306989816,5,101,518,1,13,0.3252119138233306
S01,W098,related,control,-0.148276360874164,7,31,453,1,12,-0.005512066335988933
S01,W099,unrelated,control,-0.5593352549066585,6,79,499,1,11,-0.33623604649530847
S01,W100,related,control,0.942231995983134,6,65,484,1,14,0.6559358939826502
S01,W101,unrelated,control,-0.4764940879555429,6,64,634,1,11,-0.33623604649530847
S01,W102,related,control,0.2909020541309749,6,36,451,1,12,-0.005512066335988933
S01,W103,unrelated,control,-0.5886379098238127,8,66,633,0,9,-0.9976840068139475
S01,W104,related,control,-0.1214698405936154,5,43,407,1,11,-0.33623604649530847
S01,W105,unrelated,control,0.9039757269248688,7,77,472,1,16,1.3173838543012892
S01,W106,related,control,0.9500663306709668,5,20,540,1,14,0.6559358939826502
S01,W107,unrelated,control,-0.1048038833831658,7,91,504,1,14,0.6559358939826502
S01,W108,related,control,1.0859079831560388,6,29,495,1,17,1.6481078344606088
S01,W109,unrelated,control,1.4716210444039308,4,67,438,1,16,1.3173838543012892
S01,W110,related,control,-0.6985479929330615,5,15,745,1,12,-0.005512066335988933
S01,W111,unrelated,control,0.0810520811925241,6,63,740,1,12,-0.005512066335988933
S01,W112,related,control,-0.9707136954003068,6,78,426,1,12,-0.005512066335988933
S01,W113,unrelated,control,0.3016402314525866,7,14,452,1,12,-0.005512066335988933
S01,W114,related,control,0.2964810364202688,6,49,508,1,13,0.3252119138233306
S01,W115,unrelated,control,0.9454197977241208,5,89,429,1,14,0.6559358939826502
S01,W116,related,control,0.5722667365127202,5,105,393,1,13,0.3252119138233306
S01,W117,unrelated,control,-0.3562583501967622,6,22,759,1,12,-0.005512066335988933
S01,W118,related,control,0.9249426975480984,4,13,357,1,14,0.6559358939826502
S01,W119,unrelated,control,-0.2589413440745218,7,5,543,0,12,-0.005512066335988933
S01,W120,related,control,-1.6613676983867645,7,2,474,1,7,-1.6591319671325866
S02,W001,related,control,-0.9139392237197596,6,117,626,1,8,-1.328407986973267
S02,W002,unrelated,control,0.1358238092024783,6,85,662,1,15,0.9866598741419697
S02,W003,related,control,0.0968317689390009,5,100,915,1,13,0.3252119138233306
S02,W004,unrelated,control,-1.3047661789528002,8,50,1012,0,8,-1.328407986973267
S02,W005,related,control,0.4824205120703297,7,44,867,1,15,0.9866598741419697
S02,W006,unrelated,control,1.5453446713553585,5,70,973,1,18,1.9788318146199282
S02,W007,related,control,-0.6150774716989514,7,68,941,1,8,-1.328407986973267
S02,W008,unrelated,control,0.7371741115453434,5,114,991,1,14,0.6559358939826502
S02,W009,related,control,0.4367971257492582,5,101,641,1,16,1.3173838543012892
S02,W010,unrelated,control,0.5628372917200654,4,102,653,1,15,0.9866598741419697
S02,W011,related,control,0.0928637611052042,5,9,974,1,16,1.3173838543012892
S02,W012,unrelated,control,-1.017174296547943,7,91,1044,1,5,-2.3205799274512255
S02,W013,related,control,-0.1757199187168372,5,116,753,1,13,0.3252119138233306
S02,W014,unrelated,control,-0.4670875917863192,7,29,881,1,10,-0.666960026654628
S02,W015,related,control,0.6376366034140181,4,59,1249,1,13,0.3252119138233306
S02,W016,unrelated,control,0.4758777000006875,6,62,669,1,15,0.9866598741419697
S02,W017,related,control,-1.1004086247447586,7,27,1117,1,10,-0.666960026654628
S02,W018,unrelated,control,-0.0732480440826994,5,67,707,1,11,-0.33623604649530847
S02,W019,related,control,0.8377763169382735,5,113,1221,1,17,1.6481078344606088
S02,W020,unrelated,control,-0.10953246691453,6,109,622,1,13,0.3252119138233306
S02,W021,related,control,0.1653741913649934,6,92,849,1,11,-0.33623604649530847
S02,W022,unrelated,control,-1.5613246312784643,7,31,1137,1,7,-1.6591319671325866
S02,W023,related,control,1.5516882128257177,4,83,769,1,18,1.9788318146199282
S02,W024,unrelated,control,0.6676736601563552,6,10,1172,1,15,0.9866598741419697
S02,W025,related,control,-1.1003524346233824,6,111,926,1,9,-0.9976840068139475
S02,W026,unrelated,control,1.2547311434192785,5,14,998,1,15,0.9866598741419697
S02,W027,related,control,0.2511535240099482,6,66,1081,1,11,-0.33623604649530847
S02,W028,unrelated,control,-0.4744448584528069,6,8,982,1,10,-0.666960026654628
S02,W029,related,control,-0.034955592045138,6,51,887,1,11,-0.33623604649530847
S02,W030,unrelated,control,-1.2168271291729122,6,69,726,1,9,-0.9976840068139475
S02,W031,related,control,0.714619446660419,5,99,1109,1,14,0.6559358939826502
S02,W032,unrelated,control,-1.3165830605078477,6,39,933,1,10,-0.666960026654628
S02,W033,related,control,-0.21523491523936,7,42,702,1,12,-0.005512066335988933
S02,W034,unrelated,control,-0.8773992307693209,5,120,703,1,10,-0.666960026654628
S02,W035,related,control,-0.5296422482991268,8,49,939,1,11,-0.33623604649530847
S02,W036,unrelated,control,-0.1884520533183292,7,2,617,1,13,0.3252119138233306
S02,W037,related,control,-1.1890454200315383,10,52,1094,1,9,-0.9976840068139475
S02,W038,unrelated,control,0.956289262928874,5,89,756,1,16,1.3173838543012892
S02,W039,related,control,-1.409803501846958,9,103,855,1,9,-0.9976840068139475
S02,W040,unrelated,control,0.0326171911239126,7,71,828,1,14,0.6559358939826502
S02,W041,related,control,2.768124509357714,4,48,487,1,19,2.3095557947792478
S02,W042,unrelated,control,-2.051321246725728,8,81,1056,1,7,-1.6591319671325866
S02,W043,related,control,-0.4642735130186097,7,53,752,1,12,-0.005512066335988933
S02,W044,unrelated,control,-0.074692481078299,5,74,1049,1,11,-0.33623604649530847
S02,W045,related,control,-2.8603180515178988,8,86,1096,1,2,-3.312751867929184
S02,W046,unrelated,control,0.2765126725847232,6,64,818,1,13,0.3252119138233306
S02,W047,related,control,0.0194756794538221,6,46,911,1,11,-0.33623604649530847
S02,W048,unrelated,control,0.9901168140194688,6,35,636,0,13,0.3252119138233306
S02,W049,related,control,1.4263582067643383,5,18,666,1,18,1.9788318146199282
S02,W050,unrelated,control,0.2830487228263371,5,115,567,1,16,1.3173838543012892
S02,W051,related,control,0.2912642538060146,5,60,822,1,11,-0.33623604649530847
S02,W052,unrelated,control,0.2221144455622858,6,93,744,1,14,0.6559358939826502
S02,W053,related,control,1.5099166560295276,5,98,820,1,13,0.3252119138233306
S02,W054,unrelated,control,-0.4557117009268119,7,3,985,0,10,-0.666960026654628
S02,W055,related,control,-0.8565905568902926,6,75,1108,1,11,-0.33623604649530847
S02,W056,unrelated,control,-1.5572563778362285,6,6,1177,1,8,-1.328407986973267
S02,W057,related,control,-0.9059093384605884,8,37,791,1,9,-0.9976840068139475
S02,W058,unrelated,control,-1.6486942190789142,6,107,649,1,9,-0.9976840068139475
S02,W059,related,control,-0.3001634484294758,6,84,663,1,12,-0.005512066335988933
S02,W060,unrelated,control,-0.4724816193194414,5,77,638,1,12,-0.005512066335988933
S02,W061,related,control,1.7395844656453046,5,26,892,1,19,2.3095557947792478
S02,W062,unrelated,control,1.148113333746188,7,80,801,1,15,0.9866598741419697
S02,W063,related,control,0.0350906934612753,6,20,675,1,15,0.9866598741419697
S02,W064,unrelated,control,1.1068512013196057,4,47,786,1,14,0.6559358939826502
S02,W065,related,control,-0.29377833954959,5,7,554,1,11,-0.33623604649530847
S02,W066,unrelated,control,-0.8621267483079921,6,45,911,1,11,-0.33623604649530847
S02,W067,related,control,-0.8004905870752745,5,22,1072,1,9,-0.9976840068139475
S02,W068,unrelated,control,-0.6822716459168946,6,4,753,1,11,-0.33623604649530847
S02,W069,related,control,-2.306145484861042,8,21,1188,1,6,-1.9898559472919062
S02,W070,unrelated,control,-0.4692453518743268,6,38,950,1,10,-0.666960026654628
S02,W071,related,control,-0.7186668647491127,7,5,763,1,13,0.3252119138233306
S02,W072,unrelated,control,-1.8666945779672184,6,33,1219,1,8,-1.328407986973267
S02,W073,related,control,0.891632901440497,6,95,835,1,15,0.9866598741419697
S02,W074,unrelated,control,0.0035851005184451,7,30,906,1,13,0.3252119138233306
S02,W075,related,control,-0.8296935917886239,8,88,827,1,11,-0.33623604649530847
S02,W076,unrelated,control,0.0063453267125901,6,94,846,0,11,-0.33623604649530847
S02,W077,related,control,-1.3756874142011304,6,17,618,1,7,-1.6591319671325866
S02,W078,unrelated,control,-1.493333612226836,10,34,890,1,8,-1.328407986973267
S02,W079,related,control,0.1139469950564595,6,40,969,1,10,-0.666960026654628
S02,W080,unrelated,control,0.4102184004835469,4,110,446,1,14,0.6559358939826502
S02,W081,related,control,1.1191925348290213,6,76,656,1,17,1.6481078344606088
S02,W082,unrelated,control,-0.0322703529262462,6,97,575,1,11,-0.33623604649530847
S02,W083,related,control,0.1654914468887871,7,61,1279,1,14,0.6559358939826502
S02,W084,unrelated,control,0.8719147743400757,7,90,744,1,12,-0.005512066335988933
S02,W085,related,control,-0.8790583874314196,7,104,628,1,13,0.3252119138233306
S02,W086,unrelated,control,-0.7905740078936522,7,56,843,1,8,-1.328407986973267
S02,W087,related,control,0.5846936512450975,6,28,590,1,12,-0.005512066335988933
S02,W088,unrelated,control,-0.8247875085796271,5,13,678,1,9,-0.9976840068139475
S02,W089,related,control,-1.4798537261722209,8,96,859,0,10,-0.666960026654628
S02,W090,unrelated,control,-0.5298687768050517,7,106,908,1,10,-0.666960026654628
S02,W091,related,control,0.0199958773569514,6,79,808,1,13,0.3252119138233306
S02,W092,unrelated,control,0.8827875457824161,5,54,590,1,16,1.3173838543012892
S02,W093,related,control,-0.3951162220036792,6,43,647,1,11,-0.33623604649530847
S02,W094,unrelated,control,-0.2729766410664055,6,55,832,1,14,0.6559358939826502
S02,W095,related,control,-0.8951685051880719,8,119,1023,1,9,-0.9976840068139475
S02,W096,unrelated,control,-0.4092407736087192,8,82,1390,1,11,-0.33623604649530847
S02,W097,related,control,-0.0617302306989816,5,72,846,1,13,0.3252119138233306
S02,W098,unrelated,control,-0.148276360874164,7,108,786,1,12,-0.005512066335988933
S02,W099,related,control,-0.5593352549066585,6,19,886,1,11,-0.33623604649530847
S02,W100,unrelated,control,0.942231995983134,6,78,787,1,14,0.6559358939826502
S02,W101,related,control,-0.4764940879555429,6,25,966,1,11,-0.33623604649530847
S02,W102,unrelated,control,0.2909020541309749,6,36,653,1,12,-0.005512066335988933
S02,W103,related,control,-0.5886379098238127,8,1,901,1,9,-0.9976840068139475
S02,W104,unrelated,control,-0.1214698405936154,5,87,623,1,11,-0.33623604649530847
S02,W105,related,control,0.9039757269248688,7,105,626,1,16,1.3173838543012892
S02,W106,unrelated,control,0.9500663306709668,5,63,836,1,14,0.6559358939826502
S02,W107,related,control,-0.1048038833831658,7,112,902,1,14,0.6559358939826502
S02,W108,unrelated,control,1.0859079831560388,6,15,554,1,17,1.6481078344606088
S02,W109,related,control,1.4716210444039308,4,41,872,1,16,1.3173838543012892
S02,W110,unrelated,control,-0.6985479929330615,5,57,958,1,12,-0.005512066335988933
S02,W111,related,control,0.0810520811925241,6,32,987,1,12,-0.005512066335988933
S02,W112,unrelated,control,-0.9707136954003068,6,73,738,1,12,-0.005512066335988933
S02,W113,related,control,0.3016402314525866,7,23,604,1,12,-0.005512066335988933
S02,W114,unrelated,control,0.2964810364202688,6,65,757,1,13,0.3252119138233306
S02,W115,related,control,0.9454197977241208,5,118,784,1,14,0.6559358939826502
S02,W116,unrelated,control,0.5722667365127202,5,16,836,1,13,0.3252119138233306
S02,W117,related,control,-0.3562583501967622,6,11,1234,1,12,-0.005512066335988933
S02,W118,unrelated,control,0.9249426975480984,4,12,641,1,14,0.6559358939826502
S02,W119,related,control,-0.2589413440745218,7,24,809,1,12,-0.005512066335988933
S02,W120,unrelated,control,-1.6613676983867645,7,58,740,1,7,-1.6591319671325866
S03,W001,unrelated,control,-0.9139392237197596,6,27,652,1,8,-1.328407986973267
S03,W002,related,control,0.1358238092024783,6,88,525,1,15,0.9866598741419697
S03,W003,unrelated,control,0.0968317689390009,5,61,824,1,13,0.3252119138233306
S03,W004,related,control,-1.3047661789528002,8,94,601,1,8,-1.328407986973267
S03,W005,unrelated,control,0.4824205120703297,7,64,681,1,15,0.9866598741419697
S03,W006,related,control,1.5453446713553585,5,114,899,1,18,1.9788318146199282
S03,W007,unrelated,control,-0.6150774716989514,7,83,976,1,8,-1.328407986973267
S03,W008,related,control,0.7371741115453434,5,77,1037,1,14,0.6559358939826502
S03,W009,unrelated,control,0.4367971257492582,5,62,469,1,16,1.3173838543012892
S03,W010,related,control,0.5628372917200654,4,89,536,1,15,0.9866598741419697
S03,W011,unrelated,control,0.0928637611052042,5,10,774,1,16,1.3173838543012892
S03,W012,related,control,-1.017174296547943,7,112,890,1,5,-2.3205799274512255
S03,W013,unrelated,control,-0.1757199187168372,5,34,674,1,13,0.3252119138233306
S03,W014,related,control,-0.4670875917863192,7,109,752,1,10,-0.666960026654628
S03,W015,unrelated,control,0.6376366034140181,4,116,963,1,13,0.3252119138233306
S03,W016,related,control,0.4758777000006875,6,30,470,1,15,0.9866598741419697
S03,W017,unrelated,control,-1.1004086247447586,7,21,1014,0,10,-0.666960026654628
S03,W018,related,control,-0.0732480440826994,5,76,573,1,11,-0.33623604649530847
S03,W019,unrelated,control,0.8377763169382735,5,6,962,1,17,1.6481078344606088
S03,W020,related,control,-0.10953246691453,6,56,462,1,13,0.3252119138233306
S03,W021,unrelated,control,0.1653741913649934,6,106,767,1,11,-0.33623604649530847
S03,W022,related,control,-1.5613246312784643,7,115,942,1,7,-1.6591319671325866
S03,W023,unrelated,control,1.5516882128257177,4,8,509,1,18,1.9788318146199282
S03,W024,related,control,0.6676736601563552,6,78,589,1,15,0.9866598741419697
S03,W025,unrelated,control,-1.1003524346233824,6,91,825,0,9,-0.9976840068139475
S03,W026,related,control,1.2547311434192785,5,57,896,1,15,0.9866598741419697
S03,W027,unrelated,control,0.2511535240099482,6,102,1013,0,11,-0.33623604649530847
S03,W028,related,control,-0.4744448584528069,6,70,777,1,10,-0.666960026654628
S03,W029,unrelated,control,-0.034955592045138,6,5,892,1,11,-0.33623604649530847
S03,W030,related,control,-1.2168271291729122,6,45,703,1,9,-0.9976840068139475
S03,W031,unrelated,control,0.714619446660419,5,60,865,1,14,0.6559358939826502
S03,W032,related,control,-1.3165830605078477,6,36,792,1,10,-0.666960026654628
S03,W033,unrelated,control,-0.21523491523936,7,15,543,1,12,-0.005512066335988933
S03,W034,related,control,-0.8773992307693209,5,46,523,1,10,-0.666960026654628
S03,W035,unrelated,control,-0.5296422482991268,8,58,947,1,11,-0.33623604649530847
S03,W036,related,control,-0.1884520533183292,7,7,613,1,13,0.3252119138233306
S03,W037,unrelated,control,-1.1890454200315383,10,79,1065,1,9,-0.9976840068139475
S03,W038,related,control,0.956289262928874,5,32,702,1,16,1.3173838543012892
S03,W039,unrelated,control,-1.409803501846958,9,86,850,1,9,-0.9976840068139475
S03,W040,related,control,0.0326171911239126,7,59,748,1,14,0.6559358939826502
S03,W041,unrelated,control,2.768124509357714,4,108,391,1,19,2.3095557947792478
S03,W042,related,control,-2.051321246725728,8,80,709,1,7,-1.6591319671325866
S03,W043,unrelated,control,-0.4642735130186097,7,82,927,1,12,-0.005512066335988933
S03,W044,related,control,-0.074692481078299,5,110,610,1,11,-0.33623604649530847
S03,W045,unrelated,control,-2.8603180515178988,8,75,940,1,2,-3.312751867929184
S03,W046,related,control,0.2765126725847232,6,100,646,1,13,0.3252119138233306
S03,W047,unrelated,control,0.0194756794538221,6,4,934,1,11,-0.33623604649530847
S03,W048,related,control,0.9901168140194688,6,92,479,1,13,0.3252119138233306
S03,W049,unrelated,control,1.4263582067643383,5,39,721,1,18,1.9788318146199282
S03,W050,related,control,0.2830487228263371,5,47,517,1,16,1.3173838543012892
S03,W051,unrelated,control,0.2912642538060146,5,11,650,1,11,-0.33623604649530847
S03,W052,related,control,0.2221144455622858,6,53,673,1,14,0.6559358939826502
S03,W053,unrelated,control,1.5099166560295276,5,87,784,1,13,0.3252119138233306
S03,W054,related,control,-0.4557117009268119,7,101,733,1,10,-0.666960026654628
S03,W055,unrelated,control,-0.8565905568902926,6,55,1288,1,11,-0.33623604649530847
S03,W056,related,control,-1.5572563778362285,6,103,915,1,8,-1.328407986973267
S03,W057,unrelated,control,-0.9059093384605884,8,84,916,1,9,-0.9976840068139475
S03,W058,related,control,-1.6486942190789142,6,44,512,1,9,-0.9976840068139475
S03,W059,unrelated,control,-0.3001634484294758,6,69,518,1,12,-0.005512066335988933
S03,W060,related,control,-0.4724816193194414,5,14,460,1,12,-0.005512066335988933
S03,W061,unrelated,control,1.7395844656453046,5,33,610,1,19,2.3095557947792478
S03,W062,related,control,1.148113333746188,7,20,536,1,15,0.9866598741419697
S03,W063,unrelated,control,0.0350906934612753,6,54,605,1,15,0.9866598741419697
S03,W064,related,control,1.1068512013196057,4,42,595,1,14,0.6559358939826502
S03,W065,unrelated,control,-0.29377833954959,5,19,556,1,11,-0.33623604649530847
S03,W066,related,control,-0.8621267483079921,6,93,572,1,11,-0.33623604649530847
S03,W067,unrelated,control,-0.8004905870752745,5,66,958,1,9,-0.9976840068139475
S03,W068,related,control,-0.6822716459168946,6,13,641,1,11,-0.33623604649530847
S03,W069,unrelated,control,-2.306145484861042,8,31,1034,1,6,-1.9898559472919062
S03,W070,related,control,-0.4692453518743268,6,49,666,1,10,-0.666960026654628
S03,W071,unrelated,control,-0.7186668647491127,7,65,620,0,13,0.3252119138233306
S03,W072,related,control,-1.8666945779672184,6,23,948,0,8,-1.328407986973267
S03,W073,unrelated,control,0.891632901440497,6,85,786,1,15,0.9866598741419697
S03,W074,related,control,0.0035851005184451,7,118,681,1,13,0.3252119138233306
S03,W075,unrelated,control,-0.8296935917886239,8,25,806,1,11,-0.33623604649530847
S03,W076,related,control,0.0063453267125901,6,104,657,1,11,-0.33623604649530847
S03,W077,unrelated,control,-1.3756874142011304,6,72,813,1,7,-1.6591319671325866
S03,W078,related,control,-1.493333612226836,10,40,665,0,8,-1.328407986973267
S03,W079,unrelated,control,0.1139469950564595,6,98,875,1,10,-0.666960026654628
S03,W080,related,control,0.4102184004835469,4,95,415,1,14,0.6559358939826502
S03,W081,unrelated,control,1.1191925348290213,6,68,749,1,17,1.6481078344606088
S03,W082,related,control,-0.0322703529262462,6,1,595,1,11,-0.33623604649530847
S03,W083,unrelated,control,0.1654914468887871,7,2,902,1,14,0.6559358939826502
S03,W084,related,control,0.8719147743400757,7,99,568,1,12,-0.005512066335988933
S03,W085,unrelated,control,-0.8790583874314196,7,90,520,1,13,0.3252119138233306
S03,W086,related,control,-0.7905740078936522,7,97,656,0,8,-1.328407986973267
S03,W087,unrelated,control,0.5846936512450975,6,29,522,0,12,-0.005512066335988933
S03,W088,related,control,-0.8247875085796271,5,71,585,1,9,-0.9976840068139475
S03,W089,unrelated,control,-1.4798537261722209,8,12,887,1,10,-0.666960026654628
S03,W090,related,control,-0.5298687768050517,7,38,555,1,10,-0.666960026654628
S03,W091,unrelated,control,0.0199958773569514,6,120,655,1,13,0.3252119138233306
S03,W092,related,control,0.8827875457824161,5,52,533,1,16,1.3173838543012892
S03,W093,unrelated,control,-0.3951162220036792,6,67,600,0,11,-0.33623604649530847
S03,W094,related,control,-0.2729766410664055,6,111,646,1,14,0.6559358939826502
S03,W095,unrelated,control,-0.8951685051880719,8,9,895,1,9,-0.9976840068139475
S03,W096,related,control,-0.4092407736087192,8,50,956,1,11,-0.33623604649530847
S03,W097,unrelated,control,-0.0617302306989816,5,43,813,1,13,0.3252119138233306
S03,W098,related,control,-0.148276360874164,7,18,628,1,12,-0.005512066335988933
S03,W099,unrelated,control,-0.5593352549066585,6,119,934,1,11,-0.33623604649530847
S03,W100,related,control,0.942231995983134,6,113,778,1,14,0.6559358939826502
S03,W101,unrelated,control,-0.4764940879555429,6,48,718,1,11,-0.33623604649530847
S03,W102,related,control,0.2909020541309749,6,3,616,1,12,-0.005512066335988933
S03,W103,unrelated,control,-0.5886379098238127,8,63,789,1,9,-0.9976840068139475
S03,W104,related,control,-0.1214698405936154,5,37,653,1,11,-0.33623604649530847
S03,W105,unrelated,control,0.9039757269248688,7,96,628,1,16,1.3173838543012892
S03,W106,related,control,0.9500663306709668,5,107,661,1,14,0.6559358939826502
S03,W107,unrelated,control,-0.1048038833831658,7,16,698,1,14,0.6559358939826502
S03,W108,related,control,1.0859079831560388,6,117,513,1,17,1.6481078344606088
S03,W109,unrelated,control,1.4716210444039308,4,28,750,1,16,1.3173838543012892
S03,W110,related,control,-0.6985479929330615,5,22,818,1,12,-0.005512066335988933
S03,W111,unrelated,control,0.0810520811925241,6,24,1093,0,12,-0.005512066335988933
S03,W112,related,control,-0.9707136954003068,6,51,649,1,12,-0.005512066335988933
S03,W113,unrelated,control,0.3016402314525866,7,17,451,1,12,-0.005512066335988933
S03,W114,related,control,0.2964810364202688,6,41,655,1,13,0.3252119138233306
S03,W115,unrelated,control,0.9454197977241208,5,26,545,1,14,0.6559358939826502
S03,W116,related,control,0.5722667365127202,5,35,554,1,13,0.3252119138233306
S03,W117,unrelated,control,-0.3562583501967622,6,73,875,1,12,-0.005512066335988933
S03,W118,related,control,0.9249426975480984,4,74,462,1,14,0.6559358939826502
S03,W119,unrelated,control,-0.2589413440745218,7,81,743,1,12,-0.005512066335988933
S03,W120,related,control,-1.6613676983867645,7,105,511,1,7,-1.6591319671325866
S04,W001,related,control,-0.9139392237197596,6,118,546,1,8,-1.328407986973267
S04,W002,unrelated,control,0.1358238092024783,6,36,525,1,15,0.9866598741419697
S04,W003,related,control,0.0968317689390009,5,46,567,1,13,0.3252119138233306
S04,W004,unrelated,control,-1.3047661789528002,8,115,696,0,8,-1.328407986973267
S04,W005,related,control,0.4824205120703297,7,85,679,1,15,0.9866598741419697
S04,W006,unrelated,control,1.5453446713553585,5,99,674,1,18,1.9788318146199282
S04,W007,related,control,-0.6150774716989514,7,83,853,1,8,-1.328407986973267
S04,W008,unrelated,control,0.7371741115453434,5,16,755,1,14,0.6559358939826502
S04,W009,related,control,0.4367971257492582,5,88,444,1,16,1.3173838543012892
S04,W010,unrelated,control,0.5628372917200654,4,14,661,1,15,0.9866598741419697
S04,W011,related,control,0.0928637611052042,5,17,745,1,16,1.3173838543012892
S04,W012,unrelated,control,-1.017174296547943,7,96,975,1,5,-2.3205799274512255
S04,W013,related,control,-0.1757199187168372,5,68,526,1,13,0.3252119138233306
S04,W014,unrelated,control,-0.4670875917863192,7,22,732,1,10,-0.666960026654628
S04,W015,related,control,0.6376366034140181,4,70,668,1,13,0.3252119138233306
S04,W016,unrelated,control,0.4758777000006875,6,74,650,1,15,0.9866598741419697
S04,W017,related,control,-1.1004086247447586,7,116,750,1,10,-0.666960026654628
S04,W018,unrelated,control,-0.0732480440826994,5,75,561,1,11,-0.33623604649530847
S04,W019,related,control,0.8377763169382735,5,18,1000,1,17,1.6481078344606088
S04,W020,unrelated,control,-0.10953246691453,6,26,479,1,13,0.3252119138233306
S04,W021,related,control,0.1653741913649934,6,114,772,1,11,-0.33623604649530847
S04,W022,unrelated,control,-1.5613246312784643,7,50,944,1,7,-1.6591319671325866
S04,W023,related,control,1.5516882128257177,4,45,593,1,18,1.9788318146199282
S04,W024,unrelated,control,0.6676736601563552,6,34,820,1,15,0.9866598741419697
S04,W025,related,control,-1.1003524346233824,6,57,806,1,9,-0.9976840068139475
S04,W026,unrelated,control,1.2547311434192785,5,109,851,1,15,0.9866598741419697
S04,W027,related,control,0.2511535240099482,6,108,877,1,11,-0.33623604649530847
S04,W028,unrelated,control,-0.4744448584528069,6,19,840,1,10,-0.666960026654628
S04,W029,related,control,-0.034955592045138,6,5,778,1,11,-0.33623604649530847
S04,W030,unrelated,control,-1.2168271291729122,6,73,708,1,9,-0.9976840068139475
S04,W031,related,control,0.714619446660419,5,106,882,1,14,0.6559358939826502
S04,W032,unrelated,control,-1.3165830605078477,6,43,797,1,10,-0.666960026654628
S04,W033,related,control,-0.21523491523936,7,55,549,1,12,-0.005512066335988933
S04,W034,unrelated,control,-0.8773992307693209,5,12,617,1,10,-0.666960026654628
S04,W035,related,control,-0.5296422482991268,8,71,947,1,11,-0.33623604649530847
S04,W036,unrelated,control,-0.1884520533183292,7,84,690,1,13,0.3252119138233306
S04,W037,related,control,-1.1890454200315383,10,44,853,0,9,-0.9976840068139475
S04,W038,unrelated,control,0.956289262928874,5,37,634,1,16,1.3173838543012892
S04,W039,related,control,-1.409803501846958,9,2,661,1,9,-0.9976840068139475
S04,W040,unrelated,control,0.0326171911239126,7,105,595,1,14,0.6559358939826502
S04,W041,related,control,2.768124509357714,4,91,411,1,19,2.3095557947792478
S04,W042,unrelated,control,-2.051321246725728,8,79,770,1,7,-1.6591319671325866
S04,W043,related,control,-0.4642735130186097,7,67,678,0,12,-0.005512066335988933
S04,W044,unrelated,control,-0.074692481078299,5,29,794,1,11,-0.33623604649530847
S04,W045,related,control,-2.8603180515178988,8,63,792,1,2,-3.312751867929184
S04,W046,unrelated,control,0.2765126725847232,6,9,886,1,13,0.3252119138233306
S04,W047,related,control,0.0194756794538221,6,119,776,1,11,-0.33623604649530847
S04,W048,unrelated,control,0.9901168140194688,6,4,451,1,13,0.3252119138233306
S04,W049,related,control,1.4263582067643383,5,40,610,1,18,1.9788318146199282
S04,W050,unrelated,control,0.2830487228263371,5,27,520,1,16,1.3173838543012892
S04,W051,related,control,0.2912642538060146,5,61,588,1,11,-0.33623604649530847
S04,W052,unrelated,control,0.2221144455622858,6,38,746,1,14,0.6559358939826502
S04,W053,related,control,1.5099166560295276,5,28,646,1,13,0.3252119138233306
S04,W054,unrelated,control,-0.4557117009268119,7,77,711,1,10,-0.666960026654628
S04,W055,related,control,-0.8565905568902926,6,13,1255,1,11,-0.33623604649530847
S04,W056,unrelated,control,-1.5572563778362285,6,89,824,1,8,-1.328407986973267
S04,W057,related,control,-0.9059093384605884,8,52,640,1,9,-0.9976840068139475
S04,W058,unrelated,control,-1.6486942190789142,6,59,613,1,9,-0.9976840068139475
S04,W059,related,control,-0.3001634484294758,6,113,525,1,12,-0.005512066335988933
S04,W060,unrelated,control,-0.4724816193194414,5,80,638,1,12,-0.005512066335988933
S04,W061,related,control,1.7395844656453046,5,31,852,1,19,2.3095557947792478
S04,W062,unrelated,control,1.148113333746188,7,48,698,1,15,0.9866598741419697
S04,W063,related,control,0.0350906934612753,6,41,577,1,15,0.9866598741419697
S04,W064,unrelated,control,1.1068512013196057,4,24,570,1,14,0.6559358939826502
S04,W065,related,control,-0.29377833954959,5,42,558,1,11,-0.33623604649530847
S04,W066,unrelated,control,-0.8621267483079921,6,100,620,1,11,-0.33623604649530847
S04,W067,related,control,-0.8004905870752745,5,87,757,1,9,-0.9976840068139475
S04,W068,unrelated,control,-0.6822716459168946,6,93,593,0,11,-0.33623604649530847
S04,W069,related,control,-2.306145484861042,8,30,1044,1,6,-1.9898559472919062
S04,W070,unrelated,control,-0.4692453518743268,6,76,727,1,10,-0.666960026654628
S04,W071,related,control,-0.7186668647491127,7,47,604,1,13,0.3252119138233306
S04,W072,unrelated,control,-1.8666945779672184,6,58,1159,1,8,-1.328407986973267
S04,W073,related,control,0.891632901440497,6,23,679,1,15,0.9866598741419697
S04,W074,unrelated,control,0.0035851005184451,7,20,715,1,13,0.3252119138233306
S04,W075,related,control,-0.8296935917886239,8,11,678,1,11,-0.33623604649530847
S04,W076,unrelated,control,0.0063453267125901,6,90,756,1,11,-0.33623604649530847
S04,W077,related,control,-1.3756874142011304,6,107,593,1,7,-1.6591319671325866
S04,W078,unrelated,control,-1.493333612226836,10,101,708,1,8,-1.328407986973267
S04,W079,related,control,0.1139469950564595,6,117,753,1,10,-0.666960026654628
S04,W080,unrelated,control,0.4102184004835469,4,25,374,1,14,0.6559358939826502
S04,W081,related,control,1.1191925348290213,6,60,646,1,17,1.6481078344606088
S04,W082,unrelated,control,-0.0322703529262462,6,82,741,1,11,-0.33623604649530847
S04,W083,related,control,0.1654914468887871,7,53,851,1,14,0.6559358939826502
S04,W084,unrelated,control,0.8719147743400757,7,81,652,1,12,-0.005512066335988933
S04,W085,related,control,-0.8790583874314196,7,95,586,1,13,0.3252119138233306
S04,W086,unrelated,control,-0.7905740078936522,7,112,649,1,8,-1.328407986973267
S04,W087,related,control,0.5846936512450975,6,66,406,1,12,-0.005512066335988933
S04,W088,unrelated,control,-0.8247875085796271,5,54,622,1,9,-0.9976840068139475
S04,W089,related,control,-1.4798537261722209,8,1,597,1,10,-0.666960026654628
S04,W090,unrelated,control,-0.5298687768050517,7,6,622,1,10,-0.666960026654628
S04,W091,related,control,0.0199958773569514,6,21,618,1,13,0.3252119138233306
S04,W092,unrelated,control,0.8827875457824161,5,69,776,1,16,1.3173838543012892
S04,W093,related,control,-0.3951162220036792,6,92,520,1,11,-0.33623604649530847
S04,W094,unrelated,control,-0.2729766410664055,6,8,672,1,14,0.6559358939826502
S04,W095,related,control,-0.8951685051880719,8,110,775,1,9,-0.9976840068139475
S04,W096,unrelated,control,-0.4092407736087192,8,35,1129,1,11,-0.33623604649530847
S04,W097,related,control,-0.0617302306989816,5,62,788,1,13,0.3252119138233306
S04,W098,unrelated,control,-0.148276360874164,7,49,484,1,12,-0.005512066335988933
S04,W099,related,control,-0.5593352549066585,6,120,617,1,11,-0.33623604649530847
S04,W100,unrelated,control,0.942231995983134,6,7,875,1,14,0.6559358939826502
S04,W101,related,control,-0.4764940879555429,6,97,809,0,11,-0.33623604649530847
S04,W102,unrelated,control,0.2909020541309749,6,103,594,1,12,-0.005512066335988933
S04,W103,related,control,-0.5886379098238127,8,78,733,1,9,-0.9976840068139475
S04,W104,unrelated,control,-0.1214698405936154,5,56,428,1,11,-0.33623604649530847
S04,W105,related,control,0.9039757269248688,7,3,695,1,16,1.3173838543012892
S04,W106,unrelated,control,0.9500663306709668,5,39,877,1,14,0.6559358939826502
S04,W107,related,control,-0.1048038833831658,7,102,707,1,14,0.6559358939826502
S04,W108,unrelated,control,1.0859079831560388,6,72,515,1,17,1.6481078344606088
S04,W109,related,control,1.4716210444039308,4,32,610,1,16,1.3173838543012892
S04,W110,unrelated,control,-0.6985479929330615,5,94,1092,1,12,-0.005512066335988933
S04,W111,related,control,0.0810520811925241,6,64,857,1,12,-0.005512066335988933
S04,W112,unrelated,control,-0.9707136954003068,6,15,747,1,12,-0.005512066335988933
S04,W113,related,control,0.3016402314525866,7,111,507,1,12,-0.005512066335988933
S04,W114,unrelated,control,0.2964810364202688,6,65,652,1,13,0.3252119138233306
S04,W115,related,control,0.9454197977241208,5,33,573,1,14,0.6559358939826502
S04,W116,unrelated,control,0.5722667365127202,5,98,578,1,13,0.3252119138233306
S04,W117,related,control,-0.3562583501967622,6,51,1008,1,12,-0.005512066335988933
S04,W118,unrelated,control,0.9249426975480984,4,104,484,1,14,0.6559358939826502
S04,W119,related,control,-0.2589413440745218,7,86,861,1,12,-0.005512066335988933
S04,W120,unrelated,control,-1.6613676983867645,7,10,621,1,7,-1.6591319671325866
S05,W001,unrelated,control,-0.9139392237197596,6,93,448,0,8,-1.328407986973267
S05,W002,related,control,0.1358238092024783,6,77,318,0,15,0.9866598741419697
S05,W003,unrelated,control,0.0968317689390009,5,91,386,1,13,0.3252119138233306
S05,W004,related,control,-1.3047661789528002,8,78,445,0,8,-1.328407986973267
S05,W005,unrelated,control,0.4824205120703297,7,120,601,1,15,0.9866598741419697
S05,W006,related,control,1.5453446713553585,5,12,513,1,18,1.9788318146199282
S05,W007,unrelated,control,-0.6150774716989514,7,111,773,0,8,-1.328407986973267
S05,W008,related,control,0.7371741115453434,5,74,596,0,14,0.6559358939826502
S05,W009,unrelated,control,0.4367971257492582,5,67,345,1,16,1.3173838543012892
S05,W010,related,control,0.5628372917200654,4,53,337,1,15,0.9866598741419697
S05,W011,unrelated,control,0.0928637611052042,5,117,486,1,16,1.3173838543012892
S05,W012,related,control,-1.017174296547943,7,8,545,1,5,-2.3205799274512255
S05,W013,unrelated,control,-0.1757199187168372,5,36,531,1,13,0.3252119138233306
S05,W014,related,control,-0.4670875917863192,7,105,506,1,10,-0.666960026654628
S05,W015,unrelated,control,0.6376366034140181,4,16,720,1,13,0.3252119138233306
S05,W016,related,control,0.4758777000006875,6,83,339,1,15,0.9866598741419697
S05,W017,unrelated,control,-1.1004086247447586,7,80,663,0,10,-0.666960026654628
S05,W018,related,control,-0.0732480440826994,5,62,447,1,11,-0.33623604649530847
S05,W019,unrelated,control,0.8377763169382735,5,89,638,1,17,1.6481078344606088
S05,W020,related,control,-0.10953246691453,6,50,288,1,13,0.3252119138233306
S05,W021,unrelated,control,0.1653741913649934,6,18,560,1,11,-0.33623604649530847
S05,W022,related,control,-1.5613246312784643,7,13,656,1,7,-1.6591319671325866
S05,W023,unrelated,control,1.5516882128257177,4,114,422,1,18,1.9788318146199282
S05,W024,related,control,0.6676736601563552,6,29,547,1,15,0.9866598741419697
S05,W025,unrelated,control,-1.1003524346233824,6,63,712,1,9,-0.9976840068139475
S05,W026,related,control,1.2547311434192785,5,35,582,0,15,0.9866598741419697
S05,W027,unrelated,control,0.2511535240099482,6,58,910,1,11,-0.33623604649530847
S05,W028,related,control,-0.4744448584528069,6,11,531,1,10,-0.666960026654628
S05,W029,unrelated,control,-0.034955592045138,6,23,497,1,11,-0.33623604649530847
S05,W030,related,control,-1.2168271291729122,6,27,417,1,9,-0.9976840068139475
S05,W031,unrelated,control,0.714619446660419,5,82,703,0,14,0.6559358939826502
S05,W032,related,control,-1.3165830605078477,6,107,441,1,10,-0.666960026654628
S05,W033,unrelated,control,-0.21523491523936,7,95,475,1,12,-0.005512066335988933
S05,W034,related,control,-0.8773992307693209,5,26,378,1,10,-0.666960026654628
S05,W035,unrelated,control,-0.5296422482991268,8,17,761,1,11,-0.33623604649530847
S05,W036,related,control,-0.1884520533183292,7,64,340,0,13,0.3252119138233306
S05,W037,unrelated,control,-1.1890454200315383,10,106,641,1,9,-0.9976840068139475
S05,W038,related,control,0.956289262928874,5,109,436,1,16,1.3173838543012892
S05,W039,unrelated,control,-1.409803501846958,9,39,481,1,9,-0.9976840068139475
S05,W040,related,control,0.0326171911239126,7,55,497,1,14,0.6559358939826502
S05,W041,unrelated,control,2.768124509357714,4,32,318,1,19,2.3095557947792478
S05,W042,related,control,-2.051321246725728,8,46,483,0,7,-1.6591319671325866
S05,W043,unrelated,control,-0.4642735130186097,7,103,622,0,12,-0.005512066335988933
S05,W044,related,control,-0.074692481078299,5,88,418,1,11,-0.33623604649530847
S05,W045,unrelated,control,-2.8603180515178988,8,60,927,1,2,-3.312751867929184
S05,W046,related,control,0.2765126725847232,6,61,393,1,13,0.3252119138233306
S05,W047,unrelated,control,0.0194756794538221,6,94,730,1,11,-0.33623604649530847
S05,W048,related,control,0.9901168140194688,6,86,377,1,13,0.3252119138233306
S05,W049,unrelated,control,1.4263582067643383,5,102,533,1,18,1.9788318146199282
S05,W050,related,control,0.2830487228263371,5,84,428,1,16,1.3173838543012892
S05,W051,unrelated,control,0.2912642538060146,5,6,478,1,11,-0.33623604649530847
S05,W052,related,control,0.2221144455622858,6,25,449,1,14,0.6559358939826502
S05,W053,unrelated,control,1.5099166560295276,5,112,465,1,13,0.3252119138233306
S05,W054,related,control,-0.4557117009268119,7,96,463,0,10,-0.666960026654628
S05,W055,unrelated,control,-0.8565905568902926,6,98,856,1,11,-0.33623604649530847
S05,W056,related,control,-1.5572563778362285,6,75,545,1,8,-1.328407986973267
S05,W057,unrelated,control,-0.9059093384605884,8,90,711,1,9,-0.9976840068139475
S05,W058,related,control,-1.6486942190789142,6,118,344,1,9,-0.9976840068139475
S05,W059,unrelated,control,-0.3001634484294758,6,2,531,1,12,-0.005512066335988933
S05,W060,related,control,-0.4724816193194414,5,42,401,1,12,-0.005512066335988933
S05,W061,unrelated,control,1.7395844656453046,5,57,470,1,19,2.3095557947792478
S05,W062,related,control,1.148113333746188,7,14,298,1,15,0.9866598741419697
S05,W063,unrelated,control,0.0350906934612753,6,3,510,1,15,0.9866598741419697
S05,W064,related,control,1.1068512013196057,4,66,369,1,14,0.6559358939826502
S05,W065,unrelated,control,-0.29377833954959,5,92,446,1,11,-0.33623604649530847
S05,W066,related,control,-0.8621267483079921,6,99,381,1,11,-0.33623604649530847
S05,W067,unrelated,control,-0.8004905870752745,5,87,624,1,9,-0.9976840068139475
S05,W068,related,control,-0.6822716459168946,6,10,340,1,11,-0.33623604649530847
S05,W069,unrelated,control,-2.306145484861042,8,22,966,0,6,-1.9898559472919062
S05,W070,related,control,-0.4692453518743268,6,49,361,1,10,-0.666960026654628
S05,W071,unrelated,control,-0.7186668647491127,7,7,568,1,13,0.3252119138233306
S05,W072,related,control,-1.8666945779672184,6,70,689,1,8,-1.328407986973267
S05,W073,unrelated,control,0.891632901440497,6,69,682,1,15,0.9866598741419697
S05,W074,related,control,0.0035851005184451,7,1,441,0,13,0.3252119138233306
S05,W075,unrelated,control,-0.8296935917886239,8,33,512,1,11,-0.33623604649530847
S05,W076,related,control,0.0063453267125901,6,54,380,1,11,-0.33623604649530847
S05,W077,unrelated,control,-1.3756874142011304,6,45,479,1,7,-1.6591319671325866
S05,W078,related,control,-1.493333612226836,10,30,550,1,8,-1.328407986973267
S05,W079,unrelated,control,0.1139469950564595,6,73,624,1,10,-0.666960026654628
S05,W080,related,control,0.4102184004835469,4,24,251,1,14,0.6559358939826502
S05,W081,unrelated,control,1.1191925348290213,6,85,461,1,17,1.6481078344606088
S05,W082,related,control,-0.0322703529262462,6,56,366,1,11,-0.33623604649530847
S05,W083,unrelated,control,0.1654914468887871,7,47,858,1,14,0.6559358939826502
S05,W084,related,control,0.8719147743400757,7,113,444,1,12,-0.005512066335988933
S05,W085,unrelated,control,-0.8790583874314196,7,44,452,1,13,0.3252119138233306
S05,W086,related,control,-0.7905740078936522,7,116,422,1,8,-1.328407986973267
S05,W087,unrelated,control,0.5846936512450975,6,20,336,1,12,-0.005512066335988933
S05,W088,related,control,-0.8247875085796271,5,9,420,1,9,-0.9976840068139475
S05,W089,unrelated,control,-1.4798537261722209,8,79,651,1,10,-0.666960026654628
S05,W090,related,control,-0.5298687768050517,7,4,474,1,10,-0.666960026654628
S05,W091,unrelated,control,0.0199958773569514,6,71,460,1,13,0.3252119138233306
S05,W092,related,control,0.8827875457824161,5,37,372,1,16,1.3173838543012892
S05,W093,unrelated,control,-0.3951162220036792,6,97,488,1,11,-0.33623604649530847
S05,W094,related,control,-0.2729766410664055,6,101,480,0,14,0.6559358939826502
S05,W095,unrelated,control,-0.8951685051880719,8,108,722,1,9,-0.9976840068139475
S05,W096,related,control,-0.4092407736087192,8,51,609,1,11,-0.33623604649530847
S05,W097,unrelated,control,-0.0617302306989816,5,21,488,1,13,0.3252119138233306
S05,W098,related,control,-0.148276360874164,7,5,338,1,12,-0.005512066335988933
S05,W099,unrelated,control,-0.5593352549066585,6,115,444,1,11,-0.33623604649530847
S05,W100,related,control,0.942231995983134,6,34,388,1,14,0.6559358939826502
S05,W101,unrelated,control,-0.4764940879555429,6,43,688,0,11,-0.33623604649530847
S05,W102,related,control,0.2909020541309749,6,48,421,1,12,-0.005512066335988933
S05,W103,unrelated,control,-0.5886379098238127,8,81,618,1,9,-0.9976840068139475
S05,W104,related,control,-0.1214698405936154,5,110,408,1,11,-0.33623604649530847
S05,W105,unrelated,control,0.9039757269248688,7,28,428,1,16,1.3173838543012892
S05,W106,related,control,0.9500663306709668,5,19,380,1,14,0.6559358939826502
S05,W107,unrelated,control,-0.1048038833831658,7,52,550,1,14,0.6559358939826502
S05,W108,related,control,1.0859079831560388,6,41,323,1,17,1.6481078344606088
S05,W109,unrelated,control,1.4716210444039308,4,31,480,1,16,1.3173838543012892
S05,W110,related,control,-0.6985479929330615,5,65,637,1,12,-0.005512066335988933
S05,W111,unrelated,control,0.0810520811925241,6,59,809,1,12,-0.005512066335988933
S05,W112,related,control,-0.9707136954003068,6,119,439,1,12,-0.005512066335988933
S05,W113,unrelated,control,0.3016402314525866,7,72,507,1,12,-0.005512066335988933
S05,W114,related,control,0.2964810364202688,6,15,454,1,13,0.3252119138233306
S05,W115,unrelated,control,0.9454197977241208,5,100,497,1,14,0.6559358939826502
S05,W116,related,control,0.5722667365127202,5,68,413,1,13,0.3252119138233306
S05,W117,unrelated,control,-0.3562583501967622,6,40,805,1,12,-0.005512066335988933
S05,W118,related,control,0.9249426975480984,4,38,283,1,14,0.6559358939826502
S05,W119,unrelated,control,-0.2589413440745218,7,104,654,1,12,-0.005512066335988933
S05,W120,related,control,-1.6613676983867645,7,76,442,1,7,-1.6591319671325866
S06,W001,related,control,-0.9139392237197596,6,45,548,1,8,-1.328407986973267
S06,W002,unrelated,control,0.1358238092024783,6,19,484,1,15,0.9866598741419697
S06,W003,related,control,0.0968317689390009,5,56,472,1,13,0.3252119138233306
S06,W004,unrelated,control,-1.3047661789528002,8,30,568,1,8,-1.328407986973267
S06,W005,related,control,0.4824205120703297,7,24,565,1,15,0.9866598741419697
S06,W006,unrelated,control,1.5453446713553585,5,60,681,1,18,1.9788318146199282
S06,W007,related,control,-0.6150774716989514,7,39,652,1,8,-1.328407986973267
S06,W008,unrelated,control,0.7371741115453434,5,87,685,1,14,0.6559358939826502
S06,W009,related,control,0.4367971257492582,5,69,400,1,16,1.3173838543012892
S06,W010,unrelated,control,0.5628372917200654,4,105,442,1,15,0.9866598741419697
S06,W011,related,control,0.0928637611052042,5,17,705,1,16,1.3173838543012892
S06,W012,unrelated,control,-1.017174296547943,7,5,635,1,5,-2.3205799274512255
S06,W013,related,control,-0.1757199187168372,5,47,532,1,13,0.3252119138233306
S06,W014,unrelated,control,-0.4670875917863192,7,103,695,0,10,-0.666960026654628
S06,W015,related,control,0.6376366034140181,4,1,679,1,13,0.3252119138233306
S06,W016,unrelated,control,0.4758777000006875,6,97,468,1,15,0.9866598741419697
S06,W017,related,control,-1.1004086247447586,7,51,565,1,10,-0.666960026654628
S06,W018,unrelated,control,-0.0732480440826994,5,112,458,1,11,-0.33623604649530847
S06,W019,related,control,0.8377763169382735,5,10,881,0,17,1.6481078344606088
S06,W020,unrelated,control,-0.10953246691453,6,111,415,1,13,0.3252119138233306
S06,W021,related,control,0.1653741913649934,6,99,664,1,11,-0.33623604649530847
S06,W022,unrelated,control,-1.5613246312784643,7,96,935,1,7,-1.6591319671325866
S06,W023,related,control,1.5516882128257177,4,25,564,1,18,1.9788318146199282
S06,W024,unrelated,control,0.6676736601563552,6,73,552,1,15,0.9866598741419697
S06,W025,related,control,-1.1003524346233824,6,82,666,1,9,-0.9976840068139475
S06,W026,unrelated,control,1.2547311434192785,5,11,695,1,15,0.9866598741419697
S06,W027,related,control,0.2511535240099482,6,65,750,1,11,-0.33623604649530847
S06,W028,unrelated,control,-0.4744448584528069,6,9,612,1,10,-0.666960026654628
S06,W029,related,control,-0.034955592045138,6,104,578,1,11,-0.33623604649530847
S06,W030,unrelated,control,-1.2168271291729122,6,66,520,1,9,-0.9976840068139475
S06,W031,related,control,0.714619446660419,5,34,716,1,14,0.6559358939826502
S06,W032,unrelated,control,-1.3165830605078477,6,46,632,1,10,-0.666960026654628
S06,W033,related,control,-0.21523491523936,7,76,415,0,12,-0.005512066335988933
S06,W034,unrelated,control,-0.8773992307693209,5,106,487,1,10,-0.666960026654628
S06,W035,related,control,-0.5296422482991268,8,27,680,1,11,-0.33623604649530847
S06,W036,unrelated,control,-0.1884520533183292,7,78,469,1,13,0.3252119138233306
S06,W037,related,control,-1.1890454200315383,10,102,653,1,9,-0.9976840068139475
S06,W038,unrelated,control,0.956289262928874,5,18,443,1,16,1.3173838543012892
S06,W039,related,control,-1.409803501846958,9,44,499,1,9,-0.9976840068139475
S06,W040,unrelated,control,0.0326171911239126,7,93,580,1,14,0.6559358939826502
S06,W041,related,control,2.768124509357714,4,120,372,1,19,2.3095557947792478
S06,W042,unrelated,control,-2.051321246725728,8,36,763,1,7,-1.6591319671325866
S06,W043,related,control,-0.4642735130186097,7,3,565,1,12,-0.005512066335988933
S06,W044,unrelated,control,-0.074692481078299,5,108,516,1,11,-0.33623604649530847
S06,W045,related,control,-2.8603180515178988,8,70,646,1,2,-3.312751867929184
S06,W046,unrelated,control,0.2765126725847232,6,4,546,1,13,0.3252119138233306
S06,W047,related,control,0.0194756794538221,6,20,888,0,11,-0.33623604649530847
S06,W048,unrelated,control,0.9901168140194688,6,6,603,1,13,0.3252119138233306
S06,W049,related,control,1.4263582067643383,5,85,622,1,18,1.9788318146199282
S06,W050,unrelated,control,0.2830487228263371,5,31,500,1,16,1.3173838543012892
S06,W051,related,control,0.2912642538060146,5,49,451,1,11,-0.33623604649530847
S06,W052,unrelated,control,0.2221144455622858,6,64,509,1,14,0.6559358939826502
S06,W053,related,control,1.5099166560295276,5,2,609,1,13,0.3252119138233306
S06,W054,unrelated,control,-0.4557117009268119,7,12,577,1,10,-0.666960026654628
S06,W055,related,control,-0.8565905568902926,6,91,753,1,11,-0.33623604649530847
S06,W056,unrelated,control,-1.5572563778362285,6,32,645,1,8,-1.328407986973267
S06,W057,related,control,-0.9059093384605884,8,67,568,1,9,-0.9976840068139475
S06,W058,unrelated,control,-1.6486942190789142,6,14,476,1,9,-0.9976840068139475
S06,W059,related,control,-0.3001634484294758,6,72,498,1,12,-0.005512066335988933
S06,W060,unrelated,control,-0.4724816193194414,5,86,422,0,12,-0.005512066335988933
S06,W061,related,control,1.7395844656453046,5,98,547,1,19,2.3095557947792478
S06,W062,unrelated,control,1.148113333746188,7,81,502,1,15,0.9866598741419697
S06,W063,related,control,0.0350906934612753,6,118,480,1,15,0.9866598741419697
S06,W064,unrelated,control,1.1068512013196057,4,8,455,1,14,0.6559358939826502
S06,W065,related,control,-0.29377833954959,5,7,459,1,11,-0.33623604649530847
S06,W066,unrelated,control,-0.8621267483079921,6,119,528,1,11,-0.33623604649530847
S06,W067,related,control,-0.8004905870752745,5,53,711,1,9,-0.9976840068139475
S06,W068,unrelated,control,-0.6822716459168946,6,90,442,1,11,-0.33623604649530847
S06,W069,related,control,-2.306145484861042,8,94,750,1,6,-1.9898559472919062
S06,W070,unrelated,control,-0.4692453518743268,6,42,491,1,10,-0.666960026654628
S06,W071,related,control,-0.7186668647491127,7,77,533,1,13,0.3252119138233306
S06,W072,unrelated,control,-1.8666945779672184,6,43,730,1,8,-1.328407986973267
S06,W073,related,control,0.891632901440497,6,61,704,0,15,0.9866598741419697
S06,W074,unrelated,control,0.0035851005184451,7,41,479,1,13,0.3252119138233306
S06,W075,related,control,-0.8296935917886239,8,37,520,1,11,-0.33623604649530847
S06,W076,unrelated,control,0.0063453267125901,6,48,454,1,11,-0.33623604649530847
S06,W077,related,control,-1.3756874142011304,6,13,545,1,7,-1.6591319671325866
S06,W078,unrelated,control,-1.493333612226836,10,117,622,1,8,-1.328407986973267
S06,W079,related,control,0.1139469950564595,6,54,644,1,10,-0.666960026654628
S06,W080,unrelated,control,0.4102184004835469,4,75,317,1,14,0.6559358939826502
S06,W081,related,control,1.1191925348290213,6,40,523,1,17,1.6481078344606088
S06,W082,unrelated,control,-0.0322703529262462,6,59,473,1,11,-0.33623604649530847
S06,W083,related,control,0.1654914468887871,7,74,842,1,14,0.6559358939826502
S06,W084,unrelated,control,0.8719147743400757,7,92,452,1,12,-0.005512066335988933
S06,W085,related,control,-0.8790583874314196,7,83,447,1,13,0.3252119138233306
S06,W086,unrelated,control,-0.7905740078936522,7,89,702,1,8,-1.328407986973267
S06,W087,related,control,0.5846936512450975,6,101,362,1,12,-0.005512066335988933
S06,W088,unrelated,control,-0.8247875085796271,5,116,542,1,9,-0.9976840068139475
S06,W089,related,control,-1.4798537261722209,8,28,616,1,10,-0.666960026654628
S06,W090,unrelated,control,-0.5298687768050517,7,107,522,1,10,-0.666960026654628
S06,W091,related,control,0.0199958773569514,6,95,443,1,13,0.3252119138233306
S06,W092,unrelated,control,0.8827875457824161,5,29,527,1,16,1.3173838543012892
S06,W093,related,control,-0.3951162220036792,6,21,448,1,11,-0.33623604649530847
S06,W094,unrelated,control,-0.2729766410664055,6,23,571,1,14,0.6559358939826502
S06,W095,related,control,-0.8951685051880719,8,55,848,1,9,-0.9976840068139475
S06,W096,unrelated,control,-0.4092407736087192,8,115,798,1,11,-0.33623604649530847
S06,W097,related,control,-0.0617302306989816,5,57,488,1,13,0.3252119138233306
S06,W098,unrelated,control,-0.148276360874164,7,79,457,1,12,-0.005512066335988933
S06,W099,related,control,-0.5593352549066585,6,113,553,1,11,-0.33623604649530847
S06,W100,unrelated,control,0.942231995983134,6,33,447,1,14,0.6559358939826502
S06,W101,related,control,-0.4764940879555429,6,71,735,1,11,-0.33623604649530847
S06,W102,unrelated,control,0.2909020541309749,6,80,513,1,12,-0.005512066335988933
S06,W103,related,control,-0.5886379098238127,8,109,728,1,9,-0.9976840068139475
S06,W104,unrelated,control,-0.1214698405936154,5,35,530,1,11,-0.33623604649530847
S06,W105,related,control,0.9039757269248688,7,15,527,1,16,1.3173838543012892
S06,W106,unrelated,control,0.9500663306709668,5,52,518,1,14,0.6559358939826502
S06,W107,related,control,-0.1048038833831658,7,114,626,1,14,0.6559358939826502
S06,W108,unrelated,control,1.0859079831560388,6,62,366,1,17,1.6481078344606088
S06,W109,related,control,1.4716210444039308,4,63,532,1,16,1.3173838543012892
S06,W110,unrelated,control,-0.6985479929330615,5,16,700,0,12,-0.005512066335988933
S06,W111,related,control,0.0810520811925241,6,38,862,1,12,-0.005512066335988933
S06,W112,unrelated,control,-0.9707136954003068,6,22,524,1,12,-0.005512066335988933
S06,W113,related,control,0.3016402314525866,7,68,400,1,12,-0.005512066335988933
S06,W114,unrelated,control,0.2964810364202688,6,88,604,1,13,0.3252119138233306
S06,W115,related,control,0.9454197977241208,5,84,486,1,14,0.6559358939826502
S06,W116,unrelated,control,0.5722667365127202,5,26,653,1,13,0.3252119138233306
S06,W117,related,control,-0.3562583501967622,6,100,640,1,12,-0.005512066335988933
S06,W118,unrelated,control,0.9249426975480984,4,110,392,1,14,0.6559358939826502
S06,W119,related,control,-0.2589413440745218,7,58,763,1,12,-0.005512066335988933
S06,W120,unrelated,control,-1.6613676983867645,7,50,506,1,7,-1.6591319671325866
S07,W001,unrelated,control,-0.9139392237197596,6,112,579,1,8,-1.328407986973267
S07,W002,related,control,0.1358238092024783,6,11,686,1,15,0.9866598741419697
S07,W003,unrelated,control,0.0968317689390009,5,114,756,1,13,0.3252119138233306
S07,W004,related,control,-1.3047661789528002,8,41,785,1,8,-1.328407986973267
S07,W005,unrelated,control,0.4824205120703297,7,115,782,1,15,0.9866598741419697
S07,W006,related,control,1.5453446713553585,5,66,831,1,18,1.9788318146199282
S07,W007,unrelated,control,-0.6150774716989514,7,80,1195,1,8,-1.328407986973267
S07,W008,related,control,0.7371741115453434,5,109,1075,1,14,0.6559358939826502
S07,W009,unrelated,control,0.4367971257492582,5,107,568,1,16,1.3173838543012892
S07,W010,related,control,0.5628372917200654,4,86,766,1,15,0.9866598741419697
S07,W011,unrelated,control,0.0928637611052042,5,53,822,1,16,1.3173838543012892
S07,W012,related,control,-1.017174296547943,7,74,845,1,5,-2.3205799274512255
S07,W013,unrelated,control,-0.1757199187168372,5,118,758,1,13,0.3252119138233306
S07,W014,related,control,-0.4670875917863192,7,76,962,1,10,-0.666960026654628
S07,W015,unrelated,control,0.6376366034140181,4,12,1183,1,13,0.3252119138233306
S07,W016,related,control,0.4758777000006875,6,43,707,1,15,0.9866598741419697
S07,W017,unrelated,control,-1.1004086247447586,7,98,909,1,10,-0.666960026654628
S07,W018,related,control,-0.0732480440826994,5,17,830,1,11,-0.33623604649530847
S07,W019,unrelated,control,0.8377763169382735,5,83,1257,1,17,1.6481078344606088
S07,W020,related,control,-0.10953246691453,6,14,566,1,13,0.3252119138233306
S07,W021,unrelated,control,0.1653741913649934,6,33,729,1,11,-0.33623604649530847
S07,W022,related,control,-1.5613246312784643,7,91,975,1,7,-1.6591319671325866
S07,W023,unrelated,control,1.5516882128257177,4,56,732,1,18,1.9788318146199282
S07,W024,related,control,0.6676736601563552,6,19,888,1,15,0.9866598741419697
S07,W025,unrelated,control,-1.1003524346233824,6,5,1168,0,9,-0.9976840068139475
S07,W026,related,control,1.2547311434192785,5,4,1164,1,15,0.9866598741419697
S07,W027,unrelated,control,0.2511535240099482,6,92,1051,1,11,-0.33623604649530847
S07,W028,related,control,-0.4744448584528069,6,68,1023,1,10,-0.666960026654628
S07,W029,unrelated,control,-0.034955592045138,6,105,1001,1,11,-0.33623604649530847
S07,W030,related,control,-1.2168271291729122,6,16,784,1,9,-0.9976840068139475
S07,W031,unrelated,control,0.714619446660419,5,108,1009,1,14,0.6559358939826502
S07,W032,related,control,-1.3165830605078477,6,77,794,1,10,-0.666960026654628
S07,W033,unrelated,control,-0.21523491523936,7,29,547,1,12,-0.005512066335988933
S07,W034,related,control,-0.8773992307693209,5,88,698,1,10,-0.666960026654628
S07,W035,unrelated,control,-0.5296422482991268,8,84,987,1,11,-0.33623604649530847
S07,W036,related,control,-0.1884520533183292,7,24,649,1,13,0.3252119138233306
S07,W037,unrelated,control,-1.1890454200315383,10,2,977,1,9,-0.9976840068139475
S07,W038,related,control,0.956289262928874,5,120,692,1,16,1.3173838543012892
S07,W039,unrelated,control,-1.409803501846958,9,103,817,1,9,-0.9976840068139475
S07,W040,related,control,0.0326171911239126,7,67,937,1,14,0.6559358939826502
S07,W041,unrelated,control,2.768124509357714,4,28,520,1,19,2.3095557947792478
S07,W042,related,control,-2.051321246725728,8,40,853,1,7,-1.6591319671325866
S07,W043,unrelated,control,-0.4642735130186097,7,39,771,1,12,-0.005512066335988933
S07,W044,related,control,-0.074692481078299,5,119,950,1,11,-0.33623604649530847
S07,W045,unrelated,control,-2.8603180515178988,8,94,999,1,2,-3.312751867929184
S07,W046,related,control,0.2765126725847232,6,51,675,1,13,0.3252119138233306
S07,W047,unrelated,control,0.0194756794538221,6,13,1114,1,11,-0.33623604649530847
S07,W048,related,control,0.9901168140194688,6,89,717,1,13,0.3252119138233306
S07,W049,unrelated,control,1.4263582067643383,5,45,690,1,18,1.9788318146199282
S07,W050,related,control,0.2830487228263371,5,85,737,1,16,1.3173838543012892
S07,W051,unrelated,control,0.2912642538060146,5,31,874,1,11,-0.33623604649530847
S07,W052,related,control,0.2221144455622858,6,99,770,1,14,0.6559358939826502
S07,W053,unrelated,control,1.5099166560295276,5,71,862,1,13,0.3252119138233306
S07,W054,related,control,-0.4557117009268119,7,32,1138,1,10,-0.666960026654628
S07,W055,unrelated,control,-0.8565905568902926,6,38,1111,1,11,-0.33623604649530847
S07,W056,related,control,-1.5572563778362285,6,44,1021,1,8,-1.328407986973267
S07,W057,unrelated,control,-0.9059093384605884,8,57,789,1,9,-0.9976840068139475
S07,W058,related,control,-1.6486942190789142,6,26,668,1,9,-0.9976840068139475
S07,W059,unrelated,control,-0.3001634484294758,6,8,581,1,12,-0.005512066335988933
S07,W060,related,control,-0.4724816193194414,5,69,763,1,12,-0.005512066335988933
S07,W061,unrelated,control,1.7395844656453046,5,60,873,1,19,2.3095557947792478
S07,W062,related,control,1.148113333746188,7,97,668,1,15,0.9866598741419697
S07,W063,unrelated,control,0.0350906934612753,6,6,733,1,15,0.9866598741419697
S07,W064,related,control,1.1068512013196057,4,70,753,1,14,0.6559358939826502
S07,W065,unrelated,control,-0.29377833954959,5,78,570,1,11,-0.33623604649530847
S07,W066,related,control,-0.8621267483079921,6,96,831,1,11,-0.33623604649530847
S07,W067,unrelated,control,-0.8004905870752745,5,15,1085,1,9,-0.9976840068139475
S07,W068,related,control,-0.6822716459168946,6,62,692,1,11,-0.33623604649530847
S07,W069,unrelated,control,-2.306145484861042,8,81,1253,1,6,-1.9898559472919062
S07,W070,related,control,-0.4692453518743268,6,111,930,1,10,-0.666960026654628
S07,W071,unrelated,control,-0.7186668647491127,7,42,670,1,13,0.3252119138233306
S07,W072,related,control,-1.8666945779672184,6,65,1235,1,8,-1.328407986973267
S07,W073,unrelated,control,0.891632901440497,6,90,966,1,15,0.9866598741419697
S07,W074,related,control,0.0035851005184451,7,3,784,1,13,0.3252119138233306
S07,W075,unrelated,control,-0.8296935917886239,8,63,919,1,11,-0.33623604649530847
S07,W076,related,control,0.0063453267125901,6,22,831,1,11,-0.33623604649530847
S07,W077,unrelated,control,-1.3756874142011304,6,34,722,1,7,-1.6591319671325866
S07,W078,related,control,-1.493333612226836,10,46,1248,0,8,-1.328407986973267
S07,W079,unrelated,control,0.1139469950564595,6,10,919,1,10,-0.666960026654628
S07,W080,related,control,0.4102184004835469,4,1,450,1,14,0.6559358939826502
S07,W081,unrelated,control,1.1191925348290213,6,9,750,1,17,1.6481078344606088
S07,W082,related,control,-0.0322703529262462,6,55,587,1,11,-0.33623604649530847
S07,W083,unrelated,control,0.1654914468887871,7,72,1278,1,14,0.6559358939826502
S07,W084,related,control,0.8719147743400757,7,101,780,1,12,-0.005512066335988933
S07,W085,unrelated,control,-0.8790583874314196,7,25,614,1,13,0.3252119138233306
S07,W086,related,control,-0.7905740078936522,7,73,774,1,8,-1.328407986973267
S07,W087,unrelated,control,0.5846936512450975,6,18,647,1,12,-0.005512066335988933
S07,W088,related,control,-0.8247875085796271,5,58,725,1,9,-0.9976840068139475
S07,W089,unrelated,control,-1.4798537261722209,8,106,983,1,10,-0.666960026654628
S07,W090,related,control,-0.5298687768050517,7,104,809,1,10,-0.666960026654628
S07,W091,unrelated,control,0.0199958773569514,6,61,809,1,13,0.3252119138233306
S07,W092,related,control,0.8827875457824161,5,75,862,1,16,1.3173838543012892
S07,W093,unrelated,control,-0.3951162220036792,6,27,706,1,11,-0.33623604649530847
S07,W094,related,control,-0.2729766410664055,6,30,1061,1,14,0.6559358939826502
S07,W095,unrelated,control,-0.8951685051880719,8,102,952,1,9,-0.9976840068139475
S07,W096,related,control,-0.4092407736087192,8,37,1125,0,11,-0.33623604649530847
S07,W097,unrelated,control,-0.0617302306989816,5,23,809,1,13,0.3252119138233306
S07,W098,related,control,-0.148276360874164,7,35,721,1,12,-0.005512066335988933
S07,W099,unrelated,control,-0.5593352549066585,6,49,729,1,11,-0.33623604649530847
S07,W100,related,control,0.942231995983134,6,59,784,0,14,0.6559358939826502
S07,W101,unrelated,control,-0.4764940879555429,6,52,1200,1,11,-0.33623604649530847
S07,W102,related,control,0.2909020541309749,6,87,676,1,12,-0.005512066335988933
S07,W103,unrelated,control,-0.5886379098238127,8,50,984,1,9,-0.9976840068139475
S07,W104,related,control,-0.1214698405936154,5,54,671,1,11,-0.33623604649530847
S07,W105,unrelated,control,0.9039757269248688,7,20,641,1,16,1.3173838543012892
S07,W106,related,control,0.9500663306709668,5,117,744,1,14,0.6559358939826502
S07,W107,unrelated,control,-0.1048038833831658,7,79,695,1,14,0.6559358939826502
S07,W108,related,control,1.0859079831560388,6,100,691,1,17,1.6481078344606088
S07,W109,unrelated,control,1.4716210444039308,4,7,813,1,16,1.3173838543012892
S07,W110,related,control,-0.6985479929330615,5,93,937,1,12,-0.005512066335988933
S07,W111,unrelated,control,0.0810520811925241,6,110,1012,1,12,-0.005512066335988933
S07,W112,related,control,-0.9707136954003068,6,48,677,1,12,-0.005512066335988933
S07,W113,unrelated,control,0.3016402314525866,7,21,729,1,12,-0.005512066335988933
S07,W114,related,control,0.2964810364202688,6,113,944,1,13,0.3252119138233306
S07,W115,unrelated,control,0.9454197977241208,5,82,623,1,14,0.6559358939826502
S07,W116,related,control,0.5722667365127202,5,95,897,1,13,0.3252119138233306
S07,W117,unrelated,control,-0.3562583501967622,6,64,1067,1,12,-0.005512066335988933
S07,W118,related,control,0.9249426975480984,4,36,577,1,14,0.6559358939826502
S07,W119,unrelated,control,-0.2589413440745218,7,47,893,1,12,-0.005512066335988933
S07,W120,related,control,-1.6613676983867645,7,116,741,1,7,-1.6591319671325866
S08,W001,related,control,-0.9139392237197596,6,101,672,1,8,-1.328407986973267
S08,W002,unrelated,control,0.1358238092024783,6,115,520,1,15,0.9866598741419697
S08,W003,related,control,0.0968317689390009,5,86,735,1,13,0.3252119138233306
S08,W004,unrelated,control,-1.3047661789528002,8,61,787,1,8,-1.328407986973267
S08,W005,related,control,0.4824205120703297,7,21,639,1,15,0.9866598741419697
S08,W006,unrelated,control,1.5453446713553585,5,1,655,1,18,1.9788318146199282
S08,W007,related,control,-0.6150774716989514,7,119,925,1,8,-1.328407986973267
S08,W008,unrelated,control,0.7371741115453434,5,34,696,1,14,0.6559358939826502
S08,W009,related,control,0.4367971257492582,5,99,524,1,16,1.3173838543012892
S08,W010,unrelated,control,0.5628372917200654,4,52,629,1,15,0.9866598741419697
S08,W011,related,control,0.0928637611052042,5,92,647,1,16,1.3173838543012892
S08,W012,unrelated,control,-1.017174296547943,7,72,848,1,5,-2.3205799274512255
S08,W013,related,control,-0.1757199187168372,5,7,691,1,13,0.3252119138233306
S08,W014,unrelated,control,-0.4670875917863192,7,80,769,1,10,-0.666960026654628
S08,W015,related,control,0.6376366034140181,4,104,1053,1,13,0.3252119138233306
S08,W016,unrelated,control,0.4758777000006875,6,60,636,1,15,0.9866598741419697
S08,W017,related,control,-1.1004086247447586,7,77,980,1,10,-0.666960026654628
S08,W018,unrelated,control,-0.0732480440826994,5,67,781,1,11,-0.33623604649530847
S08,W019,related,control,0.8377763169382735,5,36,942,1,17,1.6481078344606088
S08,W020,unrelated,control,-0.10953246691453,6,18,555,1,13,0.3252119138233306
S08,W021,related,control,0.1653741913649934,6,82,739,1,11,-0.33623604649530847
S08,W022,unrelated,control,-1.5613246312784643,7,20,1009,1,7,-1.6591319671325866
S08,W023,related,control,1.5516882128257177,4,31,638,1,18,1.9788318146199282
S08,W024,unrelated,control,0.6676736601563552,6,106,776,1,15,0.9866598741419697
S08,W025,related,control,-1.1003524346233824,6,58,915,1,9,-0.9976840068139475
S08,W026,unrelated,control,1.2547311434192785,5,49,1030,1,15,0.9866598741419697
S08,W027,related,control,0.2511535240099482,6,94,878,1,11,-0.33623604649530847
S08,W028,unrelated,control,-0.4744448584528069,6,22,769,1,10,-0.666960026654628
S08,W029,related,control,-0.034955592045138,6,30,864,1,11,-0.33623604649530847
S08,W030,unrelated,control,-1.2168271291729122,6,42,650,1,9,-0.9976840068139475
S08,W031,related,control,0.714619446660419,5,118,901,1,14,0.6559358939826502
S08,W032,unrelated,control,-1.3165830605078477,6,51,906,1,10,-0.666960026654628
S08,W033,related,control,-0.21523491523936,7,113,589,1,12,-0.005512066335988933
S08,W034,unrelated,control,-0.8773992307693209,5,32,643,0,10,-0.666960026654628
S08,W035,related,control,-0.5296422482991268,8,10,770,1,11,-0.33623604649530847
S08,W036,unrelated,control,-0.1884520533183292,7,9,627,1,13,0.3252119138233306
S08,W037,related,control,-1.1890454200315383,10,93,973,1,9,-0.9976840068139475
S08,W038,unrelated,control,0.956289262928874,5,46,569,1,16,1.3173838543012892
S08,W039,related,control,-1.409803501846958,9,5,722,1,9,-0.9976840068139475
S08,W040,unrelated,control,0.0326171911239126,7,15,739,1,14,0.6559358939826502
S08,W041,related,control,2.768124509357714,4,44,376,1,19,2.3095557947792478
S08,W042,unrelated,control,-2.051321246725728,8,17,892,0,7,-1.6591319671325866
S08,W043,related,control,-0.4642735130186097,7,33,706,1,12,-0.005512066335988933
S08,W044,unrelated,control,-0.074692481078299,5,68,670,1,11,-0.33623604649530847
S08,W045,related,control,-2.8603180515178988,8,87,832,1,2,-3.312751867929184
S08,W046,unrelated,control,0.2765126725847232,6,13,708,1,13,0.3252119138233306
S08,W047,related,control,0.0194756794538221,6,111,953,1,11,-0.33623604649530847
S08,W048,unrelated,control,0.9901168140194688,6,71,764,1,13,0.3252119138233306
S08,W049,related,control,1.4263582067643383,5,79,673,1,18,1.9788318146199282
S08,W050,unrelated,control,0.2830487228263371,5,100,644,1,16,1.3173838543012892
S08,W051,related,control,0.2912642538060146,5,107,616,1,11,-0.33623604649530847
S08,W052,unrelated,control,0.2221144455622858,6,120,695,1,14,0.6559358939826502
S08,W053,related,control,1.5099166560295276,5,37,603,1,13,0.3252119138233306
S08,W054,unrelated,control,-0.4557117009268119,7,103,685,1,10,-0.666960026654628
S08,W055,related,control,-0.8565905568902926,6,19,1294,1,11,-0.33623604649530847
S08,W056,unrelated,control,-1.5572563778362285,6,76,892,1,8,-1.328407986973267
S08,W057,related,control,-0.9059093384605884,8,55,768,1,9,-0.9976840068139475
S08,W058,unrelated,control,-1.6486942190789142,6,112,647,1,9,-0.9976840068139475
S08,W059,related,control,-0.3001634484294758,6,78,603,1,12,-0.005512066335988933
S08,W060,unrelated,control,-0.4724816193194414,5,66,639,1,12,-0.005512066335988933
S08,W061,related,control,1.7395844656453046,5,114,872,1,19,2.3095557947792478
S08,W062,unrelated,control,1.148113333746188,7,81,576,1,15,0.9866598741419697
S08,W063,related,control,0.0350906934612753,6,70,667,1,15,0.9866598741419697
S08,W064,unrelated,control,1.1068512013196057,4,48,589,1,14,0.6559358939826502
S08,W065,related,control,-0.29377833954959,5,96,608,1,11,-0.33623604649530847
S08,W066,unrelated,control,-0.8621267483079921,6,45,587,0,11,-0.33623604649530847
S08,W067,related,control,-0.8004905870752745,5,3,984,1,9,-0.9976840068139475
S08,W068,unrelated,control,-0.6822716459168946,6,53,594,1,11,-0.33623604649530847
S08,W069,related,control,-2.306145484861042,8,91,1179,1,6,-1.9898559472919062
S08,W070,unrelated,control,-0.4692453518743268,6,109,761,1,10,-0.666960026654628
S08,W071,related,control,-0.7186668647491127,7,95,570,1,13,0.3252119138233306
S08,W072,unrelated,control,-1.8666945779672184,6,63,1102,1,8,-1.328407986973267
S08,W073,related,control,0.891632901440497,6,83,809,0,15,0.9866598741419697
S08,W074,unrelated,control,0.0035851005184451,7,26,655,1,13,0.3252119138233306
S08,W075,related,control,-0.8296935917886239,8,117,831,1,11,-0.33623604649530847
S08,W076,unrelated,control,0.0063453267125901,6,110,591,1,11,-0.33623604649530847
S08,W077,related,control,-1.3756874142011304,6,41,590,1,7,-1.6591319671325866
S08,W078,unrelated,control,-1.493333612226836,10,29,829,1,8,-1.328407986973267
S08,W079,related,control,0.1139469950564595,6,102,784,1,10,-0.666960026654628
S08,W080,unrelated,control,0.4102184004835469,4,89,435,1,14,0.6559358939826502
S08,W081,related,control,1.1191925348290213,6,27,524,1,17,1.6481078344606088
S08,W082,unrelated,control,-0.0322703529262462,6,90,605,1,11,-0.33623604649530847
S08,W083,related,control,0.1654914468887871,7,23,1050,1,14,0.6559358939826502
S08,W084,unrelated,control,0.8719147743400757,7,39,541,1,12,-0.005512066335988933
S08,W085,related,control,-0.8790583874314196,7,8,539,1,13,0.3252119138233306
S08,W086,unrelated,control,-0.7905740078936522,7,25,782,1,8,-1.328407986973267
S08,W087,related,control,0.5846936512450975,6,54,476,1,12,-0.005512066335988933
S08,W088,unrelated,control,-0.8247875085796271,5,84,599,1,9,-0.9976840068139475
S08,W089,related,control,-1.4798537261722209,8,12,772,1,10,-0.666960026654628
S08,W090,unrelated,control,-0.5298687768050517,7,65,757,0,10,-0.666960026654628
S08,W091,related,control,0.0199958773569514,6,97,737,1,13,0.3252119138233306
S08,W092,unrelated,control,0.8827875457824161,5,16,677,1,16,1.3173838543012892
S08,W093,related,control,-0.3951162220036792,6,88,595,1,11,-0.33623604649530847
S08,W094,unrelated,control,-0.2729766410664055,6,50,831,1,14,0.6559358939826502
S08,W095,related,control,-0.8951685051880719,8,75,1132,1,9,-0.9976840068139475
S08,W096,unrelated,control,-0.4092407736087192,8,35,959,1,11,-0.33623604649530847
S08,W097,related,control,-0.0617302306989816,5,62,758,0,13,0.3252119138233306
S08,W098,unrelated,control,-0.148276360874164,7,14,691,0,12,-0.005512066335988933
S08,W099,related,control,-0.5593352549066585,6,73,737,1,11,-0.33623604649530847
S08,W100,unrelated,control,0.942231995983134,6,38,860,1,14,0.6559358939826502
S08,W101,related,control,-0.4764940879555429,6,43,1003,0,11,-0.33623604649530847
S08,W102,unrelated,control,0.2909020541309749,6,6,613,1,12,-0.005512066335988933
S08,W103,related,control,-0.5886379098238127,8,57,901,1,9,-0.9976840068139475
S08,W104,unrelated,control,-0.1214698405936154,5,69,583,1,11,-0.33623604649530847
S08,W105,related,control,0.9039757269248688,7,28,561,1,16,1.3173838543012892
S08,W106,unrelated,control,0.9500663306709668,5,47,726,1,14,0.6559358939826502
S08,W107,related,control,-0.1048038833831658,7,11,602,0,14,0.6559358939826502
S08,W108,unrelated,control,1.0859079831560388,6,116,551,1,17,1.6481078344606088
S08,W109,related,control,1.4716210444039308,4,24,561,1,16,1.3173838543012892
S08,W110,unrelated,control,-0.6985479929330615,5,59,1055,1,12,-0.005512066335988933
S08,W111,related,control,0.0810520811925241,6,74,832,1,12,-0.005512066335988933
S08,W112,unrelated,control,-0.9707136954003068,6,64,825,1,12,-0.005512066335988933
S08,W113,related,control,0.3016402314525866,7,85,529,1,12,-0.005512066335988933
S08,W114,unrelated,control,0.2964810364202688,6,4,598,1,13,0.3252119138233306
S08,W115,related,control,0.9454197977241208,5,56,659,1,14,0.6559358939826502
S08,W116,unrelated,control,0.5722667365127202,5,2,678,1,13,0.3252119138233306
S08,W117,related,control,-0.3562583501967622,6,40,1053,1,12,-0.005512066335988933
S08,W118,unrelated,control,0.9249426975480984,4,108,565,1,14,0.6559358939826502
S08,W119,related,control,-0.2589413440745218,7,105,802,1,12,-0.005512066335988933
S08,W120,unrelated,control,-1.6613676983867645,7,98,653,1,7,-1.6591319671325866
S09,W001,unrelated,control,-0.9139392237197596,6,37,602,1,8,-1.328407986973267
S09,W002,related,control,0.1358238092024783,6,80,516,1,15,0.9866598741419697
S09,W003,unrelated,control,0.0968317689390009,5,25,546,1,13,0.3252119138233306
S09,W004,related,control,-1.3047661789528002,8,7,605,1,8,-1.328407986973267
S09,W005,unrelated,control,0.4824205120703297,7,109,661,1,15,0.9866598741419697
S09,W006,related,control,1.5453446713553585,5,86,822,0,18,1.9788318146199282
S09,W007,unrelated,control,-0.6150774716989514,7,49,861,0,8,-1.328407986973267
S09,W008,related,control,0.7371741115453434,5,20,959,1,14,0.6559358939826502
S09,W009,unrelated,control,0.4367971257492582,5,77,451,1,16,1.3173838543012892
S09,W010,related,control,0.5628372917200654,4,69,594,1,15,0.9866598741419697
S09,W011,unrelated,control,0.0928637611052042,5,103,617,1,16,1.3173838543012892
S09,W012,related,control,-1.017174296547943,7,88,844,1,5,-2.3205799274512255
S09,W013,unrelated,control,-0.1757199187168372,5,63,617,1,13,0.3252119138233306
S09,W014,related,control,-0.4670875917863192,7,116,642,1,10,-0.666960026654628
S09,W015,unrelated,control,0.6376366034140181,4,91,797,0,13,0.3252119138233306
S09,W016,related,control,0.4758777000006875,6,22,688,1,15,0.9866598741419697
S09,W017,unrelated,control,-1.1004086247447586,7,97,781,1,10,-0.666960026654628
S09,W018,related,control,-0.0732480440826994,5,36,743,1,11,-0.33623604649530847
S09,W019,unrelated,control,0.8377763169382735,5,28,749,1,17,1.6481078344606088
S09,W020,related,control,-0.10953246691453,6,24,553,1,13,0.3252119138233306
S09,W021,unrelated,control,0.1653741913649934,6,90,564,1,11,-0.33623604649530847
S09,W022,related,control,-1.5613246312784643,7,30,930,1,7,-1.6591319671325866
S09,W023,unrelated,control,1.5516882128257177,4,31,536,1,18,1.9788318146199282
S09,W024,related,control,0.6676736601563552,6,38,649,1,15,0.9866598741419697
S09,W025,unrelated,control,-1.1003524346233824,6,115,758,1,9,-0.9976840068139475
S09,W026,related,control,1.2547311434192785,5,5,829,1,15,0.9866598741419697
S09,W027,unrelated,control,0.2511535240099482,6,9,947,1,11,-0.33623604649530847
S09,W028,related,control,-0.4744448584528069,6,42,605,1,10,-0.666960026654628
S09,W029,unrelated,control,-0.034955592045138,6,112,793,1,11,-0.33623604649530847
S09,W030,related,control,-1.2168271291729122,6,74,580,1,9,-0.9976840068139475
S09,W031,unrelated,control,0.714619446660419,5,33,837,0,14,0.6559358939826502
S09,W032,related,control,-1.3165830605078477,6,75,962,1,10,-0.666960026654628
S09,W033,unrelated,control,-0.21523491523936,7,16,625,1,12,-0.005512066335988933
S09,W034,related,control,-0.8773992307693209,5,53,485,1,10,-0.666960026654628
S09,W035,unrelated,control,-0.5296422482991268,8,58,885,1,11,-0.33623604649530847
S09,W036,related,control,-0.1884520533183292,7,81,504,1,13,0.3252119138233306
S09,W037,unrelated,control,-1.1890454200315383,10,14,725,1,9,-0.9976840068139475
S09,W038,related,control,0.956289262928874,5,27,594,1,16,1.3173838543012892
S09,W039,unrelated,control,-1.409803501846958,9,73,686,0,9,-0.9976840068139475
S09,W040,related,control,0.0326171911239126,7,41,734,1,14,0.6559358939826502
S09,W041,unrelated,control,2.768124509357714,4,106,329,1,19,2.3095557947792478
S09,W042,related,control,-2.051321246725728,8,93,908,0,7,-1.6591319671325866
S09,W043,unrelated,control,-0.4642735130186097,7,104,586,1,12,-0.005512066335988933
S09,W044,related,control,-0.074692481078299,5,118,648,1,11,-0.33623604649530847
S09,W045,unrelated,control,-2.8603180515178988,8,89,764,1,2,-3.312751867929184
S09,W046,related,control,0.2765126725847232,6,92,616,1,13,0.3252119138233306
S09,W047,unrelated,control,0.0194756794538221,6,98,856,1,11,-0.33623604649530847
S09,W048,related,control,0.9901168140194688,6,61,589,1,13,0.3252119138233306
S09,W049,unrelated,control,1.4263582067643383,5,26,587,1,18,1.9788318146199282
S09,W050,related,control,0.2830487228263371,5,114,511,1,16,1.3173838543012892
S09,W051,unrelated,control,0.2912642538060146,5,87,765,1,11,-0.33623604649530847
S09,W052,related,control,0.2221144455622858,6,102,666,1,14,0.6559358939826502
S09,W053,unrelated,control,1.5099166560295276,5,35,570,1,13,0.3252119138233306
S09,W054,related,control,-0.4557117009268119,7,51,831,1,10,-0.666960026654628
S09,W055,unrelated,control,-0.8565905568902926,6,99,939,1,11,-0.33623604649530847
S09,W056,related,control,-1.5572563778362285,6,1,764,1,8,-1.328407986973267
S09,W057,unrelated,control,-0.9059093384605884,8,10,683,0,9,-0.9976840068139475
S09,W058,related,control,-1.6486942190789142,6,47,547,0,9,-0.9976840068139475
S09,W059,unrelated,control,-0.3001634484294758,6,55,493,1,12,-0.005512066335988933
S09,W060,related,control,-0.4724816193194414,5,56,600,1,12,-0.005512066335988933
S09,W061,unrelated,control,1.7395844656453046,5,71,504,1,19,2.3095557947792478
S09,W062,related,control,1.148113333746188,7,6,547,1,15,0.9866598741419697
S09,W063,unrelated,control,0.0350906934612753,6,82,522,1,15,0.9866598741419697
S09,W064,related,control,1.1068512013196057,4,65,549,1,14,0.6559358939826502
S09,W065,unrelated,control,-0.29377833954959,5,62,582,1,11,-0.33623604649530847
S09,W066,related,control,-0.8621267483079921,6,83,572,1,11,-0.33623604649530847
S09,W067,unrelated,control,-0.8004905870752745,5,12,759,1,9,-0.9976840068139475
S09,W068,related,control,-0.6822716459168946,6,100,600,1,11,-0.33623604649530847
S09,W069,unrelated,control,-2.306145484861042,8,54,1192,1,6,-1.9898559472919062
S09,W070,related,control,-0.4692453518743268,6,32,763,1,10,-0.666960026654628
S09,W071,unrelated,control,-0.7186668647491127,7,21,545,1,13,0.3252119138233306
S09,W072,related,control,-1.8666945779672184,6,95,935,1,8,-1.328407986973267
S09,W073,unrelated,control,0.891632901440497,6,8,632,1,15,0.9866598741419697
S09,W074,related,control,0.0035851005184451,7,94,642,1,13,0.3252119138233306
S09,W075,unrelated,control,-0.8296935917886239,8,11,719,1,11,-0.33623604649530847
S09,W076,related,control,0.0063453267125901,6,59,634,1,11,-0.33623604649530847
S09,W077,unrelated,control,-1.3756874142011304,6,29,763,1,7,-1.6591319671325866
S09,W078,related,control,-1.493333612226836,10,85,783,1,8,-1.328407986973267
S09,W079,unrelated,control,0.1139469950564595,6,4,544,1,10,-0.666960026654628
S09,W080,related,control,0.4102184004835469,4,19,408,1,14,0.6559358939826502
S09,W081,unrelated,control,1.1191925348290213,6,57,498,1,17,1.6481078344606088
S09,W082,related,control,-0.0322703529262462,6,45,567,1,11,-0.33623604649530847
S09,W083,unrelated,control,0.1654914468887871,7,111,980,0,14,0.6559358939826502
S09,W084,related,control,0.8719147743400757,7,64,821,1,12,-0.005512066335988933
S09,W085,unrelated,control,-0.8790583874314196,7,76,499,1,13,0.3252119138233306
S09,W086,related,control,-0.7905740078936522,7,13,614,1,8,-1.328407986973267
S09,W087,unrelated,control,0.5846936512450975,6,50,352,1,12,-0.005512066335988933
S09,W088,related,control,-0.8247875085796271,5,46,658,1,9,-0.9976840068139475
S09,W089,unrelated,control,-1.4798537261722209,8,113,739,1,10,-0.666960026654628
S09,W090,related,control,-0.5298687768050517,7,107,753,1,10,-0.666960026654628
S09,W091,unrelated,control,0.0199958773569514,6,79,583,1,13,0.3252119138233306
S09,W092,related,control,0.8827875457824161,5,60,684,1,16,1.3173838543012892
S09,W093,unrelated,control,-0.3951162220036792,6,105,559,0,11,-0.33623604649530847
S09,W094,related,control,-0.2729766410664055,6,117,704,1,14,0.6559358939826502
S09,W095,unrelated,control,-0.8951685051880719,8,120,811,1,9,-0.9976840068139475
S09,W096,related,control,-0.4092407736087192,8,48,988,1,11,-0.33623604649530847
S09,W097,unrelated,control,-0.0617302306989816,5,17,683,0,13,0.3252119138233306
S09,W098,related,control,-0.148276360874164,7,70,704,1,12,-0.005512066335988933
S09,W099,unrelated,control,-0.5593352549066585,6,108,710,1,11,-0.33623604649530847
S09,W100,related,control,0.942231995983134,6,84,743,1,14,0.6559358939826502
S09,W101,unrelated,control,-0.4764940879555429,6,43,809,0,11,-0.33623604649530847
S09,W102,related,control,0.2909020541309749,6,119,559,1,12,-0.005512066335988933
S09,W103,unrelated,control,-0.5886379098238127,8,44,887,1,9,-0.9976840068139475
S09,W104,related,control,-0.1214698405936154,5,78,569,1,11,-0.33623604649530847
S09,W105,unrelated,control,0.9039757269248688,7,3,592,1,16,1.3173838543012892
S09,W106,related,control,0.9500663306709668,5,66,751,1,14,0.6559358939826502
S09,W107,unrelated,control,-0.1048038833831658,7,40,619,1,14,0.6559358939826502
S09,W108,related,control,1.0859079831560388,6,15,638,1,17,1.6481078344606088
S09,W109,unrelated,control,1.4716210444039308,4,72,613,1,16,1.3173838543012892
S09,W110,related,control,-0.6985479929330615,5,2,941,1,12,-0.005512066335988933
S09,W111,unrelated,control,0.0810520811925241,6,23,998,1,12,-0.005512066335988933
S09,W112,related,control,-0.9707136954003068,6,39,595,1,12,-0.005512066335988933
S09,W113,unrelated,control,0.3016402314525866,7,96,512,1,12,-0.005512066335988933
S09,W114,related,control,0.2964810364202688,6,101,656,0,13,0.3252119138233306
S09,W115,unrelated,control,0.9454197977241208,5,68,520,1,14,0.6559358939826502
S09,W116,related,control,0.5722667365127202,5,67,550,1,13,0.3252119138233306
S09,W117,unrelated,control,-0.3562583501967622,6,18,822,0,12,-0.005512066335988933
S09,W118,related,control,0.9249426975480984,4,110,412,1,14,0.6559358939826502
S09,W119,unrelated,control,-0.2589413440745218,7,34,611,1,12,-0.005512066335988933
S09,W120,related,control,-1.6613676983867645,7,52,662,0,7,-1.6591319671325866
S10,W001,related,control,-0.9139392237197596,6,108,512,1,8,-1.328407986973267
S10,W002,unrelated,control,0.1358238092024783,6,24,542,1,15,0.9866598741419697
S10,W003,related,control,0.0968317689390009,5,69,607,1,13,0.3252119138233306
S10,W004,unrelated,control,-1.3047661789528002,8,66,633,0,8,-1.328407986973267
S10,W005,related,control,0.4824205120703297,7,63,608,1,15,0.9866598741419697
S10,W006,unrelated,control,1.5453446713553585,5,46,791,1,18,1.9788318146199282
S10,W007,related,control,-0.6150774716989514,7,120,762,1,8,-1.328407986973267
S10,W008,unrelated,control,0.7371741115453434,5,86,677,1,14,0.6559358939826502
S10,W009,related,control,0.4367971257492582,5,49,438,1,16,1.3173838543012892
S10,W010,unrelated,control,0.5628372917200654,4,6,694,1,15,0.9866598741419697
S10,W011,related,control,0.0928637611052042,5,51,549,1,16,1.3173838543012892
S10,W012,unrelated,control,-1.017174296547943,7,10,731,0,5,-2.3205799274512255
S10,W013,related,control,-0.1757199187168372,5,73,577,1,13,0.3252119138233306
S10,W014,unrelated,control,-0.4670875917863192,7,56,669,1,10,-0.666960026654628
S10,W015,related,control,0.6376366034140181,4,68,744,0,13,0.3252119138233306
S10,W016,unrelated,control,0.4758777000006875,6,42,567,1,15,0.9866598741419697
S10,W017,related,control,-1.1004086247447586,7,26,681,1,10,-0.666960026654628
S10,W018,unrelated,control,-0.0732480440826994,5,106,486,0,11,-0.33623604649530847
S10,W019,related,control,0.8377763169382735,5,33,720,1,17,1.6481078344606088
S10,W020,unrelated,control,-0.10953246691453,6,3,443,1,13,0.3252119138233306
S10,W021,related,control,0.1653741913649934,6,8,530,1,11,-0.33623604649530847
S10,W022,unrelated,control,-1.5613246312784643,7,76,836,1,7,-1.6591319671325866
S10,W023,related,control,1.5516882128257177,4,84,531,1,18,1.9788318146199282
S10,W024,unrelated,control,0.6676736601563552,6,67,647,1,15,0.9866598741419697
S10,W025,related,control,-1.1003524346233824,6,27,811,1,9,-0.9976840068139475
S10,W026,unrelated,control,1.2547311434192785,5,99,699,1,15,0.9866598741419697
S10,W027,related,control,0.2511535240099482,6,47,883,1,11,-0.33623604649530847
S10,W028,unrelated,control,-0.4744448584528069,6,80,702,1,10,-0.666960026654628
S10,W029,related,control,-0.034955592045138,6,70,827,0,11,-0.33623604649530847
S10,W030,unrelated,control,-1.2168271291729122,6,11,676,0,9,-0.9976840068139475
S10,W031,related,control,0.714619446660419,5,44,638,1,14,0.6559358939826502
S10,W032,unrelated,control,-1.3165830605078477,6,61,784,1,10,-0.666960026654628
S10,W033,related,control,-0.21523491523936,7,81,492,1,12,-0.005512066335988933
S10,W034,unrelated,control,-0.8773992307693209,5,95,453,1,10,-0.666960026654628
S10,W035,related,control,-0.5296422482991268,8,50,698,1,11,-0.33623604649530847
S10,W036,unrelated,control,-0.1884520533183292,7,55,563,0,13,0.3252119138233306
S10,W037,related,control,-1.1890454200315383,10,102,734,0,9,-0.9976840068139475
S10,W038,unrelated,control,0.956289262928874,5,17,569,1,16,1.3173838543012892
S10,W039,related,control,-1.409803501846958,9,77,492,1,9,-0.9976840068139475
S10,W040,unrelated,control,0.0326171911239126,7,53,780,1,14,0.6559358939826502
S10,W041,related,control,2.768124509357714,4,34,310,1,19,2.3095557947792478
S10,W042,unrelated,control,-2.051321246725728,8,5,725,1,7,-1.6591319671325866
S10,W043,related,control,-0.4642735130186097,7,104,567,1,12,-0.005512066335988933
S10,W044,unrelated,control,-0.074692481078299,5,79,687,1,11,-0.33623604649530847
S10,W045,related,control,-2.8603180515178988,8,82,773,1,2,-3.312751867929184
S10,W046,unrelated,control,0.2765126725847232,6,58,556,1,13,0.3252119138233306
S10,W047,related,control,0.0194756794538221,6,78,719,0,11,-0.33623604649530847
S10,W048,unrelated,control,0.9901168140194688,6,54,532,1,13,0.3252119138233306
S10,W049,related,control,1.4263582067643383,5,90,550,1,18,1.9788318146199282
S10,W050,unrelated,control,0.2830487228263371,5,111,574,1,16,1.3173838543012892
S10,W051,related,control,0.2912642538060146,5,37,520,1,11,-0.33623604649530847
S10,W052,unrelated,control,0.2221144455622858,6,116,560,1,14,0.6559358939826502
S10,W053,related,control,1.5099166560295276,5,85,699,1,13,0.3252119138233306
S10,W054,unrelated,control,-0.4557117009268119,7,94,783,1,10,-0.666960026654628
S10,W055,related,control,-0.8565905568902926,6,13,820,1,11,-0.33623604649530847
S10,W056,unrelated,control,-1.5572563778362285,6,39,1023,1,8,-1.328407986973267
S10,W057,related,control,-0.9059093384605884,8,115,706,1,9,-0.9976840068139475
S10,W058,unrelated,control,-1.6486942190789142,6,83,507,1,9,-0.9976840068139475
S10,W059,related,control,-0.3001634484294758,6,45,583,1,12,-0.005512066335988933
S10,W060,unrelated,control,-0.4724816193194414,5,18,536,1,12,-0.005512066335988933
S10,W061,related,control,1.7395844656453046,5,36,568,1,19,2.3095557947792478
S10,W062,unrelated,control,1.148113333746188,7,118,471,1,15,0.9866598741419697
S10,W063,related,control,0.0350906934612753,6,103,472,1,15,0.9866598741419697
S10,W064,unrelated,control,1.1068512013196057,4,43,574,1,14,0.6559358939826502
S10,W065,related,control,-0.29377833954959,5,65,520,0,11,-0.33623604649530847
S10,W066,unrelated,control,-0.8621267483079921,6,64,671,1,11,-0.33623604649530847
S10,W067,related,control,-0.8004905870752745,5,112,691,1,9,-0.9976840068139475
S10,W068,unrelated,control,-0.6822716459168946,6,14,570,1,11,-0.33623604649530847
S10,W069,related,control,-2.306145484861042,8,75,628,1,6,-1.9898559472919062
S10,W070,unrelated,control,-0.4692453518743268,6,109,638,1,10,-0.666960026654628
S10,W071,related,control,-0.7186668647491127,7,91,635,0,13,0.3252119138233306
S10,W072,unrelated,control,-1.8666945779672184,6,23,1008,0,8,-1.328407986973267
S10,W073,related,control,0.891632901440497,6,29,703,1,15,0.9866598741419697
S10,W074,unrelated,control,0.0035851005184451,7,25,799,1,13,0.3252119138233306
S10,W075,related,control,-0.8296935917886239,8,59,578,1,11,-0.33623604649530847
S10,W076,unrelated,control,0.0063453267125901,6,96,528,1,11,-0.33623604649530847
S10,W077,related,control,-1.3756874142011304,6,16,497,1,7,-1.6591319671325866
S10,W078,unrelated,control,-1.493333612226836,10,114,744,1,8,-1.328407986973267
S10,W079,related,control,0.1139469950564595,6,31,692,1,10,-0.666960026654628
S10,W080,unrelated,control,0.4102184004835469,4,119,365,1,14,0.6559358939826502
S10,W081,related,control,1.1191925348290213,6,89,510,1,17,1.6481078344606088
S10,W082,unrelated,control,-0.0322703529262462,6,32,487,1,11,-0.33623604649530847
S10,W083,related,control,0.1654914468887871,7,62,770,0,14,0.6559358939826502
S10,W084,unrelated,control,0.8719147743400757,7,74,597,1,12,-0.005512066335988933
S10,W085,related,control,-0.8790583874314196,7,97,480,1,13,0.3252119138233306
S10,W086,unrelated,control,-0.7905740078936522,7,22,753,1,8,-1.328407986973267
S10,W087,related,control,0.5846936512450975,6,107,399,1,12,-0.005512066335988933
S10,W088,unrelated,control,-0.8247875085796271,5,105,645,1,9,-0.9976840068139475
S10,W089,related,control,-1.4798537261722209,8,15,714,1,10,-0.666960026654628
S10,W090,unrelated,control,-0.5298687768050517,7,110,579,1,10,-0.666960026654628
S10,W091,related,control,0.0199958773569514,6,35,498,1,13,0.3252119138233306
S10,W092,unrelated,control,0.8827875457824161,5,9,580,1,16,1.3173838543012892
S10,W093,related,control,-0.3951162220036792,6,101,487,0,11,-0.33623604649530847
S10,W094,unrelated,control,-0.2729766410664055,6,113,622,0,14,0.6559358939826502
S10,W095,related,control,-0.8951685051880719,8,88,763,0,9,-0.9976840068139475
S10,W096,unrelated,control,-0.4092407736087192,8,98,908,1,11,-0.33623604649530847
S10,W097,related,control,-0.0617302306989816,5,28,527,1,13,0.3252119138233306
S10,W098,unrelated,control,-0.148276360874164,7,71,574,1,12,-0.005512066335988933
S10,W099,related,control,-0.5593352549066585,6,38,683,1,11,-0.33623604649530847
S10,W100,unrelated,control,0.942231995983134,6,40,711,1,14,0.6559358939826502
S10,W101,related,control,-0.4764940879555429,6,21,682,1,11,-0.33623604649530847
S10,W102,unrelated,control,0.2909020541309749,6,48,499,1,12,-0.005512066335988933
S10,W103,related,control,-0.5886379098238127,8,52,653,1,9,-0.9976840068139475
S10,W104,unrelated,control,-0.1214698405936154,5,4,534,1,11,-0.33623604649530847
S10,W105,related,control,0.9039757269248688,7,19,529,0,16,1.3173838543012892
S10,W106,unrelated,control,0.9500663306709668,5,117,584,1,14,0.6559358939826502
S10,W107,related,control,-0.1048038833831658,7,93,587,1,14,0.6559358939826502
S10,W108,unrelated,control,1.0859079831560388,6,1,488,1,17,1.6481078344606088
S10,W109,related,control,1.4716210444039308,4,41,559,1,16,1.3173838543012892
S10,W110,unrelated,control,-0.6985479929330615,5,7,813,0,12,-0.005512066335988933
S10,W111,related,control,0.0810520811925241,6,100,845,1,12,-0.005512066335988933
S10,W112,unrelated,control,-0.9707136954003068,6,30,749,1,12,-0.005512066335988933
S10,W113,related,control,0.3016402314525866,7,20,378,0,12,-0.005512066335988933
S10,W114,unrelated,control,0.2964810364202688,6,57,628,1,13,0.3252119138233306
S10,W115,related,control,0.9454197977241208,5,87,454,1,14,0.6559358939826502
S10,W116,unrelated,control,0.5722667365127202,5,2,603,0,13,0.3252119138233306
S10,W117,related,control,-0.3562583501967622,6,12,852,1,12,-0.005512066335988933
S10,W118,unrelated,control,0.9249426975480984,4,60,443,1,14,0.6559358939826502
S10,W119,related,control,-0.2589413440745218,7,72,648,1,12,-0.005512066335988933
S10,W120,unrelated,control,-1.6613676983867645,7,92,634,0,7,-1.6591319671325866
S11,W001,unrelated,control,-0.9139392237197596,6,92,674,1,8,-1.328407986973267
S11,W002,related,control,0.1358238092024783,6,85,653,1,15,0.9866598741419697
S11,W003,unrelated,control,0.0968317689390009,5,32,752,1,13,0.3252119138233306
S11,W004,related,control,-1.3047661789528002,8,48,681,1,8,-1.328407986973267
S11,W005,unrelated,control,0.4824205120703297,7,93,706,1,15,0.9866598741419697
S11,W006,related,control,1.5453446713553585,5,3,845,1,18,1.9788318146199282
S11,W007,unrelated,control,-0.6150774716989514,7,25,785,1,8,-1.328407986973267
S11,W008,related,control,0.7371741115453434,5,117,917,1,14,0.6559358939826502
S11,W009,unrelated,control,0.4367971257492582,5,8,480,1,16,1.3173838543012892
S11,W010,related,control,0.5628372917200654,4,119,482,1,15,0.9866598741419697
S11,W011,unrelated,control,0.0928637611052042,5,91,708,1,16,1.3173838543012892
S11,W012,related,control,-1.017174296547943,7,56,774,1,5,-2.3205799274512255
S11,W013,unrelated,control,-0.1757199187168372,5,83,736,0,13,0.3252119138233306
S11,W014,related,control,-0.4670875917863192,7,78,728,1,10,-0.666960026654628
S11,W015,unrelated,control,0.6376366034140181,4,66,1105,0,13,0.3252119138233306
S11,W016,related,control,0.4758777000006875,6,77,482,1,15,0.9866598741419697
S11,W017,unrelated,control,-1.1004086247447586,7,46,1059,1,10,-0.666960026654628
S11,W018,related,control,-0.0732480440826994,5,45,687,0,11,-0.33623604649530847
S11,W019,unrelated,control,0.8377763169382735,5,69,918,0,17,1.6481078344606088
S11,W020,related,control,-0.10953246691453,6,60,444,1,13,0.3252119138233306
S11,W021,unrelated,control,0.1653741913649934,6,39,664,1,11,-0.33623604649530847
S11,W022,related,control,-1.5613246312784643,7,5,929,1,7,-1.6591319671325866
S11,W023,unrelated,control,1.5516882128257177,4,11,659,1,18,1.9788318146199282
S11,W024,related,control,0.6676736601563552,6,107,684,1,15,0.9866598741419697
S11,W025,unrelated,control,-1.1003524346233824,6,109,957,1,9,-0.9976840068139475
S11,W026,related,control,1.2547311434192785,5,52,883,1,15,0.9866598741419697
S11,W027,unrelated,control,0.2511535240099482,6,15,1099,1,11,-0.33623604649530847
S11,W028,related,control,-0.4744448584528069,6,13,736,1,10,-0.666960026654628
S11,W029,unrelated,control,-0.034955592045138,6,90,1091,1,11,-0.33623604649530847
S11,W030,related,control,-1.2168271291729122,6,20,569,1,9,-0.9976840068139475
S11,W031,unrelated,control,0.714619446660419,5,61,912,1,14,0.6559358939826502
S11,W032,related,control,-1.3165830605078477,6,27,843,1,10,-0.666960026654628
S11,W033,unrelated,control,-0.21523491523936,7,105,724,1,12,-0.005512066335988933
S11,W034,related,control,-0.8773992307693209,5,4,513,1,10,-0.666960026654628
S11,W035,unrelated,control,-0.5296422482991268,8,55,831,1,11,-0.33623604649530847
S11,W036,related,control,-0.1884520533183292,7,34,534,1,13,0.3252119138233306
S11,W037,unrelated,control,-1.1890454200315383,10,23,918,1,9,-0.9976840068139475
S11,W038,related,control,0.956289262928874,5,80,662,1,16,1.3173838543012892
S11,W039,unrelated,control,-1.409803501846958,9,65,733,1,9,-0.9976840068139475
S11,W040,related,control,0.0326171911239126,7,21,630,1,14,0.6559358939826502
S11,W041,unrelated,control,2.768124509357714,4,1,407,1,19,2.3095557947792478
S11,W042,related,control,-2.051321246725728,8,28,802,1,7,-1.6591319671325866
S11,W043,unrelated,control,-0.4642735130186097,7,67,817,1,12,-0.005512066335988933
S11,W044,related,control,-0.074692481078299,5,2,583,1,11,-0.33623604649530847
S11,W045,unrelated,control,-2.8603180515178988,8,22,1114,1,2,-3.312751867929184
S11,W046,related,control,0.2765126725847232,6,44,751,1,13,0.3252119138233306
S11,W047,unrelated,control,0.0194756794538221,6,98,843,1,11,-0.33623604649530847
S11,W048,related,control,0.9901168140194688,6,106,490,1,13,0.3252119138233306
S11,W049,unrelated,control,1.4263582067643383,5,33,580,1,18,1.9788318146199282
S11,W050,related,control,0.2830487228263371,5,9,599,1,16,1.3173838543012892
S11,W051,unrelated,control,0.2912642538060146,5,75,688,1,11,-0.33623604649530847
S11,W052,related,control,0.2221144455622858,6,31,729,1,14,0.6559358939826502
S11,W053,unrelated,control,1.5099166560295276,5,86,822,1,13,0.3252119138233306
S11,W054,related,control,-0.4557117009268119,7,18,746,1,10,-0.666960026654628
S11,W055,unrelated,control,-0.8565905568902926,6,112,1471,0,11,-0.33623604649530847
S11,W056,related,control,-1.5572563778362285,6,37,788,1,8,-1.328407986973267
S11,W057,unrelated,control,-0.9059093384605884,8,26,757,0,9,-0.9976840068139475
S11,W058,related,control,-1.6486942190789142,6,16,559,1,9,-0.9976840068139475
S11,W059,unrelated,control,-0.3001634484294758,6,87,671,1,12,-0.005512066335988933
S11,W060,related,control,-0.4724816193194414,5,71,706,0,12,-0.005512066335988933
S11,W061,unrelated,control,1.7395844656453046,5,54,736,1,19,2.3095557947792478
S11,W062,related,control,1.148113333746188,7,120,713,1,15,0.9866598741419697
S11,W063,unrelated,control,0.0350906934612753,6,100,539,1,15,0.9866598741419697
S11,W064,related,control,1.1068512013196057,4,35,583,1,14,0.6559358939826502
S11,W065,unrelated,control,-0.29377833954959,5,104,550,1,11,-0.33623604649530847
S11,W066,related,control,-0.8621267483079921,6,47,632,1,11,-0.33623604649530847
S11,W067,unrelated,control,-0.8004905870752745,5,17,841,1,9,-0.9976840068139475
S11,W068,related,control,-0.6822716459168946,6,19,573,1,11,-0.33623604649530847
S11,W069,unrelated,control,-2.306145484861042,8,63,1268,1,6,-1.9898559472919062
S11,W070,related,control,-0.4692453518743268,6,114,705,1,10,-0.666960026654628
S11,W071,unrelated,control,-0.7186668647491127,7,79,657,1,13,0.3252119138233306
S11,W072,related,control,-1.8666945779672184,6,82,1006,1,8,-1.328407986973267
S11,W073,unrelated,control,0.891632901440497,6,115,718,1,15,0.9866598741419697
S11,W074,related,control,0.0035851005184451,7,53,764,1,13,0.3252119138233306
S11,W075,unrelated,control,-0.8296935917886239,8,62,667,1,11,-0.33623604649530847
S11,W076,related,control,0.0063453267125901,6,70,610,1,11,-0.33623604649530847
S11,W077,unrelated,control,-1.3756874142011304,6,49,893,1,7,-1.6591319671325866
S11,W078,related,control,-1.493333612226836,10,102,780,1,8,-1.328407986973267
S11,W079,unrelated,control,0.1139469950564595,6,36,765,1,10,-0.666960026654628
S11,W080,related,control,0.4102184004835469,4,14,401,1,14,0.6559358939826502
S11,W081,unrelated,control,1.1191925348290213,6,103,589,1,17,1.6481078344606088
S11,W082,related,control,-0.0322703529262462,6,81,455,1,11,-0.33623604649530847
S11,W083,unrelated,control,0.1654914468887871,7,89,1181,1,14,0.6559358939826502
S11,W084,related,control,0.8719147743400757,7,7,541,1,12,-0.005512066335988933
S11,W085,unrelated,control,-0.8790583874314196,7,59,578,1,13,0.3252119138233306
S11,W086,related,control,-0.7905740078936522,7,110,566,1,8,-1.328407986973267
S11,W087,unrelated,control,0.5846936512450975,6,43,550,1,12,-0.005512066335988933
S11,W088,related,control,-0.8247875085796271,5,88,425,1,9,-0.9976840068139475
S11,W089,unrelated,control,-1.4798537261722209,8,12,839,1,10,-0.666960026654628
S11,W090,related,control,-0.5298687768050517,7,74,712,1,10,-0.666960026654628
S11,W091,unrelated,control,0.0199958773569514,6,68,668,1,13,0.3252119138233306
S11,W092,related,control,0.8827875457824161,5,97,560,1,16,1.3173838543012892
S11,W093,unrelated,control,-0.3951162220036792,6,95,681,1,11,-0.33623604649530847
S11,W094,related,control,-0.2729766410664055,6,58,717,1,14,0.6559358939826502
S11,W095,unrelated,control,-0.8951685051880719,8,99,991,1,9,-0.9976840068139475
S11,W096,related,control,-0.4092407736087192,8,96,936,1,11,-0.33623604649530847
S11,W097,unrelated,control,-0.0617302306989816,5,24,676,1,13,0.3252119138233306
S11,W098,related,control,-0.148276360874164,7,64,523,1,12,-0.005512066335988933
S11,W099,unrelated,control,-0.5593352549066585,6,113,697,1,11,-0.33623604649530847
S11,W100,related,control,0.942231995983134,6,73,674,1,14,0.6559358939826502
S11,W101,unrelated,control,-0.4764940879555429,6,42,983,1,11,-0.33623604649530847
S11,W102,related,control,0.2909020541309749,6,57,540,1,12,-0.005512066335988933
S11,W103,unrelated,control,-0.5886379098238127,8,50,711,1,9,-0.9976840068139475
S11,W104,related,control,-0.1214698405936154,5,10,566,1,11,-0.33623604649530847
S11,W105,unrelated,control,0.9039757269248688,7,29,539,1,16,1.3173838543012892
S11,W106,related,control,0.9500663306709668,5,38,729,1,14,0.6559358939826502
S11,W107,unrelated,control,-0.1048038833831658,7,108,787,1,14,0.6559358939826502
S11,W108,related,control,1.0859079831560388,6,6,565,0,17,1.6481078344606088
S11,W109,unrelated,control,1.4716210444039308,4,116,703,1,16,1.3173838543012892
S11,W110,related,control,-0.6985479929330615,5,40,1087,1,12,-0.005512066335988933
S11,W111,unrelated,control,0.0810520811925241,6,118,1043,1,12,-0.005512066335988933
S11,W112,related,control,-0.9707136954003068,6,76,648,1,12,-0.005512066335988933
S11,W113,unrelated,control,0.3016402314525866,7,101,614,1,12,-0.005512066335988933
S11,W114,related,control,0.2964810364202688,6,30,686,1,13,0.3252119138233306
S11,W115,unrelated,control,0.9454197977241208,5,41,652,1,14,0.6559358939826502
S11,W116,related,control,0.5722667365127202,5,94,742,1,13,0.3252119138233306
S11,W117,unrelated,control,-0.3562583501967622,6,72,833,1,12,-0.005512066335988933
S11,W118,related,control,0.9249426975480984,4,84,487,1,14,0.6559358939826502
S11,W119,unrelated,control,-0.2589413440745218,7,51,866,1,12,-0.005512066335988933
S11,W120,related,control,-1.6613676983867645,7,111,648,1,7,-1.6591319671325866
S12,W001,related,control,-0.9139392237197596,6,84,330,1,8,-1.328407986973267
S12,W002,unrelated,control,0.1358238092024783,6,120,338,1,15,0.9866598741419697
S12,W003,related,control,0.0968317689390009,5,10,354,1,13,0.3252119138233306
S12,W004,unrelated,control,-1.3047661789528002,8,82,516,1,8,-1.328407986973267
S12,W005,related,control,0.4824205120703297,7,73,426,1,15,0.9866598741419697
S12,W006,unrelated,control,1.5453446713553585,5,85,435,1,18,1.9788318146199282
S12,W007,related,control,-0.6150774716989514,7,57,537,1,8,-1.328407986973267
S12,W008,unrelated,control,0.7371741115453434,5,69,543,1,14,0.6559358939826502
S12,W009,related,control,0.4367971257492582,5,9,316,1,16,1.3173838543012892
S12,W010,unrelated,control,0.5628372917200654,4,17,307,1,15,0.9866598741419697
S12,W011,related,control,0.0928637611052042,5,52,376,1,16,1.3173838543012892
S12,W012,unrelated,control,-1.017174296547943,7,60,468,1,5,-2.3205799274512255
S12,W013,related,control,-0.1757199187168372,5,75,419,1,13,0.3252119138233306
S12,W014,unrelated,control,-0.4670875917863192,7,42,474,1,10,-0.666960026654628
S12,W015,related,control,0.6376366034140181,4,41,602,1,13,0.3252119138233306
S12,W016,unrelated,control,0.4758777000006875,6,61,375,1,15,0.9866598741419697
S12,W017,related,control,-1.1004086247447586,7,29,484,1,10,-0.666960026654628
S12,W018,unrelated,control,-0.0732480440826994,5,95,425,1,11,-0.33623604649530847
S12,W019,related,control,0.8377763169382735,5,36,604,1,17,1.6481078344606088
S12,W020,unrelated,control,-0.10953246691453,6,43,329,1,13,0.3252119138233306
S12,W021,related,control,0.1653741913649934,6,25,515,1,11,-0.33623604649530847
S12,W022,unrelated,control,-1.5613246312784643,7,15,690,1,7,-1.6591319671325866
S12,W023,related,control,1.5516882128257177,4,59,460,1,18,1.9788318146199282
S12,W024,unrelated,control,0.6676736601563552,6,53,483,1,15,0.9866598741419697
S12,W025,related,control,-1.1003524346233824,6,32,536,1,9,-0.9976840068139475
S12,W026,unrelated,control,1.2547311434192785,5,19,604,0,15,0.9866598741419697
S12,W027,related,control,0.2511535240099482,6,67,676,1,11,-0.33623604649530847
S12,W028,unrelated,control,-0.4744448584528069,6,27,468,1,10,-0.666960026654628
S12,W029,related,control,-0.034955592045138,6,48,471,1,11,-0.33623604649530847
S12,W030,unrelated,control,-1.2168271291729122,6,109,418,0,9,-0.9976840068139475
S12,W031,related,control,0.714619446660419,5,63,627,1,14,0.6559358939826502
S12,W032,unrelated,control,-1.3165830605078477,6,33,459,1,10,-0.666960026654628
S12,W033,related,control,-0.21523491523936,7,54,375,1,12,-0.005512066335988933
S12,W034,unrelated,control,-0.8773992307693209,5,101,329,1,10,-0.666960026654628
S12,W035,related,control,-0.5296422482991268,8,6,603,1,11,-0.33623604649530847
S12,W036,unrelated,control,-0.1884520533183292,7,87,364,1,13,0.3252119138233306
S12,W037,related,control,-1.1890454200315383,10,83,530,1,9,-0.9976840068139475
S12,W038,unrelated,control,0.956289262928874,5,47,426,1,16,1.3173838543012892
S12,W039,related,control,-1.409803501846958,9,20,297,1,9,-0.9976840068139475
S12,W040,unrelated,control,0.0326171911239126,7,104,406,0,14,0.6559358939826502
S12,W041,related,control,2.768124509357714,4,49,236,1,19,2.3095557947792478
S12,W042,unrelated,control,-2.051321246725728,8,28,603,1,7,-1.6591319671325866
S12,W043,related,control,-0.4642735130186097,7,116,372,1,12,-0.005512066335988933
S12,W044,unrelated,control,-0.074692481078299,5,117,406,1,11,-0.33623604649530847
S12,W045,related,control,-2.8603180515178988,8,103,459,1,2,-3.312751867929184
S12,W046,unrelated,control,0.2765126725847232,6,88,459,1,13,0.3252119138233306
S12,W047,related,control,0.0194756794538221,6,76,498,1,11,-0.33623604649530847
S12,W048,unrelated,control,0.9901168140194688,6,55,382,1,13,0.3252119138233306
S12,W049,related,control,1.4263582067643383,5,68,477,1,18,1.9788318146199282
S12,W050,unrelated,control,0.2830487228263371,5,118,384,1,16,1.3173838543012892
S12,W051,related,control,0.2912642538060146,5,5,358,1,11,-0.33623604649530847
S12,W052,unrelated,control,0.2221144455622858,6,14,457,1,14,0.6559358939826502
S12,W053,related,control,1.5099166560295276,5,90,387,1,13,0.3252119138233306
S12,W054,unrelated,control,-0.4557117009268119,7,51,458,1,10,-0.666960026654628
S12,W055,related,control,-0.8565905568902926,6,108,612,1,11,-0.33623604649530847
S12,W056,unrelated,control,-1.5572563778362285,6,24,553,1,8,-1.328407986973267
S12,W057,related,control,-0.9059093384605884,8,1,377,1,9,-0.9976840068139475
S12,W058,unrelated,control,-1.6486942190789142,6,77,383,1,9,-0.9976840068139475
S12,W059,related,control,-0.3001634484294758,6,115,380,1,12,-0.005512066335988933
S12,W060,unrelated,control,-0.4724816193194414,5,35,420,1,12,-0.005512066335988933
S12,W061,related,control,1.7395844656453046,5,93,481,1,19,2.3095557947792478
S12,W062,unrelated,control,1.148113333746188,7,45,433,1,15,0.9866598741419697
S12,W063,related,control,0.0350906934612753,6,50,319,1,15,0.9866598741419697
S12,W064,unrelated,control,1.1068512013196057,4,31,379,1,14,0.6559358939826502
S12,W065,related,control,-0.29377833954959,5,86,343,1,11,-0.33623604649530847
S12,W066,unrelated,control,-0.8621267483079921,6,94,390,1,11,-0.33623604649530847
S12,W067,related,control,-0.8004905870752745,5,13,589,1,9,-0.9976840068139475
S12,W068,unrelated,control,-0.6822716459168946,6,72,355,1,11,-0.33623604649530847
S12,W069,related,control,-2.306145484861042,8,92,543,1,6,-1.9898559472919062
S12,W070,unrelated,control,-0.4692453518743268,6,80,357,1,10,-0.666960026654628
S12,W071,related,control,-0.7186668647491127,7,58,352,1,13,0.3252119138233306
S12,W072,unrelated,control,-1.8666945779672184,6,46,625,1,8,-1.328407986973267
S12,W073,related,control,0.891632901440497,6,89,471,1,15,0.9866598741419697
S12,W074,unrelated,control,0.0035851005184451,7,71,483,1,13,0.3252119138233306
S12,W075,related,control,-0.8296935917886239,8,11,460,1,11,-0.33623604649530847
S12,W076,unrelated,control,0.0063453267125901,6,107,377,1,11,-0.33623604649530847
S12,W077,related,control,-1.3756874142011304,6,105,408,1,7,-1.6591319671325866
S12,W078,unrelated,control,-1.493333612226836,10,44,449,1,8,-1.328407986973267
S12,W079,related,control,0.1139469950564595,6,23,470,1,10,-0.666960026654628
S12,W080,unrelated,control,0.4102184004835469,4,12,302,1,14,0.6559358939826502
S12,W081,related,control,1.1191925348290213,6,99,373,1,17,1.6481078344606088
S12,W082,unrelated,control,-0.0322703529262462,6,111,390,1,11,-0.33623604649530847
S12,W083,related,control,0.1654914468887871,7,37,686,1,14,0.6559358939826502
S12,W084,unrelated,control,0.8719147743400757,7,114,358,1,12,-0.005512066335988933
S12,W085,related,control,-0.8790583874314196,7,2,350,1,13,0.3252119138233306
S12,W086,unrelated,control,-0.7905740078936522,7,102,566,1,8,-1.328407986973267
S12,W087,related,control,0.5846936512450975,6,56,298,1,12,-0.005512066335988933
S12,W088,unrelated,control,-0.8247875085796271,5,100,336,1,9,-0.9976840068139475
S12,W089,related,control,-1.4798537261722209,8,91,438,1,10,-0.666960026654628
S12,W090,unrelated,control,-0.5298687768050517,7,113,494,1,10,-0.666960026654628
S12,W091,related,control,0.0199958773569514,6,18,393,1,13,0.3252119138233306
S12,W092,unrelated,control,0.8827875457824161,5,38,447,1,16,1.3173838543012892
S12,W093,related,control,-0.3951162220036792,6,81,411,1,11,-0.33623604649530847
S12,W094,unrelated,control,-0.2729766410664055,6,64,529,1,14,0.6559358939826502
S12,W095,related,control,-0.8951685051880719,8,4,617,1,9,-0.9976840068139475
S12,W096,unrelated,control,-0.4092407736087192,8,110,864,1,11,-0.33623604649530847
S12,W097,related,control,-0.0617302306989816,5,7,393,1,13,0.3252119138233306
S12,W098,unrelated,control,-0.148276360874164,7,97,427,1,12,-0.005512066335988933
S12,W099,related,control,-0.5593352549066585,6,112,505,1,11,-0.33623604649530847
S12,W100,unrelated,control,0.942231995983134,6,74,416,1,14,0.6559358939826502
S12,W101,related,control,-0.4764940879555429,6,40,501,1,11,-0.33623604649530847
S12,W102,unrelated,control,0.2909020541309749,6,39,433,1,12,-0.005512066335988933
S12,W103,related,control,-0.5886379098238127,8,98,479,1,9,-0.9976840068139475
S12,W104,unrelated,control,-0.1214698405936154,5,66,338,1,11,-0.33623604649530847
S12,W105,related,control,0.9039757269248688,7,78,448,1,16,1.3173838543012892
S12,W106,unrelated,control,0.9500663306709668,5,22,483,1,14,0.6559358939826502
S12,W107,related,control,-0.1048038833831658,7,3,406,1,14,0.6559358939826502
S12,W108,unrelated,control,1.0859079831560388,6,79,279,1,17,1.6481078344606088
S12,W109,related,control,1.4716210444039308,4,34,488,1,16,1.3173838543012892
S12,W110,unrelated,control,-0.6985479929330615,5,8,641,1,12,-0.005512066335988933
S12,W111,related,control,0.0810520811925241,6,26,733,1,12,-0.005512066335988933
S12,W112,unrelated,control,-0.9707136954003068,6,119,447,1,12,-0.005512066335988933
S12,W113,related,control,0.3016402314525866,7,65,361,1,12,-0.005512066335988933
S12,W114,unrelated,control,0.2964810364202688,6,62,356,1,13,0.3252119138233306
S12,W115,related,control,0.9454197977241208,5,70,339,1,14,0.6559358939826502
S12,W116,unrelated,control,0.5722667365127202,5,106,445,1,13,0.3252119138233306
S12,W117,related,control,-0.3562583501967622,6,21,568,1,12,-0.005512066335988933
S12,W118,unrelated,control,0.9249426975480984,4,30,226,1,14,0.6559358939826502
S12,W119,related,control,-0.2589413440745218,7,96,469,1,12,-0.005512066335988933
S12,W120,unrelated,control,-1.6613676983867645,7,16,456,1,7,-1.6591319671325866
S13,W001,unrelated,control,-0.9139392237197596,6,62,643,1,8,-1.328407986973267
S13,W002,related,control,0.1358238092024783,6,51,497,1,15,0.9866598741419697
S13,W003,unrelated,control,0.0968317689390009,5,48,629,1,13,0.3252119138233306
S13,W004,related,control,-1.3047661789528002,8,36,664,1,8,-1.328407986973267
S13,W005,unrelated,control,0.4824205120703297,7,102,524,1,15,0.9866598741419697
S13,W006,related,control,1.5453446713553585,5,109,739,1,18,1.9788318146199282
S13,W007,unrelated,control,-0.6150774716989514,7,45,825,1,8,-1.328407986973267
S13,W008,related,control,0.7371741115453434,5,92,813,1,14,0.6559358939826502
S13,W009,unrelated,control,0.4367971257492582,5,37,561,1,16,1.3173838543012892
S13,W010,related,control,0.5628372917200654,4,72,418,1,15,0.9866598741419697
S13,W011,unrelated,control,0.0928637611052042,5,6,630,1,16,1.3173838543012892
S13,W012,related,control,-1.017174296547943,7,65,673,1,5,-2.3205799274512255
S13,W013,unrelated,control,-0.1757199187168372,5,120,541,1,13,0.3252119138233306
S13,W014,related,control,-0.4670875917863192,7,44,599,1,10,-0.666960026654628
S13,W015,unrelated,control,0.6376366034140181,4,93,803,1,13,0.3252119138233306
S13,W016,related,control,0.4758777000006875,6,90,578,1,15,0.9866598741419697
S13,W017,unrelated,control,-1.1004086247447586,7,8,888,1,10,-0.666960026654628
S13,W018,related,control,-0.0732480440826994,5,32,475,1,11,-0.33623604649530847
S13,W019,unrelated,control,0.8377763169382735,5,108,736,1,17,1.6481078344606088
S13,W020,related,control,-0.10953246691453,6,28,439,1,13,0.3252119138233306
S13,W021,unrelated,control,0.1653741913649934,6,21,630,1,11,-0.33623604649530847
S13,W022,related,control,-1.5613246312784643,7,34,878,0,7,-1.6591319671325866
S13,W023,unrelated,control,1.5516882128257177,4,25,587,1,18,1.9788318146199282
S13,W024,related,control,0.6676736601563552,6,88,616,1,15,0.9866598741419697
S13,W025,unrelated,control,-1.1003524346233824,6,96,864,0,9,-0.9976840068139475
S13,W026,related,control,1.2547311434192785,5,22,867,1,15,0.9866598741419697
S13,W027,unrelated,control,0.2511535240099482,6,1,881,1,11,-0.33623604649530847
S13,W028,related,control,-0.4744448584528069,6,9,593,1,10,-0.666960026654628
S13,W029,unrelated,control,-0.034955592045138,6,16,731,1,11,-0.33623604649530847
S13,W030,related,control,-1.2168271291729122,6,95,531,1,9,-0.9976840068139475
S13,W031,unrelated,control,0.714619446660419,5,33,861,1,14,0.6559358939826502
S13,W032,related,control,-1.3165830605078477,6,20,674,1,10,-0.666960026654628
S13,W033,unrelated,control,-0.21523491523936,7,116,523,1,12,-0.005512066335988933
S13,W034,related,control,-0.8773992307693209,5,117,472,1,10,-0.666960026654628
S13,W035,unrelated,control,-0.5296422482991268,8,68,720,1,11,-0.33623604649530847
S13,W036,related,control,-0.1884520533183292,7,61,521,1,13,0.3252119138233306
S13,W037,unrelated,control,-1.1890454200315383,10,111,695,1,9,-0.9976840068139475
S13,W038,related,control,0.956289262928874,5,82,539,1,16,1.3173838543012892
S13,W039,unrelated,control,-1.409803501846958,9,67,644,1,9,-0.9976840068139475
S13,W040,related,control,0.0326171911239126,7,26,597,1,14,0.6559358939826502
S13,W041,unrelated,control,2.768124509357714,4,53,297,1,19,2.3095557947792478
S13,W042,related,control,-2.051321246725728,8,14,652,0,7,-1.6591319671325866
S13,W043,unrelated,control,-0.4642735130186097,7,84,644,1,12,-0.005512066335988933
S13,W044,related,control,-0.074692481078299,5,59,623,1,11,-0.33623604649530847
S13,W045,unrelated,control,-2.8603180515178988,8,41,1099,1,2,-3.312751867929184
S13,W046,related,control,0.2765126725847232,6,23,580,1,13,0.3252119138233306
S13,W047,unrelated,control,0.0194756794538221,6,5,845,1,11,-0.33623604649530847
S13,W048,related,control,0.9901168140194688,6,42,691,1,13,0.3252119138233306
S13,W049,unrelated,control,1.4263582067643383,5,12,505,1,18,1.9788318146199282
S13,W050,related,control,0.2830487228263371,5,105,427,1,16,1.3173838543012892
S13,W051,unrelated,control,0.2912642538060146,5,104,612,1,11,-0.33623604649530847
S13,W052,related,control,0.2221144455622858,6,3,648,1,14,0.6559358939826502
S13,W053,unrelated,control,1.5099166560295276,5,106,520,1,13,0.3252119138233306
S13,W054,related,control,-0.4557117009268119,7,83,668,1,10,-0.666960026654628
S13,W055,unrelated,control,-0.8565905568902926,6,74,1179,1,11,-0.33623604649530847
S13,W056,related,control,-1.5572563778362285,6,115,717,0,8,-1.328407986973267
S13,W057,unrelated,control,-0.9059093384605884,8,55,622,1,9,-0.9976840068139475
S13,W058,related,control,-1.6486942190789142,6,17,476,1,9,-0.9976840068139475
S13,W059,unrelated,control,-0.3001634484294758,6,64,683,1,12,-0.005512066335988933
S13,W060,related,control,-0.4724816193194414,5,54,555,1,12,-0.005512066335988933
S13,W061,unrelated,control,1.7395844656453046,5,110,448,1,19,2.3095557947792478
S13,W062,related,control,1.148113333746188,7,70,475,1,15,0.9866598741419697
S13,W063,unrelated,control,0.0350906934612753,6,50,464,1,15,0.9866598741419697
S13,W064,related,control,1.1068512013196057,4,52,476,1,14,0.6559358939826502
S13,W065,unrelated,control,-0.29377833954959,5,87,518,1,11,-0.33623604649530847
S13,W066,related,control,-0.8621267483079921,6,30,606,1,11,-0.33623604649530847
S13,W067,unrelated,control,-0.8004905870752745,5,31,968,1,9,-0.9976840068139475
S13,W068,related,control,-0.6822716459168946,6,78,468,1,11,-0.33623604649530847
S13,W069,unrelated,control,-2.306145484861042,8,60,961,0,6,-1.9898559472919062
S13,W070,related,control,-0.4692453518743268,6,27,544,1,10,-0.666960026654628
S13,W071,unrelated,control,-0.7186668647491127,7,114,507,1,13,0.3252119138233306
S13,W072,related,control,-1.8666945779672184,6,113,735,1,8,-1.328407986973267
S13,W073,unrelated,control,0.891632901440497,6,99,745,1,15,0.9866598741419697
S13,W074,related,control,0.0035851005184451,7,4,661,1,13,0.3252119138233306
S13,W075,unrelated,control,-0.8296935917886239,8,38,719,1,11,-0.33623604649530847
S13,W076,related,control,0.0063453267125901,6,13,577,1,11,-0.33623604649530847
S13,W077,unrelated,control,-1.3756874142011304,6,7,617,1,7,-1.6591319671325866
S13,W078,related,control,-1.493333612226836,10,29,755,1,8,-1.328407986973267
S13,W079,unrelated,control,0.1139469950564595,6,79,669,1,10,-0.666960026654628
S13,W080,related,control,0.4102184004835469,4,49,291,1,14,0.6559358939826502
S13,W081,unrelated,control,1.1191925348290213,6,101,570,1,17,1.6481078344606088
S13,W082,related,control,-0.0322703529262462,6,39,492,1,11,-0.33623604649530847
S13,W083,unrelated,control,0.1654914468887871,7,40,886,1,14,0.6559358939826502
S13,W084,related,control,0.8719147743400757,7,69,571,1,12,-0.005512066335988933
S13,W085,unrelated,control,-0.8790583874314196,7,46,595,1,13,0.3252119138233306
S13,W086,related,control,-0.7905740078936522,7,71,569,1,8,-1.328407986973267
S13,W087,unrelated,control,0.5846936512450975,6,73,432,1,12,-0.005512066335988933
S13,W088,related,control,-0.8247875085796271,5,24,600,1,9,-0.9976840068139475
S13,W089,unrelated,control,-1.4798537261722209,8,89,819,1,10,-0.666960026654628
S13,W090,related,control,-0.5298687768050517,7,100,562,1,10,-0.666960026654628
S13,W091,unrelated,control,0.0199958773569514,6,58,639,1,13,0.3252119138233306
S13,W092,related,control,0.8827875457824161,5,119,690,1,16,1.3173838543012892
S13,W093,unrelated,control,-0.3951162220036792,6,57,490,1,11,-0.33623604649530847
S13,W094,related,control,-0.2729766410664055,6,94,447,1,14,0.6559358939826502
S13,W095,unrelated,control,-0.8951685051880719,8,18,832,1,9,-0.9976840068139475
S13,W096,related,control,-0.4092407736087192,8,63,850,1,11,-0.33623604649530847
S13,W097,unrelated,control,-0.0617302306989816,5,118,672,1,13,0.3252119138233306
S13,W098,related,control,-0.148276360874164,7,98,474,1,12,-0.005512066335988933
S13,W099,unrelated,control,-0.5593352549066585,6,81,815,1,11,-0.33623604649530847
S13,W100,related,control,0.942231995983134,6,56,626,1,14,0.6559358939826502
S13,W101,unrelated,control,-0.4764940879555429,6,97,744,0,11,-0.33623604649530847
S13,W102,related,control,0.2909020541309749,6,86,512,1,12,-0.005512066335988933
S13,W103,unrelated,control,-0.5886379098238127,8,103,816,1,9,-0.9976840068139475
S13,W104,related,control,-0.1214698405936154,5,10,416,1,11,-0.33623604649530847
S13,W105,unrelated,control,0.9039757269248688,7,43,550,1,16,1.3173838543012892
S13,W106,related,control,0.9500663306709668,5,15,655,1,14,0.6559358939826502
S13,W107,unrelated,control,-0.1048038833831658,7,66,809,1,14,0.6559358939826502
S13,W108,related,control,1.0859079831560388,6,91,342,1,17,1.6481078344606088
S13,W109,unrelated,control,1.4716210444039308,4,35,592,1,16,1.3173838543012892
S13,W110,related,control,-0.6985479929330615,5,47,744,0,12,-0.005512066335988933
S13,W111,unrelated,control,0.0810520811925241,6,112,857,1,12,-0.005512066335988933
S13,W112,related,control,-0.9707136954003068,6,76,488,1,12,-0.005512066335988933
S13,W113,unrelated,control,0.3016402314525866,7,107,530,1,12,-0.005512066335988933
S13,W114,related,control,0.2964810364202688,6,19,600,1,13,0.3252119138233306
S13,W115,unrelated,control,0.9454197977241208,5,2,563,1,14,0.6559358939826502
S13,W116,related,control,0.5722667365127202,5,11,490,1,13,0.3252119138233306
S13,W117,unrelated,control,-0.3562583501967622,6,80,795,1,12,-0.005512066335988933
S13,W118,related,control,0.9249426975480984,4,75,508,1,14,0.6559358939826502
S13,W119,unrelated,control,-0.2589413440745218,7,77,782,1,12,-0.005512066335988933
S13,W120,related,control,-1.6613676983867645,7,85,557,1,7,-1.6591319671325866
S14,W001,related,control,-0.9139392237197596,6,49,508,1,8,-1.328407986973267
S14,W002,unrelated,control,0.1358238092024783,6,63,627,1,15,0.9866598741419697
S14,W003,related,control,0.0968317689390009,5,93,699,1,13,0.3252119138233306
S14,W004,unrelated,control,-1.3047661789528002,8,81,705,1,8,-1.328407986973267
S14,W005,related,control,0.4824205120703297,7,62,723,1,15,0.9866598741419697
S14,W006,unrelated,control,1.5453446713553585,5,69,813,1,18,1.9788318146199282
S14,W007,related,control,-0.6150774716989514,7,100,1038,1,8,-1.328407986973267
S14,W008,unrelated,control,0.7371741115453434,5,40,882,1,14,0.6559358939826502
S14,W009,related,control,0.4367971257492582,5,25,576,1,16,1.3173838543012892
S14,W010,unrelated,control,0.5628372917200654,4,75,740,1,15,0.9866598741419697
S14,W011,related,control,0.0928637611052042,5,56,713,1,16,1.3173838543012892
S14,W012,unrelated,control,-1.017174296547943,7,9,941,1,5,-2.3205799274512255
S14,W013,related,control,-0.1757199187168372,5,70,651,1,13,0.3252119138233306
S14,W014,unrelated,control,-0.4670875917863192,7,98,733,1,10,-0.666960026654628
S14,W015,related,control,0.6376366034140181,4,21,1157,1,13,0.3252119138233306
S14,W016,unrelated,control,0.4758777000006875,6,16,704,1,15,0.9866598741419697
S14,W017,related,control,-1.1004086247447586,7,12,894,1,10,-0.666960026654628
S14,W018,unrelated,control,-0.0732480440826994,5,32,837,1,11,-0.33623604649530847
S14,W019,related,control,0.8377763169382735,5,11,941,1,17,1.6481078344606088
S14,W020,unrelated,control,-0.10953246691453,6,35,606,1,13,0.3252119138233306
S14,W021,related,control,0.1653741913649934,6,64,760,1,11,-0.33623604649530847
S14,W022,unrelated,control,-1.5613246312784643,7,114,1155,1,7,-1.6591319671325866
S14,W023,related,control,1.5516882128257177,4,102,706,1,18,1.9788318146199282
S14,W024,unrelated,control,0.6676736601563552,6,119,854,1,15,0.9866598741419697
S14,W025,related,control,-1.1003524346233824,6,52,733,1,9,-0.9976840068139475
S14,W026,unrelated,control,1.2547311434192785,5,5,873,1,15,0.9866598741419697
S14,W027,related,control,0.2511535240099482,6,47,1060,1,11,-0.33623604649530847
S14,W028,unrelated,control,-0.4744448584528069,6,24,910,1,10,-0.666960026654628
S14,W029,related,control,-0.034955592045138,6,15,825,1,11,-0.33623604649530847
S14,W030,unrelated,control,-1.2168271291729122,6,48,749,1,9,-0.9976840068139475
S14,W031,related,control,0.714619446660419,5,29,949,1,14,0.6559358939826502
S14,W032,unrelated,control,-1.3165830605078477,6,31,805,1,10,-0.666960026654628
S14,W033,related,control,-0.21523491523936,7,85,591,1,12,-0.005512066335988933
S14,W034,unrelated,control,-0.8773992307693209,5,10,581,1,10,-0.666960026654628
S14,W035,related,control,-0.5296422482991268,8,19,656,1,11,-0.33623604649530847
S14,W036,unrelated,control,-0.1884520533183292,7,83,588,1,13,0.3252119138233306
S14,W037,related,control,-1.1890454200315383,10,28,887,0,9,-0.9976840068139475
S14,W038,unrelated,control,0.956289262928874,5,109,585,1,16,1.3173838543012892
S14,W039,related,control,-1.409803501846958,9,17,678,1,9,-0.9976840068139475
S14,W040,unrelated,control,0.0326171911239126,7,107,872,1,14,0.6559358939826502
S14,W041,related,control,2.768124509357714,4,99,462,1,19,2.3095557947792478
S14,W042,unrelated,control,-2.051321246725728,8,66,1064,0,7,-1.6591319671325866
S14,W043,related,control,-0.4642735130186097,7,54,838,1,12,-0.005512066335988933
S14,W044,unrelated,control,-0.074692481078299,5,110,816,1,11,-0.33623604649530847
S14,W045,related,control,-2.8603180515178988,8,116,811,1,2,-3.312751867929184
S14,W046,unrelated,control,0.2765126725847232,6,84,776,1,13,0.3252119138233306
S14,W047,related,control,0.0194756794538221,6,80,908,1,11,-0.33623604649530847
S14,W048,unrelated,control,0.9901168140194688,6,22,624,1,13,0.3252119138233306
S14,W049,related,control,1.4263582067643383,5,39,654,1,18,1.9788318146199282
S14,W050,unrelated,control,0.2830487228263371,5,60,616,1,16,1.3173838543012892
S14,W051,related,control,0.2912642538060146,5,72,742,1,11,-0.33623604649530847
S14,W052,unrelated,control,0.2221144455622858,6,67,656,1,14,0.6559358939826502
S14,W053,related,control,1.5099166560295276,5,36,634,1,13,0.3252119138233306
S14,W054,unrelated,control,-0.4557117009268119,7,96,815,1,10,-0.666960026654628
S14,W055,related,control,-0.8565905568902926,6,6,1215,1,11,-0.33623604649530847
S14,W056,unrelated,control,-1.5572563778362285,6,2,1069,1,8,-1.328407986973267
S14,W057,related,control,-0.9059093384605884,8,79,680,1,9,-0.9976840068139475
S14,W058,unrelated,control,-1.6486942190789142,6,87,550,1,9,-0.9976840068139475
S14,W059,related,control,-0.3001634484294758,6,103,786,1,12,-0.005512066335988933
S14,W060,unrelated,control,-0.4724816193194414,5,104,493,1,12,-0.005512066335988933
S14,W061,related,control,1.7395844656453046,5,77,651,1,19,2.3095557947792478
S14,W062,unrelated,control,1.148113333746188,7,3,707,1,15,0.9866598741419697
S14,W063,related,control,0.0350906934612753,6,117,631,1,15,0.9866598741419697
S14,W064,unrelated,control,1.1068512013196057,4,51,582,1,14,0.6559358939826502
S14,W065,related,control,-0.29377833954959,5,59,527,1,11,-0.33623604649530847
S14,W066,unrelated,control,-0.8621267483079921,6,68,813,1,11,-0.33623604649530847
S14,W067,related,control,-0.8004905870752745,5,71,810,1,9,-0.9976840068139475
S14,W068,unrelated,control,-0.6822716459168946,6,18,609,1,11,-0.33623604649530847
S14,W069,related,control,-2.306145484861042,8,58,901,1,6,-1.9898559472919062
S14,W070,unrelated,control,-0.4692453518743268,6,106,741,1,10,-0.666960026654628
S14,W071,related,control,-0.7186668647491127,7,86,693,1,13,0.3252119138233306
S14,W072,unrelated,control,-1.8666945779672184,6,30,986,1,8,-1.328407986973267
S14,W073,related,control,0.891632901440497,6,76,860,1,15,0.9866598741419697
S14,W074,unrelated,control,0.0035851005184451,7,88,759,1,13,0.3252119138233306
S14,W075,related,control,-0.8296935917886239,8,112,679,1,11,-0.33623604649530847
S14,W076,unrelated,control,0.0063453267125901,6,46,684,1,11,-0.33623604649530847
S14,W077,related,control,-1.3756874142011304,6,90,562,1,7,-1.6591319671325866
S14,W078,unrelated,control,-1.493333612226836,10,118,1151,1,8,-1.328407986973267
S14,W079,related,control,0.1139469950564595,6,45,821,1,10,-0.666960026654628
S14,W080,unrelated,control,0.4102184004835469,4,95,497,1,14,0.6559358939826502
S14,W081,related,control,1.1191925348290213,6,105,630,1,17,1.6481078344606088
S14,W082,unrelated,control,-0.0322703529262462,6,41,645,1,11,-0.33623604649530847
S14,W083,related,control,0.1654914468887871,7,13,800,1,14,0.6559358939826502
S14,W084,unrelated,control,0.8719147743400757,7,113,672,1,12,-0.005512066335988933
S14,W085,related,control,-0.8790583874314196,7,92,532,1,13,0.3252119138233306
S14,W086,unrelated,control,-0.7905740078936522,7,57,811,1,8,-1.328407986973267
S14,W087,related,control,0.5846936512450975,6,26,469,1,12,-0.005512066335988933
S14,W088,unrelated,control,-0.8247875085796271,5,20,804,0,9,-0.9976840068139475
S14,W089,related,control,-1.4798537261722209,8,27,852,1,10,-0.666960026654628
S14,W090,unrelated,control,-0.5298687768050517,7,82,957,1,10,-0.666960026654628
S14,W091,related,control,0.0199958773569514,6,34,859,1,13,0.3252119138233306
S14,W092,unrelated,control,0.8827875457824161,5,1,621,1,16,1.3173838543012892
S14,W093,related,control,-0.3951162220036792,6,7,585,1,11,-0.33623604649530847
S14,W094,unrelated,control,-0.2729766410664055,6,8,830,1,14,0.6559358939826502
S14,W095,related,control,-0.8951685051880719,8,50,887,1,9,-0.9976840068139475
S14,W096,unrelated,control,-0.4092407736087192,8,111,1202,1,11,-0.33623604649530847
S14,W097,related,control,-0.0617302306989816,5,89,641,1,13,0.3252119138233306
S14,W098,unrelated,control,-0.148276360874164,7,78,545,1,12,-0.005512066335988933
S14,W099,related,control,-0.5593352549066585,6,55,688,1,11,-0.33623604649530847
S14,W100,unrelated,control,0.942231995983134,6,65,710,1,14,0.6559358939826502
S14,W101,related,control,-0.4764940879555429,6,73,834,1,11,-0.33623604649530847
S14,W102,unrelated,control,0.2909020541309749,6,120,566,1,12,-0.005512066335988933
S14,W103,related,control,-0.5886379098238127,8,53,760,1,9,-0.9976840068139475
S14,W104,unrelated,control,-0.1214698405936154,5,14,609,1,11,-0.33623604649530847
S14,W105,related,control,0.9039757269248688,7,94,769,1,16,1.3173838543012892
S14,W106,unrelated,control,0.9500663306709668,5,74,677,0,14,0.6559358939826502
S14,W107,related,control,-0.1048038833831658,7,108,700,1,14,0.6559358939826502
S14,W108,unrelated,control,1.0859079831560388,6,42,518,1,17,1.6481078344606088
S14,W109,related,control,1.4716210444039308,4,38,782,1,16,1.3173838543012892
S14,W110,unrelated,control,-0.6985479929330615,5,61,1033,1,12,-0.005512066335988933
S14,W111,related,control,0.0810520811925241,6,37,981,1,12,-0.005512066335988933
S14,W112,unrelated,control,-0.9707136954003068,6,101,768,1,12,-0.005512066335988933
S14,W113,related,control,0.3016402314525866,7,33,526,1,12,-0.005512066335988933
S14,W114,unrelated,control,0.2964810364202688,6,23,779,1,13,0.3252119138233306
S14,W115,related,control,0.9454197977241208,5,91,616,1,14,0.6559358939826502
S14,W116,unrelated,control,0.5722667365127202,5,115,614,1,13,0.3252119138233306
S14,W117,related,control,-0.3562583501967622,6,44,1003,1,12,-0.005512066335988933
S14,W118,unrelated,control,0.9249426975480984,4,97,622,1,14,0.6559358939826502
S14,W119,related,control,-0.2589413440745218,7,4,667,1,12,-0.005512066335988933
S14,W120,unrelated,control,-1.6613676983867645,7,43,788,1,7,-1.6591319671325866
S15,W001,unrelated,control,-0.9139392237197596,6,112,635,1,8,-1.328407986973267
S15,W002,related,control,0.1358238092024783,6,113,467,1,15,0.9866598741419697
S15,W003,unrelated,control,0.0968317689390009,5,83,565,1,13,0.3252119138233306
S15,W004,related,control,-1.3047661789528002,8,97,722,1,8,-1.328407986973267
S15,W005,unrelated,control,0.4824205120703297,7,9,828,1,15,0.9866598741419697
S15,W006,related,control,1.5453446713553585,5,12,623,1,18,1.9788318146199282
S15,W007,unrelated,control,-0.6150774716989514,7,106,863,1,8,-1.328407986973267
S15,W008,related,control,0.7371741115453434,5,84,932,1,14,0.6559358939826502
S15,W009,unrelated,control,0.4367971257492582,5,73,468,1,16,1.3173838543012892
S15,W010,related,control,0.5628372917200654,4,35,561,1,15,0.9866598741419697
S15,W011,unrelated,control,0.0928637611052042,5,86,725,1,16,1.3173838543012892
S15,W012,related,control,-1.017174296547943,7,70,734,1,5,-2.3205799274512255
S15,W013,unrelated,control,-0.1757199187168372,5,44,740,1,13,0.3252119138233306
S15,W014,related,control,-0.4670875917863192,7,33,718,1,10,-0.666960026654628
S15,W015,unrelated,control,0.6376366034140181,4,31,887,1,13,0.3252119138233306
S15,W016,related,control,0.4758777000006875,6,120,659,1,15,0.9866598741419697
S15,W017,unrelated,control,-1.1004086247447586,7,5,945,1,10,-0.666960026654628
S15,W018,related,control,-0.0732480440826994,5,107,648,1,11,-0.33623604649530847
S15,W019,unrelated,control,0.8377763169382735,5,75,1010,1,17,1.6481078344606088
S15,W020,related,control,-0.10953246691453,6,40,513,1,13,0.3252119138233306
S15,W021,unrelated,control,0.1653741913649934,6,81,734,1,11,-0.33623604649530847
S15,W022,related,control,-1.5613246312784643,7,71,945,1,7,-1.6591319671325866
S15,W023,unrelated,control,1.5516882128257177,4,17,580,1,18,1.9788318146199282
S15,W024,related,control,0.6676736601563552,6,108,556,1,15,0.9866598741419697
S15,W025,unrelated,control,-1.1003524346233824,6,32,916,1,9,-0.9976840068139475
S15,W026,related,control,1.2547311434192785,5,101,684,1,15,0.9866598741419697
S15,W027,unrelated,control,0.2511535240099482,6,13,921,1,11,-0.33623604649530847
S15,W028,related,control,-0.4744448584528069,6,94,696,1,10,-0.666960026654628
S15,W029,unrelated,control,-0.034955592045138,6,47,646,1,11,-0.33623604649530847
S15,W030,related,control,-1.2168271291729122,6,55,578,1,9,-0.9976840068139475
S15,W031,unrelated,control,0.714619446660419,5,53,921,1,14,0.6559358939826502
S15,W032,related,control,-1.3165830605078477,6,7,696,1,10,-0.666960026654628
S15,W033,unrelated,control,-0.21523491523936,7,23,614,1,12,-0.005512066335988933
S15,W034,related,control,-0.8773992307693209,5,4,579,1,10,-0.666960026654628
S15,W035,unrelated,control,-0.5296422482991268,8,99,721,1,11,-0.33623604649530847
S15,W036,related,control,-0.1884520533183292,7,117,496,1,13,0.3252119138233306
S15,W037,unrelated,control,-1.1890454200315383,10,114,825,0,9,-0.9976840068139475
S15,W038,related,control,0.956289262928874,5,25,555,1,16,1.3173838543012892
S15,W039,unrelated,control,-1.409803501846958,9,59,725,1,9,-0.9976840068139475
S15,W040,related,control,0.0326171911239126,7,93,667,1,14,0.6559358939826502
S15,W041,unrelated,control,2.768124509357714,4,61,444,1,19,2.3095557947792478
S15,W042,related,control,-2.051321246725728,8,38,999,1,7,-1.6591319671325866
S15,W043,unrelated,control,-0.4642735130186097,7,11,636,1,12,-0.005512066335988933
S15,W044,related,control,-0.074692481078299,5,102,797,1,11,-0.33623604649530847
S15,W045,unrelated,control,-2.8603180515178988,8,52,883,1,2,-3.312751867929184
S15,W046,related,control,0.2765126725847232,6,21,719,0,13,0.3252119138233306
S15,W047,unrelated,control,0.0194756794538221,6,6,1032,1,11,-0.33623604649530847
S15,W048,related,control,0.9901168140194688,6,119,541,1,13,0.3252119138233306
S15,W049,unrelated,control,1.4263582067643383,5,115,720,1,18,1.9788318146199282
S15,W050,related,control,0.2830487228263371,5,96,586,1,16,1.3173838543012892
S15,W051,unrelated,control,0.2912642538060146,5,90,811,1,11,-0.33623604649530847
S15,W052,related,control,0.2221144455622858,6,45,592,1,14,0.6559358939826502
S15,W053,unrelated,control,1.5099166560295276,5,50,642,1,13,0.3252119138233306
S15,W054,related,control,-0.4557117009268119,7,104,684,1,10,-0.666960026654628
S15,W055,unrelated,control,-0.8565905568902926,6,18,983,1,11,-0.33623604649530847
S15,W056,related,control,-1.5572563778362285,6,26,826,1,8,-1.328407986973267
S15,W057,unrelated,control,-0.9059093384605884,8,8,664,1,9,-0.9976840068139475
S15,W058,related,control,-1.6486942190789142,6,57,533,1,9,-0.9976840068139475
S15,W059,unrelated,control,-0.3001634484294758,6,80,620,1,12,-0.005512066335988933
S15,W060,related,control,-0.4724816193194414,5,10,640,1,12,-0.005512066335988933
S15,W061,unrelated,control,1.7395844656453046,5,14,636,1,19,2.3095557947792478
S15,W062,related,control,1.148113333746188,7,85,586,1,15,0.9866598741419697
S15,W063,unrelated,control,0.0350906934612753,6,91,622,1,15,0.9866598741419697
S15,W064,related,control,1.1068512013196057,4,15,542,1,14,0.6559358939826502
S15,W065,unrelated,control,-0.29377833954959,5,27,700,1,11,-0.33623604649530847
S15,W066,related,control,-0.8621267483079921,6,98,592,1,11,-0.33623604649530847
S15,W067,unrelated,control,-0.8004905870752745,5,49,879,1,9,-0.9976840068139475
S15,W068,related,control,-0.6822716459168946,6,89,620,1,11,-0.33623604649530847
S15,W069,unrelated,control,-2.306145484861042,8,30,1065,1,6,-1.9898559472919062
S15,W070,related,control,-0.4692453518743268,6,88,716,1,10,-0.666960026654628
S15,W071,unrelated,control,-0.7186668647491127,7,46,771,1,13,0.3252119138233306
S15,W072,related,control,-1.8666945779672184,6,16,865,1,8,-1.328407986973267
S15,W073,unrelated,control,0.891632901440497,6,48,786,1,15,0.9866598741419697
S15,W074,related,control,0.0035851005184451,7,20,628,1,13,0.3252119138233306
S15,W075,unrelated,control,-0.8296935917886239,8,118,690,1,11,-0.33623604649530847
S15,W076,related,control,0.0063453267125901,6,76,647,1,11,-0.33623604649530847
S15,W077,unrelated,control,-1.3756874142011304,6,65,811,1,7,-1.6591319671325866
S15,W078,related,control,-1.493333612226836,10,3,875,1,8,-1.328407986973267
S15,W079,unrelated,control,0.1139469950564595,6,58,926,1,10,-0.666960026654628
S15,W080,related,control,0.4102184004835469,4,63,411,1,14,0.6559358939826502
S15,W081,unrelated,control,1.1191925348290213,6,28,545,1,17,1.6481078344606088
S15,W082,related,control,-0.0322703529262462,6,54,487,1,11,-0.33623604649530847
S15,W083,unrelated,control,0.1654914468887871,7,1,1216,1,14,0.6559358939826502
S15,W084,related,control,0.8719147743400757,7,103,557,1,12,-0.005512066335988933
S15,W085,unrelated,control,-0.8790583874314196,7,51,585,1,13,0.3252119138233306
S15,W086,related,control,-0.7905740078936522,7,82,693,1,8,-1.328407986973267
S15,W087,unrelated,control,0.5846936512450975,6,69,459,1,12,-0.005512066335988933
S15,W088,related,control,-0.8247875085796271,5,66,648,1,9,-0.9976840068139475
S15,W089,unrelated,control,-1.4798537261722209,8,41,683,1,10,-0.666960026654628
S15,W090,related,control,-0.5298687768050517,7,95,644,1,10,-0.666960026654628
S15,W091,unrelated,control,0.0199958773569514,6,105,608,1,13,0.3252119138233306
S15,W092,related,control,0.8827875457824161,5,24,664,1,16,1.3173838543012892
S15,W093,unrelated,control,-0.3951162220036792,6,78,527,1,11,-0.33623604649530847
S15,W094,related,control,-0.2729766410664055,6,79,594,1,14,0.6559358939826502
S15,W095,unrelated,control,-0.8951685051880719,8,67,971,1,9,-0.9976840068139475
S15,W096,related,control,-0.4092407736087192,8,29,863,1,11,-0.33623604649530847
S15,W097,unrelated,control,-0.0617302306989816,5,37,726,1,13,0.3252119138233306
S15,W098,related,control,-0.148276360874164,7,19,554,1,12,-0.005512066335988933
S15,W099,unrelated,control,-0.5593352549066585,6,111,667,1,11,-0.33623604649530847
S15,W100,related,control,0.942231995983134,6,92,719,1,14,0.6559358939826502
S15,W101,unrelated,control,-0.4764940879555429,6,56,1062,1,11,-0.33623604649530847
S15,W102,related,control,0.2909020541309749,6,109,559,1,12,-0.005512066335988933
S15,W103,unrelated,control,-0.5886379098238127,8,77,792,1,9,-0.9976840068139475
S15,W104,related,control,-0.1214698405936154,5,43,531,1,11,-0.33623604649530847
S15,W105,unrelated,control,0.9039757269248688,7,72,786,1,16,1.3173838543012892
S15,W106,related,control,0.9500663306709668,5,87,699,1,14,0.6559358939826502
S15,W107,unrelated,control,-0.1048038833831658,7,36,663,1,14,0.6559358939826502
S15,W108,related,control,1.0859079831560388,6,34,476,1,17,1.6481078344606088
S15,W109,unrelated,control,1.4716210444039308,4,74,706,1,16,1.3173838543012892
S15,W110,related,control,-0.6985479929330615,5,64,861,1,12,-0.005512066335988933
S15,W111,unrelated,control,0.0810520811925241,6,22,891,1,12,-0.005512066335988933
S15,W112,related,control,-0.9707136954003068,6,2,650,1,12,-0.005512066335988933
S15,W113,unrelated,control,0.3016402314525866,7,39,567,1,12,-0.005512066335988933
S15,W114,related,control,0.2964810364202688,6,62,719,1,13,0.3252119138233306
S15,W115,unrelated,control,0.9454197977241208,5,42,705,1,14,0.6559358939826502
S15,W116,related,control,0.5722667365127202,5,100,706,1,13,0.3252119138233306
S15,W117,unrelated,control,-0.3562583501967622,6,68,976,1,12,-0.005512066335988933
S15,W118,related,control,0.9249426975480984,4,110,429,1,14,0.6559358939826502
S15,W119,unrelated,control,-0.2589413440745218,7,60,983,1,12,-0.005512066335988933
S15,W120,related,control,-1.6613676983867645,7,116,622,1,7,-1.6591319671325866
S16,W001,related,control,-0.9139392237197596,6,54,381,1,8,-1.328407986973267
S16,W002,unrelated,control,0.1358238092024783,6,25,430,1,15,0.9866598741419697
S16,W003,related,control,0.0968317689390009,5,67,464,1,13,0.3252119138233306
S16,W004,unrelated,control,-1.3047661789528002,8,17,567,1,8,-1.328407986973267
S16,W005,related,control,0.4824205120703297,7,87,506,1,15,0.9866598741419697
S16,W006,unrelated,control,1.5453446713553585,5,2,587,1,18,1.9788318146199282
S16,W007,related,control,-0.6150774716989514,7,52,738,1,8,-1.328407986973267
S16,W008,unrelated,control,0.7371741115453434,5,69,574,1,14,0.6559358939826502
S16,W009,related,control,0.4367971257492582,5,45,425,1,16,1.3173838543012892
S16,W010,unrelated,control,0.5628372917200654,4,48,440,1,15,0.9866598741419697
S16,W011,related,control,0.0928637611052042,5,47,511,1,16,1.3173838543012892
S16,W012,unrelated,control,-1.017174296547943,7,43,649,1,5,-2.3205799274512255
S16,W013,related,control,-0.1757199187168372,5,115,519,1,13,0.3252119138233306
S16,W014,unrelated,control,-0.4670875917863192,7,50,504,1,10,-0.666960026654628
S16,W015,related,control,0.6376366034140181,4,1,718,0,13,0.3252119138233306
S16,W016,unrelated,control,0.4758777000006875,6,57,510,1,15,0.9866598741419697
S16,W017,related,control,-1.1004086247447586,7,78,556,1,10,-0.666960026654628
S16,W018,unrelated,control,-0.0732480440826994,5,99,474,1,11,-0.33623604649530847
S16,W019,related,control,0.8377763169382735,5,80,643,1,17,1.6481078344606088
S16,W020,unrelated,control,-0.10953246691453,6,46,367,1,13,0.3252119138233306
S16,W021,related,control,0.1653741913649934,6,117,551,1,11,-0.33623604649530847
S16,W022,unrelated,control,-1.5613246312784643,7,8,742,0,7,-1.6591319671325866
S16,W023,related,control,1.5516882128257177,4,89,413,0,18,1.9788318146199282
S16,W024,unrelated,control,0.6676736601563552,6,118,604,1,15,0.9866598741419697
S16,W025,related,control,-1.1003524346233824,6,58,520,0,9,-0.9976840068139475
S16,W026,unrelated,control,1.2547311434192785,5,102,622,1,15,0.9866598741419697
S16,W027,related,control,0.2511535240099482,6,56,739,0,11,-0.33623604649530847
S16,W028,unrelated,control,-0.4744448584528069,6,76,443,1,10,-0.666960026654628
S16,W029,related,control,-0.034955592045138,6,29,642,0,11,-0.33623604649530847
S16,W030,unrelated,control,-1.2168271291729122,6,88,413,1,9,-0.9976840068139475
S16,W031,related,control,0.714619446660419,5,109,593,1,14,0.6559358939826502
S16,W032,unrelated,control,-1.3165830605078477,6,86,738,1,10,-0.666960026654628
S16,W033,related,control,-0.21523491523936,7,81,450,1,12,-0.005512066335988933
S16,W034,unrelated,control,-0.8773992307693209,5,39,434,1,10,-0.666960026654628
S16,W035,related,control,-0.5296422482991268,8,51,506,1,11,-0.33623604649530847
S16,W036,unrelated,control,-0.1884520533183292,7,71,485,1,13,0.3252119138233306
S16,W037,related,control,-1.1890454200315383,10,95,484,1,9,-0.9976840068139475
S16,W038,unrelated,control,0.956289262928874,5,93,447,1,16,1.3173838543012892
S16,W039,related,control,-1.409803501846958,9,27,411,1,9,-0.9976840068139475
S16,W040,unrelated,control,0.0326171911239126,7,68,606,1,14,0.6559358939826502
S16,W041,related,control,2.768124509357714,4,16,304,1,19,2.3095557947792478
S16,W042,unrelated,control,-2.051321246725728,8,44,671,1,7,-1.6591319671325866
S16,W043,related,control,-0.4642735130186097,7,5,478,1,12,-0.005512066335988933
S16,W044,unrelated,control,-0.074692481078299,5,11,608,1,11,-0.33623604649530847
S16,W045,related,control,-2.8603180515178988,8,19,604,1,2,-3.312751867929184
S16,W046,unrelated,control,0.2765126725847232,6,26,359,1,13,0.3252119138233306
S16,W047,related,control,0.0194756794538221,6,9,670,1,11,-0.33623604649530847
S16,W048,unrelated,control,0.9901168140194688,6,59,429,1,13,0.3252119138233306
S16,W049,related,control,1.4263582067643383,5,36,390,1,18,1.9788318146199282
S16,W050,unrelated,control,0.2830487228263371,5,92,350,1,16,1.3173838543012892
S16,W051,related,control,0.2912642538060146,5,98,456,1,11,-0.33623604649530847
S16,W052,unrelated,control,0.2221144455622858,6,85,467,1,14,0.6559358939826502
S16,W053,related,control,1.5099166560295276,5,20,491,1,13,0.3252119138233306
S16,W054,unrelated,control,-0.4557117009268119,7,112,634,1,10,-0.666960026654628
S16,W055,related,control,-0.8565905568902926,6,94,771,1,11,-0.33623604649530847
S16,W056,unrelated,control,-1.5572563778362285,6,101,760,0,8,-1.328407986973267
S16,W057,related,control,-0.9059093384605884,8,63,511,1,9,-0.9976840068139475
S16,W058,unrelated,control,-1.6486942190789142,6,55,463,1,9,-0.9976840068139475
S16,W059,related,control,-0.3001634484294758,6,31,426,0,12,-0.005512066335988933
S16,W060,unrelated,control,-0.4724816193194414,5,74,436,1,12,-0.005512066335988933
S16,W061,related,control,1.7395844656453046,5,90,511,1,19,2.3095557947792478
S16,W062,unrelated,control,1.148113333746188,7,116,501,1,15,0.9866598741419697
S16,W063,related,control,0.0350906934612753,6,37,535,1,15,0.9866598741419697
S16,W064,unrelated,control,1.1068512013196057,4,82,338,1,14,0.6559358939826502
S16,W065,related,control,-0.29377833954959,5,73,358,1,11,-0.33623604649530847
S16,W066,unrelated,control,-0.8621267483079921,6,4,550,1,11,-0.33623604649530847
S16,W067,related,control,-0.8004905870752745,5,22,712,1,9,-0.9976840068139475
S16,W068,unrelated,control,-0.6822716459168946,6,14,493,0,11,-0.33623604649530847
S16,W069,related,control,-2.306145484861042,8,104,672,1,6,-1.9898559472919062
S16,W070,unrelated,control,-0.4692453518743268,6,66,495,0,10,-0.666960026654628
S16,W071,related,control,-0.7186668647491127,7,103,441,1,13,0.3252119138233306
S16,W072,unrelated,control,-1.8666945779672184,6,113,607,1,8,-1.328407986973267
S16,W073,related,control,0.891632901440497,6,13,552,1,15,0.9866598741419697
S16,W074,unrelated,control,0.0035851005184451,7,72,454,1,13,0.3252119138233306
S16,W075,related,control,-0.8296935917886239,8,15,439,1,11,-0.33623604649530847
S16,W076,unrelated,control,0.0063453267125901,6,65,511,1,11,-0.33623604649530847
S16,W077,related,control,-1.3756874142011304,6,21,607,1,7,-1.6591319671325866
S16,W078,unrelated,control,-1.493333612226836,10,120,746,1,8,-1.328407986973267
S16,W079,related,control,0.1139469950564595,6,32,541,0,10,-0.666960026654628
S16,W080,unrelated,control,0.4102184004835469,4,24,280,1,14,0.6559358939826502
S16,W081,related,control,1.1191925348290213,6,49,491,1,17,1.6481078344606088
S16,W082,unrelated,control,-0.0322703529262462,6,108,390,1,11,-0.33623604649530847
S16,W083,related,control,0.1654914468887871,7,33,676,1,14,0.6559358939826502
S16,W084,unrelated,control,0.8719147743400757,7,61,525,1,12,-0.005512066335988933
S16,W085,related,control,-0.8790583874314196,7,84,502,1,13,0.3252119138233306
S16,W086,unrelated,control,-0.7905740078936522,7,7,562,1,8,-1.328407986973267
S16,W087,related,control,0.5846936512450975,6,23,327,1,12,-0.005512066335988933
S16,W088,unrelated,control,-0.8247875085796271,5,100,522,1,9,-0.9976840068139475
S16,W089,related,control,-1.4798537261722209,8,79,510,1,10,-0.666960026654628
S16,W090,unrelated,control,-0.5298687768050517,7,12,563,1,10,-0.666960026654628
S16,W091,related,control,0.0199958773569514,6,105,390,1,13,0.3252119138233306
S16,W092,unrelated,control,0.8827875457824161,5,30,351,1,16,1.3173838543012892
S16,W093,related,control,-0.3951162220036792,6,111,424,1,11,-0.33623604649530847
S16,W094,unrelated,control,-0.2729766410664055,6,34,480,1,14,0.6559358939826502
S16,W095,related,control,-0.8951685051880719,8,114,646,1,9,-0.9976840068139475
S16,W096,unrelated,control,-0.4092407736087192,8,97,775,1,11,-0.33623604649530847
S16,W097,related,control,-0.0617302306989816,5,42,519,1,13,0.3252119138233306
S16,W098,unrelated,control,-0.148276360874164,7,75,427,1,12,-0.005512066335988933
S16,W099,related,control,-0.5593352549066585,6,38,584,1,11,-0.33623604649530847
S16,W100,unrelated,control,0.942231995983134,6,106,515,1,14,0.6559358939826502
S16,W101,related,control,-0.4764940879555429,6,119,681,1,11,-0.33623604649530847
S16,W102,unrelated,control,0.2909020541309749,6,60,379,1,12,-0.005512066335988933
S16,W103,related,control,-0.5886379098238127,8,10,464,0,9,-0.9976840068139475
S16,W104,unrelated,control,-0.1214698405936154,5,107,429,1,11,-0.33623604649530847
S16,W105,related,control,0.9039757269248688,7,6,513,1,16,1.3173838543012892
S16,W106,unrelated,control,0.9500663306709668,5,77,489,1,14,0.6559358939826502
S16,W107,related,control,-0.1048038833831658,7,18,581,1,14,0.6559358939826502
S16,W108,unrelated,control,1.0859079831560388,6,91,321,1,17,1.6481078344606088
S16,W109,related,control,1.4716210444039308,4,110,435,1,16,1.3173838543012892
S16,W110,unrelated,control,-0.6985479929330615,5,35,637,1,12,-0.005512066335988933
S16,W111,related,control,0.0810520811925241,6,53,757,1,12,-0.005512066335988933
S16,W112,unrelated,control,-0.9707136954003068,6,41,539,1,12,-0.005512066335988933
S16,W113,related,control,0.3016402314525866,7,62,373,1,12,-0.005512066335988933
S16,W114,unrelated,control,0.2964810364202688,6,3,571,1,13,0.3252119138233306
S16,W115,related,control,0.9454197977241208,5,83,450,1,14,0.6559358939826502
S16,W116,unrelated,control,0.5722667365127202,5,64,494,1,13,0.3252119138233306
S16,W117,related,control,-0.3562583501967622,6,70,581,1,12,-0.005512066335988933
S16,W118,unrelated,control,0.9249426975480984,4,96,372,1,14,0.6559358939826502
S16,W119,related,control,-0.2589413440745218,7,28,521,1,12,-0.005512066335988933
S16,W120,unrelated,control,-1.6613676983867645,7,40,589,1,7,-1.6591319671325866
S17,W001,unrelated,control,-0.9139392237197596,6,1,728,1,8,-1.328407986973267
S17,W002,related,control,0.1358238092024783,6,73,519,1,15,0.9866598741419697
S17,W003,unrelated,control,0.0968317689390009,5,9,553,1,13,0.3252119138233306
S17,W004,related,control,-1.3047661789528002,8,68,446,1,8,-1.328407986973267
S17,W005,unrelated,control,0.4824205120703297,7,13,755,1,15,0.9866598741419697
S17,W006,related,control,1.5453446713553585,5,104,600,0,18,1.9788318146199282
S17,W007,unrelated,control,-0.6150774716989514,7,17,799,1,8,-1.328407986973267
S17,W008,related,control,0.7371741115453434,5,111,741,1,14,0.6559358939826502
S17,W009,unrelated,control,0.4367971257492582,5,95,466,1,16,1.3173838543012892
S17,W010,related,control,0.5628372917200654,4,106,413,1,15,0.9866598741419697
S17,W011,unrelated,control,0.0928637611052042,5,78,562,1,16,1.3173838543012892
S17,W012,related,control,-1.017174296547943,7,72,671,1,5,-2.3205799274512255
S17,W013,unrelated,control,-0.1757199187168372,5,74,669,1,13,0.3252119138233306
S17,W014,related,control,-0.4670875917863192,7,114,527,1,10,-0.666960026654628
S17,W015,unrelated,control,0.6376366034140181,4,43,864,1,13,0.3252119138233306
S17,W016,related,control,0.4758777000006875,6,90,524,1,15,0.9866598741419697
S17,W017,unrelated,control,-1.1004086247447586,7,76,855,1,10,-0.666960026654628
S17,W018,related,control,-0.0732480440826994,5,24,551,1,11,-0.33623604649530847
S17,W019,unrelated,control,0.8377763169382735,5,84,770,1,17,1.6481078344606088
S17,W020,related,control,-0.10953246691453,6,87,436,1,13,0.3252119138233306
S17,W021,unrelated,control,0.1653741913649934,6,67,678,1,11,-0.33623604649530847
S17,W022,related,control,-1.5613246312784643,7,99,762,1,7,-1.6591319671325866
S17,W023,unrelated,control,1.5516882128257177,4,46,562,1,18,1.9788318146199282
S17,W024,related,control,0.6676736601563552,6,38,563,1,15,0.9866598741419697
S17,W025,unrelated,control,-1.1003524346233824,6,52,906,1,9,-0.9976840068139475
S17,W026,related,control,1.2547311434192785,5,31,681,1,15,0.9866598741419697
S17,W027,unrelated,control,0.2511535240099482,6,109,912,1,11,-0.33623604649530847
S17,W028,related,control,-0.4744448584528069,6,66,583,0,10,-0.666960026654628
S17,W029,unrelated,control,-0.034955592045138,6,79,794,1,11,-0.33623604649530847
S17,W030,related,control,-1.2168271291729122,6,101,514,1,9,-0.9976840068139475
S17,W031,unrelated,control,0.714619446660419,5,12,839,1,14,0.6559358939826502
S17,W032,related,control,-1.3165830605078477,6,92,578,1,10,-0.666960026654628
S17,W033,unrelated,control,-0.21523491523936,7,55,626,1,12,-0.005512066335988933
S17,W034,related,control,-0.8773992307693209,5,98,484,1,10,-0.666960026654628
S17,W035,unrelated,control,-0.5296422482991268,8,34,921,0,11,-0.33623604649530847
S17,W036,related,control,-0.1884520533183292,7,119,514,1,13,0.3252119138233306
S17,W037,unrelated,control,-1.1890454200315383,10,6,886,0,9,-0.9976840068139475
S17,W038,related,control,0.956289262928874,5,110,476,1,16,1.3173838543012892
S17,W039,unrelated,control,-1.409803501846958,9,83,558,1,9,-0.9976840068139475
S17,W040,related,control,0.0326171911239126,7,120,628,1,14,0.6559358939826502
S17,W041,unrelated,control,2.768124509357714,4,82,326,1,19,2.3095557947792478
S17,W042,related,control,-2.051321246725728,8,96,685,1,7,-1.6591319671325866
S17,W043,unrelated,control,-0.4642735130186097,7,50,754,1,12,-0.005512066335988933
S17,W044,related,control,-0.074692481078299,5,102,556,1,11,-0.33623604649530847
S17,W045,unrelated,control,-2.8603180515178988,8,26,819,1,2,-3.312751867929184
S17,W046,related,control,0.2765126725847232,6,115,596,1,13,0.3252119138233306
S17,W047,unrelated,control,0.0194756794538221,6,16,829,1,11,-0.33623604649530847
S17,W048,related,control,0.9901168140194688,6,58,408,1,13,0.3252119138233306
S17,W049,unrelated,control,1.4263582067643383,5,11,566,1,18,1.9788318146199282
S17,W050,related,control,0.2830487228263371,5,105,422,1,16,1.3173838543012892
S17,W051,unrelated,control,0.2912642538060146,5,100,790,1,11,-0.33623604649530847
S17,W052,related,control,0.2221144455622858,6,77,487,1,14,0.6559358939826502
S17,W053,unrelated,control,1.5099166560295276,5,53,537,1,13,0.3252119138233306
S17,W054,related,control,-0.4557117009268119,7,70,579,1,10,-0.666960026654628
S17,W055,unrelated,control,-0.8565905568902926,6,112,1044,1,11,-0.33623604649530847
S17,W056,related,control,-1.5572563778362285,6,3,760,1,8,-1.328407986973267
S17,W057,unrelated,control,-0.9059093384605884,8,32,519,1,9,-0.9976840068139475
S17,W058,related,control,-1.6486942190789142,6,37,484,1,9,-0.9976840068139475
S17,W059,unrelated,control,-0.3001634484294758,6,44,631,0,12,-0.005512066335988933
S17,W060,related,control,-0.4724816193194414,5,75,441,1,12,-0.005512066335988933
S17,W061,unrelated,control,1.7395844656453046,5,108,687,1,19,2.3095557947792478
S17,W062,related,control,1.148113333746188,7,54,610,1,15,0.9866598741419697
S17,W063,unrelated,control,0.0350906934612753,6,116,556,1,15,0.9866598741419697
S17,W064,related,control,1.1068512013196057,4,64,439,1,14,0.6559358939826502
S17,W065,unrelated,control,-0.29377833954959,5,61,523,1,11,-0.33623604649530847
S17,W066,related,control,-0.8621267483079921,6,25,506,1,11,-0.33623604649530847
S17,W067,unrelated,control,-0.8004905870752745,5,57,771,1,9,-0.9976840068139475
S17,W068,related,control,-0.6822716459168946,6,10,472,1,11,-0.33623604649530847
S17,W069,unrelated,control,-2.306145484861042,8,60,1115,1,6,-1.9898559472919062
S17,W070,related,control,-0.4692453518743268,6,36,696,1,10,-0.666960026654628
S17,W071,unrelated,control,-0.7186668647491127,7,85,544,1,13,0.3252119138233306
S17,W072,related,control,-1.8666945779672184,6,97,703,1,8,-1.328407986973267
S17,W073,unrelated,control,0.891632901440497,6,30,685,1,15,0.9866598741419697
S17,W074,related,control,0.0035851005184451,7,59,549,1,13,0.3252119138233306
S17,W075,unrelated,control,-0.8296935917886239,8,86,577,0,11,-0.33623604649530847
S17,W076,related,control,0.0063453267125901,6,117,617,1,11,-0.33623604649530847
S17,W077,unrelated,control,-1.3756874142011304,6,65,780,1,7,-1.6591319671325866
S17,W078,related,control,-1.493333612226836,10,80,583,1,8,-1.328407986973267
S17,W079,unrelated,control,0.1139469950564595,6,56,734,0,10,-0.666960026654628
S17,W080,related,control,0.4102184004835469,4,94,306,1,14,0.6559358939826502
S17,W081,unrelated,control,1.1191925348290213,6,27,633,1,17,1.6481078344606088
S17,W082,related,control,-0.0322703529262462,6,19,434,1,11,-0.33623604649530847
S17,W083,unrelated,control,0.1654914468887871,7,118,837,1,14,0.6559358939826502
S17,W084,related,control,0.8719147743400757,7,71,593,1,12,-0.005512066335988933
S17,W085,unrelated,control,-0.8790583874314196,7,45,529,1,13,0.3252119138233306
S17,W086,related,control,-0.7905740078936522,7,62,669,1,8,-1.328407986973267
S17,W087,unrelated,control,0.5846936512450975,6,35,364,1,12,-0.005512066335988933
S17,W088,related,control,-0.8247875085796271,5,40,517,1,9,-0.9976840068139475
S17,W089,unrelated,control,-1.4798537261722209,8,22,713,1,10,-0.666960026654628
S17,W090,related,control,-0.5298687768050517,7,103,715,1,10,-0.666960026654628
S17,W091,unrelated,control,0.0199958773569514,6,113,575,1,13,0.3252119138233306
S17,W092,related,control,0.8827875457824161,5,69,480,0,16,1.3173838543012892
S17,W093,unrelated,control,-0.3951162220036792,6,42,606,1,11,-0.33623604649530847
S17,W094,related,control,-0.2729766410664055,6,89,561,1,14,0.6559358939826502
S17,W095,unrelated,control,-0.8951685051880719,8,5,882,1,9,-0.9976840068139475
S17,W096,related,control,-0.4092407736087192,8,47,776,1,11,-0.33623604649530847
S17,W097,unrelated,control,-0.0617302306989816,5,23,732,1,13,0.3252119138233306
S17,W098,related,control,-0.148276360874164,7,29,534,1,12,-0.005512066335988933
S17,W099,unrelated,control,-0.5593352549066585,6,8,680,1,11,-0.33623604649530847
S17,W100,related,control,0.942231995983134,6,28,628,1,14,0.6559358939826502
S17,W101,unrelated,control,-0.4764940879555429,6,2,933,1,11,-0.33623604649530847
S17,W102,related,control,0.2909020541309749,6,93,561,1,12,-0.005512066335988933
S17,W103,unrelated,control,-0.5886379098238127,8,33,772,1,9,-0.9976840068139475
S17,W104,related,control,-0.1214698405936154,5,7,442,1,11,-0.33623604649530847
S17,W105,unrelated,control,0.9039757269248688,7,20,620,1,16,1.3173838543012892
S17,W106,related,control,0.9500663306709668,5,4,516,1,14,0.6559358939826502
S17,W107,unrelated,control,-0.1048038833831658,7,41,631,1,14,0.6559358939826502
S17,W108,related,control,1.0859079831560388,6,15,386,1,17,1.6481078344606088
S17,W109,unrelated,control,1.4716210444039308,4,107,634,1,16,1.3173838543012892
S17,W110,related,control,-0.6985479929330615,5,48,607,1,12,-0.005512066335988933
S17,W111,unrelated,control,0.0810520811925241,6,18,998,1,12,-0.005512066335988933
S17,W112,related,control,-0.9707136954003068,6,39,516,1,12,-0.005512066335988933
S17,W113,unrelated,control,0.3016402314525866,7,63,520,1,12,-0.005512066335988933
S17,W114,related,control,0.2964810364202688,6,81,617,1,13,0.3252119138233306
S17,W115,unrelated,control,0.9454197977241208,5,88,698,1,14,0.6559358939826502
S17,W116,related,control,0.5722667365127202,5,49,570,1,13,0.3252119138233306
S17,W117,unrelated,control,-0.3562583501967622,6,21,871,1,12,-0.005512066335988933
S17,W118,related,control,0.9249426975480984,4,14,431,1,14,0.6559358939826502
S17,W119,unrelated,control,-0.2589413440745218,7,91,807,1,12,-0.005512066335988933
S17,W120,related,control,-1.6613676983867645,7,51,519,1,7,-1.6591319671325866
S18,W001,related,control,-0.9139392237197596,6,83,615,1,8,-1.328407986973267
S18,W002,unrelated,control,0.1358238092024783,6,116,557,1,15,0.9866598741419697
S18,W003,related,control,0.0968317689390009,5,94,495,1,13,0.3252119138233306
S18,W004,unrelated,control,-1.3047661789528002,8,7,858,1,8,-1.328407986973267
S18,W005,related,control,0.4824205120703297,7,12,744,1,15,0.9866598741419697
S18,W006,unrelated,control,1.5453446713553585,5,13,762,1,18,1.9788318146199282
S18,W007,related,control,-0.6150774716989514,7,105,811,1,8,-1.328407986973267
S18,W008,unrelated,control,0.7371741115453434,5,115,808,1,14,0.6559358939826502
S18,W009,related,control,0.4367971257492582,5,34,448,1,16,1.3173838543012892
S18,W010,unrelated,control,0.5628372917200654,4,69,536,0,15,0.9866598741419697
S18,W011,related,control,0.0928637611052042,5,103,618,1,16,1.3173838543012892
S18,W012,unrelated,control,-1.017174296547943,7,63,714,1,5,-2.3205799274512255
S18,W013,related,control,-0.1757199187168372,5,45,630,1,13,0.3252119138233306
S18,W014,unrelated,control,-0.4670875917863192,7,16,686,1,10,-0.666960026654628
S18,W015,related,control,0.6376366034140181,4,30,786,1,13,0.3252119138233306
S18,W016,unrelated,control,0.4758777000006875,6,68,578,1,15,0.9866598741419697
S18,W017,related,control,-1.1004086247447586,7,104,823,1,10,-0.666960026654628
S18,W018,unrelated,control,-0.0732480440826994,5,33,762,1,11,-0.33623604649530847
S18,W019,related,control,0.8377763169382735,5,38,774,1,17,1.6481078344606088
S18,W020,unrelated,control,-0.10953246691453,6,71,437,1,13,0.3252119138233306
S18,W021,related,control,0.1653741913649934,6,67,694,0,11,-0.33623604649530847
S18,W022,unrelated,control,-1.5613246312784643,7,101,888,0,7,-1.6591319671325866
S18,W023,related,control,1.5516882128257177,4,27,689,1,18,1.9788318146199282
S18,W024,unrelated,control,0.6676736601563552,6,65,744,1,15,0.9866598741419697
S18,W025,related,control,-1.1003524346233824,6,41,890,0,9,-0.9976840068139475
S18,W026,unrelated,control,1.2547311434192785,5,52,935,1,15,0.9866598741419697
S18,W027,related,control,0.2511535240099482,6,109,974,1,11,-0.33623604649530847
S18,W028,unrelated,control,-0.4744448584528069,6,4,570,1,10,-0.666960026654628
S18,W029,related,control,-0.034955592045138,6,74,823,1,11,-0.33623604649530847
S18,W030,unrelated,control,-1.2168271291729122,6,90,519,1,9,-0.9976840068139475
S18,W031,related,control,0.714619446660419,5,53,873,1,14,0.6559358939826502
S18,W032,unrelated,control,-1.3165830605078477,6,43,688,1,10,-0.666960026654628
S18,W033,related,control,-0.21523491523936,7,22,517,1,12,-0.005512066335988933
S18,W034,unrelated,control,-0.8773992307693209,5,97,516,1,10,-0.666960026654628
S18,W035,related,control,-0.5296422482991268,8,56,762,1,11,-0.33623604649530847
S18,W036,unrelated,control,-0.1884520533183292,7,1,606,1,13,0.3252119138233306
S18,W037,related,control,-1.1890454200315383,10,51,799,1,9,-0.9976840068139475
S18,W038,unrelated,control,0.956289262928874,5,95,718,1,16,1.3173838543012892
S18,W039,related,control,-1.409803501846958,9,62,627,1,9,-0.9976840068139475
S18,W040,unrelated,control,0.0326171911239126,7,8,627,1,14,0.6559358939826502
S18,W041,related,control,2.768124509357714,4,57,331,1,19,2.3095557947792478
S18,W042,unrelated,control,-2.051321246725728,8,89,1011,1,7,-1.6591319671325866
S18,W043,related,control,-0.4642735130186097,7,48,770,1,12,-0.005512066335988933
S18,W044,unrelated,control,-0.074692481078299,5,29,763,1,11,-0.33623604649530847
S18,W045,related,control,-2.8603180515178988,8,98,776,1,2,-3.312751867929184
S18,W046,unrelated,control,0.2765126725847232,6,100,480,1,13,0.3252119138233306
S18,W047,related,control,0.0194756794538221,6,82,826,1,11,-0.33623604649530847
S18,W048,unrelated,control,0.9901168140194688,6,58,634,1,13,0.3252119138233306
S18,W049,related,control,1.4263582067643383,5,25,617,1,18,1.9788318146199282
S18,W050,unrelated,control,0.2830487228263371,5,79,520,1,16,1.3173838543012892
S18,W051,related,control,0.2912642538060146,5,80,648,1,11,-0.33623604649530847
S18,W052,unrelated,control,0.2221144455622858,6,92,575,1,14,0.6559358939826502
S18,W053,related,control,1.5099166560295276,5,76,637,1,13,0.3252119138233306
S18,W054,unrelated,control,-0.4557117009268119,7,2,830,1,10,-0.666960026654628
S18,W055,related,control,-0.8565905568902926,6,17,949,0,11,-0.33623604649530847
S18,W056,unrelated,control,-1.5572563778362285,6,75,799,0,8,-1.328407986973267
S18,W057,related,control,-0.9059093384605884,8,108,661,1,9,-0.9976840068139475
S18,W058,unrelated,control,-1.6486942190789142,6,15,550,1,9,-0.9976840068139475
S18,W059,related,control,-0.3001634484294758,6,64,660,1,12,-0.005512066335988933
S18,W060,unrelated,control,-0.4724816193194414,5,31,562,0,12,-0.005512066335988933
S18,W061,related,control,1.7395844656453046,5,10,729,1,19,2.3095557947792478
S18,W062,unrelated,control,1.148113333746188,7,93,717,1,15,0.9866598741419697
S18,W063,related,control,0.0350906934612753,6,54,663,1,15,0.9866598741419697
S18,W064,unrelated,control,1.1068512013196057,4,23,510,1,14,0.6559358939826502
S18,W065,related,control,-0.29377833954959,5,3,655,1,11,-0.33623604649530847
S18,W066,unrelated,control,-0.8621267483079921,6,18,611,1,11,-0.33623604649530847
S18,W067,related,control,-0.8004905870752745,5,49,737,1,9,-0.9976840068139475
S18,W068,unrelated,control,-0.6822716459168946,6,37,571,0,11,-0.33623604649530847
S18,W069,related,control,-2.306145484861042,8,39,1027,1,6,-1.9898559472919062
S18,W070,unrelated,control,-0.4692453518743268,6,91,727,1,10,-0.666960026654628
S18,W071,related,control,-0.7186668647491127,7,40,578,1,13,0.3252119138233306
S18,W072,unrelated,control,-1.8666945779672184,6,28,873,1,8,-1.328407986973267
S18,W073,related,control,0.891632901440497,6,107,624,1,15,0.9866598741419697
S18,W074,unrelated,control,0.0035851005184451,7,111,725,0,13,0.3252119138233306
S18,W075,related,control,-0.8296935917886239,8,87,668,1,11,-0.33623604649530847
S18,W076,unrelated,control,0.0063453267125901,6,6,721,1,11,-0.33623604649530847
S18,W077,related,control,-1.3756874142011304,6,120,685,1,7,-1.6591319671325866
S18,W078,unrelated,control,-1.493333612226836,10,50,682,1,8,-1.328407986973267
S18,W079,related,control,0.1139469950564595,6,85,627,1,10,-0.666960026654628
S18,W080,unrelated,control,0.4102184004835469,4,47,348,1,14,0.6559358939826502
S18,W081,related,control,1.1191925348290213,6,21,513,1,17,1.6481078344606088
S18,W082,unrelated,control,-0.0322703529262462,6,9,561,1,11,-0.33623604649530847
S18,W083,related,control,0.1654914468887871,7,114,923,1,14,0.6559358939826502
S18,W084,unrelated,control,0.8719147743400757,7,110,698,1,12,-0.005512066335988933
S18,W085,related,control,-0.8790583874314196,7,61,519,1,13,0.3252119138233306
S18,W086,unrelated,control,-0.7905740078936522,7,118,790,1,8,-1.328407986973267
S18,W087,related,control,0.5846936512450975,6,73,410,1,12,-0.005512066335988933
S18,W088,unrelated,control,-0.8247875085796271,5,112,729,1,9,-0.9976840068139475
S18,W089,related,control,-1.4798537261722209,8,35,846,1,10,-0.666960026654628
S18,W090,unrelated,control,-0.5298687768050517,7,24,704,1,10,-0.666960026654628
S18,W091,related,control,0.0199958773569514,6,117,672,1,13,0.3252119138233306
S18,W092,unrelated,control,0.8827875457824161,5,99,613,1,16,1.3173838543012892
S18,W093,related,control,-0.3951162220036792,6,84,488,1,11,-0.33623604649530847
S18,W094,unrelated,control,-0.2729766410664055,6,11,653,1,14,0.6559358939826502
S18,W095,related,control,-0.8951685051880719,8,106,859,1,9,-0.9976840068139475
S18,W096,unrelated,control,-0.4092407736087192,8,113,926,1,11,-0.33623604649530847
S18,W097,related,control,-0.0617302306989816,5,60,580,1,13,0.3252119138233306
S18,W098,unrelated,control,-0.148276360874164,7,19,606,1,12,-0.005512066335988933
S18,W099,related,control,-0.5593352549066585,6,72,662,1,11,-0.33623604649530847
S18,W100,unrelated,control,0.942231995983134,6,66,651,1,14,0.6559358939826502
S18,W101,related,control,-0.4764940879555429,6,36,716,1,11,-0.33623604649530847
S18,W102,unrelated,control,0.2909020541309749,6,32,528,1,12,-0.005512066335988933
S18,W103,related,control,-0.5886379098238127,8,44,888,1,9,-0.9976840068139475
S18,W104,unrelated,control,-0.1214698405936154,5,5,566,1,11,-0.33623604649530847
S18,W105,related,control,0.9039757269248688,7,96,635,0,16,1.3173838543012892
S18,W106,unrelated,control,0.9500663306709668,5,77,627,1,14,0.6559358939826502
S18,W107,related,control,-0.1048038833831658,7,26,603,1,14,0.6559358939826502
S18,W108,unrelated,control,1.0859079831560388,6,14,448,1,17,1.6481078344606088
S18,W109,related,control,1.4716210444039308,4,78,592,1,16,1.3173838543012892
S18,W110,unrelated,control,-0.6985479929330615,5,59,718,1,12,-0.005512066335988933
S18,W111,related,control,0.0810520811925241,6,70,766,1,12,-0.005512066335988933
S18,W112,unrelated,control,-0.9707136954003068,6,88,663,1,12,-0.005512066335988933
S18,W113,related,control,0.3016402314525866,7,102,521,1,12,-0.005512066335988933
S18,W114,unrelated,control,0.2964810364202688,6,119,672,1,13,0.3252119138233306
S18,W115,related,control,0.9454197977241208,5,20,534,1,14,0.6559358939826502
S18,W116,unrelated,control,0.5722667365127202,5,86,617,1,13,0.3252119138233306
S18,W117,related,control,-0.3562583501967622,6,46,917,1,12,-0.005512066335988933
S18,W118,unrelated,control,0.9249426975480984,4,81,457,1,14,0.6559358939826502
S18,W119,related,control,-0.2589413440745218,7,42,754,1,12,-0.005512066335988933
S18,W120,unrelated,control,-1.6613676983867645,7,55,634,1,7,-1.6591319671325866
S19,W001,unrelated,control,-0.9139392237197596,6,72,706,1,8,-1.328407986973267
S19,W002,related,control,0.1358238092024783,6,76,602,1,15,0.9866598741419697
S19,W003,unrelated,control,0.0968317689390009,5,56,511,1,13,0.3252119138233306
S19,W004,related,control,-1.3047661789528002,8,86,736,1,8,-1.328407986973267
S19,W005,unrelated,control,0.4824205120703297,7,21,718,1,15,0.9866598741419697
S19,W006,related,control,1.5453446713553585,5,107,818,1,18,1.9788318146199282
S19,W007,unrelated,control,-0.6150774716989514,7,77,859,0,8,-1.328407986973267
S19,W008,related,control,0.7371741115453434,5,85,1023,1,14,0.6559358939826502
S19,W009,unrelated,control,0.4367971257492582,5,109,471,1,16,1.3173838543012892
S19,W010,related,control,0.5628372917200654,4,6,471,1,15,0.9866598741419697
S19,W011,unrelated,control,0.0928637611052042,5,63,633,0,16,1.3173838543012892
S19,W012,related,control,-1.017174296547943,7,29,722,1,5,-2.3205799274512255
S19,W013,unrelated,control,-0.1757199187168372,5,64,580,1,13,0.3252119138233306
S19,W014,related,control,-0.4670875917863192,7,83,677,1,10,-0.666960026654628
S19,W015,unrelated,control,0.6376366034140181,4,42,908,1,13,0.3252119138233306
S19,W016,related,control,0.4758777000006875,6,13,596,1,15,0.9866598741419697
S19,W017,unrelated,control,-1.1004086247447586,7,115,973,0,10,-0.666960026654628
S19,W018,related,control,-0.0732480440826994,5,111,660,1,11,-0.33623604649530847
S19,W019,unrelated,control,0.8377763169382735,5,26,785,1,17,1.6481078344606088
S19,W020,related,control,-0.10953246691453,6,45,493,0,13,0.3252119138233306
S19,W021,unrelated,control,0.1653741913649934,6,50,642,1,11,-0.33623604649530847
S19,W022,related,control,-1.5613246312784643,7,24,1016,1,7,-1.6591319671325866
S19,W023,unrelated,control,1.5516882128257177,4,30,527,1,18,1.9788318146199282
S19,W024,related,control,0.6676736601563552,6,110,651,1,15,0.9866598741419697
S19,W025,unrelated,control,-1.1003524346233824,6,12,834,0,9,-0.9976840068139475
S19,W026,related,control,1.2547311434192785,5,31,878,1,15,0.9866598741419697
S19,W027,unrelated,control,0.2511535240099482,6,35,944,0,11,-0.33623604649530847
S19,W028,related,control,-0.4744448584528069,6,114,713,1,10,-0.666960026654628
S19,W029,unrelated,control,-0.034955592045138,6,54,748,1,11,-0.33623604649530847
S19,W030,related,control,-1.2168271291729122,6,67,508,1,9,-0.9976840068139475
S19,W031,unrelated,control,0.714619446660419,5,73,676,1,14,0.6559358939826502
S19,W032,related,control,-1.3165830605078477,6,92,761,0,10,-0.666960026654628
S19,W033,unrelated,control,-0.21523491523936,7,25,630,1,12,-0.005512066335988933
S19,W034,related,control,-0.8773992307693209,5,18,456,1,10,-0.666960026654628
S19,W035,unrelated,control,-0.5296422482991268,8,3,902,1,11,-0.33623604649530847
S19,W036,related,control,-0.1884520533183292,7,7,641,1,13,0.3252119138233306
S19,W037,unrelated,control,-1.1890454200315383,10,15,810,0,9,-0.9976840068139475
S19,W038,related,control,0.956289262928874,5,78,627,1,16,1.3173838543012892
S19,W039,unrelated,control,-1.409803501846958,9,5,692,0,9,-0.9976840068139475
S19,W040,related,control,0.0326171911239126,7,113,707,1,14,0.6559358939826502
S19,W041,unrelated,control,2.768124509357714,4,69,401,1,19,2.3095557947792478
S19,W042,related,control,-2.051321246725728,8,82,703,0,7,-1.6591319671325866
S19,W043,unrelated,control,-0.4642735130186097,7,93,716,1,12,-0.005512066335988933
S19,W044,related,control,-0.074692481078299,5,37,622,1,11,-0.33623604649530847
S19,W045,unrelated,control,-2.8603180515178988,8,10,815,1,2,-3.312751867929184
S19,W046,related,control,0.2765126725847232,6,96,721,1,13,0.3252119138233306
S19,W047,unrelated,control,0.0194756794538221,6,28,741,1,11,-0.33623604649530847
S19,W048,related,control,0.9901168140194688,6,79,496,1,13,0.3252119138233306
S19,W049,unrelated,control,1.4263582067643383,5,57,558,1,18,1.9788318146199282
S19,W050,related,control,0.2830487228263371,5,44,480,1,16,1.3173838543012892
S19,W051,unrelated,control,0.2912642538060146,5,89,799,1,11,-0.33623604649530847
S19,W052,related,control,0.2221144455622858,6,94,644,1,14,0.6559358939826502
S19,W053,unrelated,control,1.5099166560295276,5,104,526,1,13,0.3252119138233306
S19,W054,related,control,-0.4557117009268119,7,41,784,0,10,-0.666960026654628
S19,W055,unrelated,control,-0.8565905568902926,6,60,1069,1,11,-0.33623604649530847
S19,W056,related,control,-1.5572563778362285,6,91,772,1,8,-1.328407986973267
S19,W057,unrelated,control,-0.9059093384605884,8,100,587,1,9,-0.9976840068139475
S19,W058,related,control,-1.6486942190789142,6,36,581,0,9,-0.9976840068139475
S19,W059,unrelated,control,-0.3001634484294758,6,120,629,1,12,-0.005512066335988933
S19,W060,related,control,-0.4724816193194414,5,112,537,1,12,-0.005512066335988933
S19,W061,unrelated,control,1.7395844656453046,5,49,616,1,19,2.3095557947792478
S19,W062,related,control,1.148113333746188,7,11,564,0,15,0.9866598741419697
S19,W063,unrelated,control,0.0350906934612753,6,53,518,1,15,0.9866598741419697
S19,W064,related,control,1.1068512013196057,4,61,497,1,14,0.6559358939826502
S19,W065,unrelated,control,-0.29377833954959,5,43,523,1,11,-0.33623604649530847
S19,W066,related,control,-0.8621267483079921,6,19,686,1,11,-0.33623604649530847
S19,W067,unrelated,control,-0.8004905870752745,5,95,773,1,9,-0.9976840068139475
S19,W068,related,control,-0.6822716459168946,6,102,587,1,11,-0.33623604649530847
S19,W069,unrelated,control,-2.306145484861042,8,80,1178,0,6,-1.9898559472919062
S19,W070,related,control,-0.4692453518743268,6,84,706,1,10,-0.666960026654628
S19,W071,unrelated,control,-0.7186668647491127,7,101,534,1,13,0.3252119138233306
S19,W072,related,control,-1.8666945779672184,6,9,1050,1,8,-1.328407986973267
S19,W073,unrelated,control,0.891632901440497,6,20,617,0,15,0.9866598741419697
S19,W074,related,control,0.0035851005184451,7,33,668,1,13,0.3252119138233306
S19,W075,unrelated,control,-0.8296935917886239,8,52,837,1,11,-0.33623604649530847
S19,W076,related,control,0.0063453267125901,6,70,584,1,11,-0.33623604649530847
S19,W077,unrelated,control,-1.3756874142011304,6,55,720,1,7,-1.6591319671325866
S19,W078,related,control,-1.493333612226836,10,68,946,0,8,-1.328407986973267
S19,W079,unrelated,control,0.1139469950564595,6,117,616,1,10,-0.666960026654628
S19,W080,related,control,0.4102184004835469,4,90,433,1,14,0.6559358939826502
S19,W081,unrelated,control,1.1191925348290213,6,81,608,1,17,1.6481078344606088
S19,W082,related,control,-0.0322703529262462,6,58,548,1,11,-0.33623604649530847
S19,W083,unrelated,control,0.1654914468887871,7,65,1065,0,14,0.6559358939826502
S19,W084,related,control,0.8719147743400757,7,32,552,1,12,-0.005512066335988933
S19,W085,unrelated,control,-0.8790583874314196,7,2,658,1,13,0.3252119138233306
S19,W086,related,control,-0.7905740078936522,7,8,680,1,8,-1.328407986973267
S19,W087,unrelated,control,0.5846936512450975,6,38,438,0,12,-0.005512066335988933
S19,W088,related,control,-0.8247875085796271,5,51,750,0,9,-0.9976840068139475
S19,W089,unrelated,control,-1.4798537261722209,8,71,793,0,10,-0.666960026654628
S19,W090,related,control,-0.5298687768050517,7,62,772,0,10,-0.666960026654628
S19,W091,unrelated,control,0.0199958773569514,6,27,795,0,13,0.3252119138233306
S19,W092,related,control,0.8827875457824161,5,34,617,1,16,1.3173838543012892
S19,W093,unrelated,control,-0.3951162220036792,6,47,617,1,11,-0.33623604649530847
S19,W094,related,control,-0.2729766410664055,6,66,703,1,14,0.6559358939826502
S19,W095,unrelated,control,-0.8951685051880719,8,1,766,0,9,-0.9976840068139475
S19,W096,related,control,-0.4092407736087192,8,99,912,1,11,-0.33623604649530847
S19,W097,unrelated,control,-0.0617302306989816,5,23,715,1,13,0.3252119138233306
S19,W098,related,control,-0.148276360874164,7,119,644,1,12,-0.005512066335988933
S19,W099,unrelated,control,-0.5593352549066585,6,46,667,1,11,-0.33623604649530847
S19,W100,related,control,0.942231995983134,6,97,567,1,14,0.6559358939826502
S19,W101,unrelated,control,-0.4764940879555429,6,87,903,1,11,-0.33623604649530847
S19,W102,related,control,0.2909020541309749,6,74,592,1,12,-0.005512066335988933
S19,W103,unrelated,control,-0.5886379098238127,8,116,676,1,9,-0.9976840068139475
S19,W104,related,control,-0.1214698405936154,5,14,609,1,11,-0.33623604649530847
S19,W105,unrelated,control,0.9039757269248688,7,105,636,1,16,1.3173838543012892
S19,W106,related,control,0.9500663306709668,5,98,854,1,14,0.6559358939826502
S19,W107,unrelated,control,-0.1048038833831658,7,22,793,1,14,0.6559358939826502
S19,W108,related,control,1.0859079831560388,6,88,468,1,17,1.6481078344606088
S19,W109,unrelated,control,1.4716210444039308,4,39,639,1,16,1.3173838543012892
S19,W110,related,control,-0.6985479929330615,5,17,982,1,12,-0.005512066335988933
S19,W111,unrelated,control,0.0810520811925241,6,103,853,1,12,-0.005512066335988933
S19,W112,related,control,-0.9707136954003068,6,4,712,1,12,-0.005512066335988933
S19,W113,unrelated,control,0.3016402314525866,7,118,572,1,12,-0.005512066335988933
S19,W114,related,control,0.2964810364202688,6,16,649,1,13,0.3252119138233306
S19,W115,unrelated,control,0.9454197977241208,5,75,600,1,14,0.6559358939826502
S19,W116,related,control,0.5722667365127202,5,59,577,1,13,0.3252119138233306
S19,W117,unrelated,control,-0.3562583501967622,6,40,818,1,12,-0.005512066335988933
S19,W118,related,control,0.9249426975480984,4,48,503,1,14,0.6559358939826502
S19,W119,unrelated,control,-0.2589413440745218,7,108,754,1,12,-0.005512066335988933
S19,W120,related,control,-1.6613676983867645,7,106,498,1,7,-1.6591319671325866
S20,W001,related,control,-0.9139392237197596,6,45,540,1,8,-1.328407986973267
S20,W002,unrelated,control,0.1358238092024783,6,64,424,1,15,0.9866598741419697
S20,W003,related,control,0.0968317689390009,5,35,520,1,13,0.3252119138233306
S20,W004,unrelated,control,-1.3047661789528002,8,119,636,0,8,-1.328407986973267
S20,W005,related,control,0.4824205120703297,7,22,543,1,15,0.9866598741419697
S20,W006,unrelated,control,1.5453446713553585,5,67,775,1,18,1.9788318146199282
S20,W007,related,control,-0.6150774716989514,7,50,633,1,8,-1.328407986973267
S20,W008,unrelated,control,0.7371741115453434,5,118,773,1,14,0.6559358939826502
S20,W009,related,control,0.4367971257492582,5,34,368,1,16,1.3173838543012892
S20,W010,unrelated,control,0.5628372917200654,4,11,478,1,15,0.9866598741419697
S20,W011,related,control,0.0928637611052042,5,65,454,1,16,1.3173838543012892
S20,W012,unrelated,control,-1.017174296547943,7,6,635,1,5,-2.3205799274512255
S20,W013,related,control,-0.1757199187168372,5,15,588,1,13,0.3252119138233306
S20,W014,unrelated,control,-0.4670875917863192,7,104,635,0,10,-0.666960026654628
S20,W015,related,control,0.6376366034140181,4,79,665,1,13,0.3252119138233306
S20,W016,unrelated,control,0.4758777000006875,6,19,509,1,15,0.9866598741419697
S20,W017,related,control,-1.1004086247447586,7,21,738,1,10,-0.666960026654628
S20,W018,unrelated,control,-0.0732480440826994,5,70,600,1,11,-0.33623604649530847
S20,W019,related,control,0.8377763169382735,5,102,747,1,17,1.6481078344606088
S20,W020,unrelated,control,-0.10953246691453,6,62,385,0,13,0.3252119138233306
S20,W021,related,control,0.1653741913649934,6,46,566,1,11,-0.33623604649530847
S20,W022,unrelated,control,-1.5613246312784643,7,114,941,1,7,-1.6591319671325866
S20,W023,related,control,1.5516882128257177,4,26,478,1,18,1.9788318146199282
S20,W024,unrelated,control,0.6676736601563552,6,47,565,1,15,0.9866598741419697
S20,W025,related,control,-1.1003524346233824,6,113,535,1,9,-0.9976840068139475
S20,W026,unrelated,control,1.2547311434192785,5,97,656,1,15,0.9866598741419697
S20,W027,related,control,0.2511535240099482,6,9,739,1,11,-0.33623604649530847
S20,W028,unrelated,control,-0.4744448584528069,6,93,564,1,10,-0.666960026654628
S20,W029,related,control,-0.034955592045138,6,58,528,1,11,-0.33623604649530847
S20,W030,unrelated,control,-1.2168271291729122,6,96,543,1,9,-0.9976840068139475
S20,W031,related,control,0.714619446660419,5,99,602,1,14,0.6559358939826502
S20,W032,unrelated,control,-1.3165830605078477,6,100,612,0,10,-0.666960026654628
S20,W033,related,control,-0.21523491523936,7,59,442,1,12,-0.005512066335988933
S20,W034,unrelated,control,-0.8773992307693209,5,101,573,1,10,-0.666960026654628
S20,W035,related,control,-0.5296422482991268,8,49,599,1,11,-0.33623604649530847
S20,W036,unrelated,control,-0.1884520533183292,7,120,473,1,13,0.3252119138233306
S20,W037,related,control,-1.1890454200315383,10,111,655,1,9,-0.9976840068139475
S20,W038,unrelated,control,0.956289262928874,5,107,436,1,16,1.3173838543012892
S20,W039,related,control,-1.409803501846958,9,103,395,0,9,-0.9976840068139475
S20,W040,unrelated,control,0.0326171911239126,7,98,700,1,14,0.6559358939826502
S20,W041,related,control,2.768124509357714,4,88,302,1,19,2.3095557947792478
S20,W042,unrelated,control,-2.051321246725728,8,8,668,0,7,-1.6591319671325866
S20,W043,related,control,-0.4642735130186097,7,24,581,0,12,-0.005512066335988933
S20,W044,unrelated,control,-0.074692481078299,5,3,555,1,11,-0.33623604649530847
S20,W045,related,control,-2.8603180515178988,8,7,543,1,2,-3.312751867929184
S20,W046,unrelated,control,0.2765126725847232,6,57,624,1,13,0.3252119138233306
S20,W047,related,control,0.0194756794538221,6,31,633,1,11,-0.33623604649530847
S20,W048,unrelated,control,0.9901168140194688,6,38,496,1,13,0.3252119138233306
S20,W049,related,control,1.4263582067643383,5,33,524,1,18,1.9788318146199282
S20,W050,unrelated,control,0.2830487228263371,5,1,487,1,16,1.3173838543012892
S20,W051,related,control,0.2912642538060146,5,5,533,1,11,-0.33623604649530847
S20,W052,unrelated,control,0.2221144455622858,6,52,563,1,14,0.6559358939826502
S20,W053,related,control,1.5099166560295276,5,105,455,1,13,0.3252119138233306
S20,W054,unrelated,control,-0.4557117009268119,7,116,644,1,10,-0.666960026654628
S20,W055,related,control,-0.8565905568902926,6,75,774,1,11,-0.33623604649530847
S20,W056,unrelated,control,-1.5572563778362285,6,53,765,1,8,-1.328407986973267
S20,W057,related,control,-0.9059093384605884,8,72,459,1,9,-0.9976840068139475
S20,W058,unrelated,control,-1.6486942190789142,6,82,488,1,9,-0.9976840068139475
S20,W059,related,control,-0.3001634484294758,6,69,503,1,12,-0.005512066335988933
S20,W060,unrelated,control,-0.4724816193194414,5,30,416,0,12,-0.005512066335988933
S20,W061,related,control,1.7395844656453046,5,95,442,1,19,2.3095557947792478
S20,W062,unrelated,control,1.148113333746188,7,27,528,1,15,0.9866598741419697
S20,W063,related,control,0.0350906934612753,6,13,433,1,15,0.9866598741419697
S20,W064,unrelated,control,1.1068512013196057,4,32,513,1,14,0.6559358939826502
S20,W065,related,control,-0.29377833954959,5,25,400,1,11,-0.33623604649530847
S20,W066,unrelated,control,-0.8621267483079921,6,56,576,1,11,-0.33623604649530847
S20,W067,related,control,-0.8004905870752745,5,112,622,1,9,-0.9976840068139475
S20,W068,unrelated,control,-0.6822716459168946,6,41,478,1,11,-0.33623604649530847
S20,W069,related,control,-2.306145484861042,8,85,714,1,6,-1.9898559472919062
S20,W070,unrelated,control,-0.4692453518743268,6,94,553,1,10,-0.666960026654628
S20,W071,related,control,-0.7186668647491127,7,4,401,0,13,0.3252119138233306
S20,W072,unrelated,control,-1.8666945779672184,6,91,1075,1,8,-1.328407986973267
S20,W073,related,control,0.891632901440497,6,10,703,1,15,0.9866598741419697
S20,W074,unrelated,control,0.0035851005184451,7,106,639,1,13,0.3252119138233306
S20,W075,related,control,-0.8296935917886239,8,54,612,1,11,-0.33623604649530847
S20,W076,unrelated,control,0.0063453267125901,6,86,531,1,11,-0.33623604649530847
S20,W077,related,control,-1.3756874142011304,6,84,463,1,7,-1.6591319671325866
S20,W078,unrelated,control,-1.493333612226836,10,12,591,1,8,-1.328407986973267
S20,W079,related,control,0.1139469950564595,6,115,665,0,10,-0.666960026654628
S20,W080,unrelated,control,0.4102184004835469,4,37,314,1,14,0.6559358939826502
S20,W081,related,control,1.1191925348290213,6,16,359,1,17,1.6481078344606088
S20,W082,unrelated,control,-0.0322703529262462,6,90,494,1,11,-0.33623604649530847
S20,W083,related,control,0.1654914468887871,7,29,833,1,14,0.6559358939826502
S20,W084,unrelated,control,0.8719147743400757,7,48,569,1,12,-0.005512066335988933
S20,W085,related,control,-0.8790583874314196,7,20,363,1,13,0.3252119138233306
S20,W086,unrelated,control,-0.7905740078936522,7,43,593,1,8,-1.328407986973267
S20,W087,related,control,0.5846936512450975,6,73,353,1,12,-0.005512066335988933
S20,W088,unrelated,control,-0.8247875085796271,5,108,509,1,9,-0.9976840068139475
S20,W089,related,control,-1.4798537261722209,8,2,657,1,10,-0.666960026654628
S20,W090,unrelated,control,-0.5298687768050517,7,55,519,1,10,-0.666960026654628
S20,W091,related,control,0.0199958773569514,6,77,409,1,13,0.3252119138233306
S20,W092,unrelated,control,0.8827875457824161,5,66,543,1,16,1.3173838543012892
S20,W093,related,control,-0.3951162220036792,6,74,487,1,11,-0.33623604649530847
S20,W094,unrelated,control,-0.2729766410664055,6,81,525,1,14,0.6559358939826502
S20,W095,related,control,-0.8951685051880719,8,63,572,1,9,-0.9976840068139475
S20,W096,unrelated,control,-0.4092407736087192,8,60,868,1,11,-0.33623604649530847
S20,W097,related,control,-0.0617302306989816,5,109,478,1,13,0.3252119138233306
S20,W098,unrelated,control,-0.148276360874164,7,83,417,1,12,-0.005512066335988933
S20,W099,related,control,-0.5593352549066585,6,42,532,1,11,-0.33623604649530847
S20,W100,unrelated,control,0.942231995983134,6,18,574,1,14,0.6559358939826502
S20,W101,related,control,-0.4764940879555429,6,117,640,1,11,-0.33623604649530847
S20,W102,unrelated,control,0.2909020541309749,6,89,544,1,12,-0.005512066335988933
S20,W103,related,control,-0.5886379098238127,8,44,525,1,9,-0.9976840068139475
S20,W104,unrelated,control,-0.1214698405936154,5,87,450,1,11,-0.33623604649530847
S20,W105,related,control,0.9039757269248688,7,14,410,1,16,1.3173838543012892
S20,W106,unrelated,control,0.9500663306709668,5,71,608,1,14,0.6559358939826502
S20,W107,related,control,-0.1048038833831658,7,78,472,1,14,0.6559358939826502
S20,W108,unrelated,control,1.0859079831560388,6,40,405,1,17,1.6481078344606088
S20,W109,related,control,1.4716210444039308,4,76,531,1,16,1.3173838543012892
S20,W110,unrelated,control,-0.6985479929330615,5,17,800,1,12,-0.005512066335988933
S20,W111,related,control,0.0810520811925241,6,28,834,1,12,-0.005512066335988933
S20,W112,unrelated,control,-0.9707136954003068,6,23,625,1,12,-0.005512066335988933
S20,W113,related,control,0.3016402314525866,7,80,329,1,12,-0.005512066335988933
S20,W114,unrelated,control,0.2964810364202688,6,110,553,1,13,0.3252119138233306
S20,W115,related,control,0.9454197977241208,5,51,381,1,14,0.6559358939826502
S20,W116,unrelated,control,0.5722667365127202,5,61,561,1,13,0.3252119138233306
S20,W117,related,control,-0.3562583501967622,6,39,603,1,12,-0.005512066335988933
S20,W118,unrelated,control,0.9249426975480984,4,68,427,1,14,0.6559358939826502
S20,W119,related,control,-0.2589413440745218,7,36,707,1,12,-0.005512066335988933
S20,W120,unrelated,control,-1.6613676983867645,7,92,544,0,7,-1.6591319671325866
S21,W001,unrelated,control,-0.9139392237197596,6,96,635,1,8,-1.328407986973267
S21,W002,related,control,0.1358238092024783,6,94,603,1,15,0.9866598741419697
S21,W003,unrelated,control,0.0968317689390009,5,28,589,1,13,0.3252119138233306
S21,W004,related,control,-1.3047661789528002,8,44,618,1,8,-1.328407986973267
S21,W005,unrelated,control,0.4824205120703297,7,8,641,1,15,0.9866598741419697
S21,W006,related,control,1.5453446713553585,5,79,733,1,18,1.9788318146199282
S21,W007,unrelated,control,-0.6150774716989514,7,3,1002,0,8,-1.328407986973267
S21,W008,related,control,0.7371741115453434,5,88,758,1,14,0.6559358939826502
S21,W009,unrelated,control,0.4367971257492582,5,89,375,1,16,1.3173838543012892
S21,W010,related,control,0.5628372917200654,4,23,556,1,15,0.9866598741419697
S21,W011,unrelated,control,0.0928637611052042,5,84,751,1,16,1.3173838543012892
S21,W012,related,control,-1.017174296547943,7,119,811,1,5,-2.3205799274512255
S21,W013,unrelated,control,-0.1757199187168372,5,18,616,0,13,0.3252119138233306
S21,W014,related,control,-0.4670875917863192,7,99,650,0,10,-0.666960026654628
S21,W015,unrelated,control,0.6376366034140181,4,105,908,1,13,0.3252119138233306
S21,W016,related,control,0.4758777000006875,6,60,508,1,15,0.9866598741419697
S21,W017,unrelated,control,-1.1004086247447586,7,27,940,1,10,-0.666960026654628
S21,W018,related,control,-0.0732480440826994,5,2,596,1,11,-0.33623604649530847
S21,W019,unrelated,control,0.8377763169382735,5,101,985,1,17,1.6481078344606088
S21,W020,related,control,-0.10953246691453,6,120,457,1,13,0.3252119138233306
S21,W021,unrelated,control,0.1653741913649934,6,50,703,1,11,-0.33623604649530847
S21,W022,related,control,-1.5613246312784643,7,24,953,1,7,-1.6591319671325866
S21,W023,unrelated,control,1.5516882128257177,4,83,674,1,18,1.9788318146199282
S21,W024,related,control,0.6676736601563552,6,43,546,1,15,0.9866598741419697
S21,W025,unrelated,control,-1.1003524346233824,6,38,812,1,9,-0.9976840068139475
S21,W026,related,control,1.2547311434192785,5,12,699,1,15,0.9866598741419697
S21,W027,unrelated,control,0.2511535240099482,6,63,691,1,11,-0.33623604649530847
S21,W028,related,control,-0.4744448584528069,6,92,612,1,10,-0.666960026654628
S21,W029,unrelated,control,-0.034955592045138,6,52,768,1,11,-0.33623604649530847
S21,W030,related,control,-1.2168271291729122,6,29,509,1,9,-0.9976840068139475
S21,W031,unrelated,control,0.714619446660419,5,115,1027,1,14,0.6559358939826502
S21,W032,related,control,-1.3165830605078477,6,113,678,1,10,-0.666960026654628
S21,W033,unrelated,control,-0.21523491523936,7,71,492,0,12,-0.005512066335988933
S21,W034,related,control,-0.8773992307693209,5,37,540,1,10,-0.666960026654628
S21,W035,unrelated,control,-0.5296422482991268,8,66,717,1,11,-0.33623604649530847
S21,W036,related,control,-0.1884520533183292,7,116,451,1,13,0.3252119138233306
S21,W037,unrelated,control,-1.1890454200315383,10,41,673,1,9,-0.9976840068139475
S21,W038,related,control,0.956289262928874,5,97,554,1,16,1.3173838543012892
S21,W039,unrelated,control,-1.409803501846958,9,7,692,0,9,-0.9976840068139475
S21,W040,related,control,0.0326171911239126,7,20,746,0,14,0.6559358939826502
S21,W041,unrelated,control,2.768124509357714,4,31,316,1,19,2.3095557947792478
S21,W042,related,control,-2.051321246725728,8,5,679,1,7,-1.6591319671325866
S21,W043,unrelated,control,-0.4642735130186097,7,30,680,1,12,-0.005512066335988933
S21,W044,related,control,-0.074692481078299,5,47,675,1,11,-0.33623604649530847
S21,W045,unrelated,control,-2.8603180515178988,8,82,899,0,2,-3.312751867929184
S21,W046,related,control,0.2765126725847232,6,62,563,1,13,0.3252119138233306
S21,W047,unrelated,control,0.0194756794538221,6,35,794,0,11,-0.33623604649530847
S21,W048,related,control,0.9901168140194688,6,54,565,1,13,0.3252119138233306
S21,W049,unrelated,control,1.4263582067643383,5,13,721,1,18,1.9788318146199282
S21,W050,related,control,0.2830487228263371,5,77,462,1,16,1.3173838543012892
S21,W051,unrelated,control,0.2912642538060146,5,42,591,1,11,-0.33623604649530847
S21,W052,related,control,0.2221144455622858,6,56,606,1,14,0.6559358939826502
S21,W053,unrelated,control,1.5099166560295276,5,17,601,1,13,0.3252119138233306
S21,W054,related,control,-0.4557117009268119,7,110,719,1,10,-0.666960026654628
S21,W055,unrelated,control,-0.8565905568902926,6,68,897,1,11,-0.33623604649530847
S21,W056,related,control,-1.5572563778362285,6,70,769,1,8,-1.328407986973267
S21,W057,unrelated,control,-0.9059093384605884,8,21,581,0,9,-0.9976840068139475
S21,W058,related,control,-1.6486942190789142,6,22,455,1,9,-0.9976840068139475
S21,W059,unrelated,control,-0.3001634484294758,6,51,600,1,12,-0.005512066335988933
S21,W060,related,control,-0.4724816193194414,5,65,539,1,12,-0.005512066335988933
S21,W061,unrelated,control,1.7395844656453046,5,103,630,0,19,2.3095557947792478
S21,W062,related,control,1.148113333746188,7,85,614,1,15,0.9866598741419697
S21,W063,unrelated,control,0.0350906934612753,6,9,582,1,15,0.9866598741419697
S21,W064,related,control,1.1068512013196057,4,6,584,1,14,0.6559358939826502
S21,W065,unrelated,control,-0.29377833954959,5,87,535,1,11,-0.33623604649530847
S21,W066,related,control,-0.8621267483079921,6,117,533,1,11,-0.33623604649530847
S21,W067,unrelated,control,-0.8004905870752745,5,36,718,1,9,-0.9976840068139475
S21,W068,related,control,-0.6822716459168946,6,90,674,1,11,-0.33623604649530847
S21,W069,unrelated,control,-2.306145484861042,8,93,907,1,6,-1.9898559472919062
S21,W070,related,control,-0.4692453518743268,6,81,685,1,10,-0.666960026654628
S21,W071,unrelated,control,-0.7186668647491127,7,53,608,0,13,0.3252119138233306
S21,W072,related,control,-1.8666945779672184,6,19,711,1,8,-1.328407986973267
S21,W073,unrelated,control,0.891632901440497,6,100,721,1,15,0.9866598741419697
S21,W074,related,control,0.0035851005184451,7,46,696,1,13,0.3252119138233306
S21,W075,unrelated,control,-0.8296935917886239,8,95,808,1,11,-0.33623604649530847
S21,W076,related,control,0.0063453267125901,6,40,544,1,11,-0.33623604649530847
S21,W077,unrelated,control,-1.3756874142011304,6,64,572,1,7,-1.6591319671325866
S21,W078,related,control,-1.493333612226836,10,49,608,1,8,-1.328407986973267
S21,W079,unrelated,control,0.1139469950564595,6,111,623,0,10,-0.666960026654628
S21,W080,related,control,0.4102184004835469,4,76,347,1,14,0.6559358939826502
S21,W081,unrelated,control,1.1191925348290213,6,16,554,1,17,1.6481078344606088
S21,W082,related,control,-0.0322703529262462,6,75,437,1,11,-0.33623604649530847
S21,W083,unrelated,control,0.1654914468887871,7,11,967,1,14,0.6559358939826502
S21,W084,related,control,0.8719147743400757,7,108,638,0,12,-0.005512066335988933
S21,W085,unrelated,control,-0.8790583874314196,7,45,518,1,13,0.3252119138233306
S21,W086,related,control,-0.7905740078936522,7,114,633,1,8,-1.328407986973267
S21,W087,unrelated,control,0.5846936512450975,6,4,545,0,12,-0.005512066335988933
S21,W088,related,control,-0.8247875085796271,5,107,522,1,9,-0.9976840068139475
S21,W089,unrelated,control,-1.4798537261722209,8,74,886,1,10,-0.666960026654628
S21,W090,related,control,-0.5298687768050517,7,106,551,1,10,-0.666960026654628
S21,W091,unrelated,control,0.0199958773569514,6,104,615,1,13,0.3252119138233306
S21,W092,related,control,0.8827875457824161,5,33,701,1,16,1.3173838543012892
S21,W093,unrelated,control,-0.3951162220036792,6,32,550,1,11,-0.33623604649530847
S21,W094,related,control,-0.2729766410664055,6,55,588,1,14,0.6559358939826502
S21,W095,unrelated,control,-0.8951685051880719,8,1,821,0,9,-0.9976840068139475
S21,W096,related,control,-0.4092407736087192,8,112,863,1,11,-0.33623604649530847
S21,W097,unrelated,control,-0.0617302306989816,5,10,588,1,13,0.3252119138233306
S21,W098,related,control,-0.148276360874164,7,98,509,1,12,-0.005512066335988933
S21,W099,unrelated,control,-0.5593352549066585,6,14,615,0,11,-0.33623604649530847
S21,W100,related,control,0.942231995983134,6,39,578,0,14,0.6559358939826502
S21,W101,unrelated,control,-0.4764940879555429,6,78,870,1,11,-0.33623604649530847
S21,W102,related,control,0.2909020541309749,6,26,485,1,12,-0.005512066335988933
S21,W103,unrelated,control,-0.5886379098238127,8,15,826,1,9,-0.9976840068139475
S21,W104,related,control,-0.1214698405936154,5,118,446,0,11,-0.33623604649530847
S21,W105,unrelated,control,0.9039757269248688,7,57,602,1,16,1.3173838543012892
S21,W106,related,control,0.9500663306709668,5,73,674,1,14,0.6559358939826502
S21,W107,unrelated,control,-0.1048038833831658,7,91,684,0,14,0.6559358939826502
S21,W108,related,control,1.0859079831560388,6,80,585,1,17,1.6481078344606088
S21,W109,unrelated,control,1.4716210444039308,4,48,581,1,16,1.3173838543012892
S21,W110,related,control,-0.6985479929330615,5,72,790,1,12,-0.005512066335988933
S21,W111,unrelated,control,0.0810520811925241,6,102,1170,1,12,-0.005512066335988933
S21,W112,related,control,-0.9707136954003068,6,86,544,1,12,-0.005512066335988933
S21,W113,unrelated,control,0.3016402314525866,7,67,457,1,12,-0.005512066335988933
S21,W114,related,control,0.2964810364202688,6,58,680,1,13,0.3252119138233306
S21,W115,unrelated,control,0.9454197977241208,5,109,594,1,14,0.6559358939826502
S21,W116,related,control,0.5722667365127202,5,59,702,1,13,0.3252119138233306
S21,W117,unrelated,control,-0.3562583501967622,6,69,896,0,12,-0.005512066335988933
S21,W118,related,control,0.9249426975480984,4,25,395,1,14,0.6559358939826502
S21,W119,unrelated,control,-0.2589413440745218,7,34,713,0,12,-0.005512066335988933
S21,W120,related,control,-1.6613676983867645,7,61,595,1,7,-1.6591319671325866
S22,W001,related,control,-0.9139392237197596,6,84,512,1,8,-1.328407986973267
S22,W002,unrelated,control,0.1358238092024783,6,99,530,1,15,0.9866598741419697
S22,W003,related,control,0.0968317689390009,5,48,459,1,13,0.3252119138233306
S22,W004,unrelated,control,-1.3047661789528002,8,25,597,1,8,-1.328407986973267
S22,W005,related,control,0.4824205120703297,7,28,677,1,15,0.9866598741419697
S22,W006,unrelated,control,1.5453446713553585,5,66,671,1,18,1.9788318146199282
S22,W007,related,control,-0.6150774716989514,7,64,632,1,8,-1.328407986973267
S22,W008,unrelated,control,0.7371741115453434,5,39,747,1,14,0.6559358939826502
S22,W009,related,control,0.4367971257492582,5,108,469,1,16,1.3173838543012892
S22,W010,unrelated,control,0.5628372917200654,4,118,434,1,15,0.9866598741419697
S22,W011,related,control,0.0928637611052042,5,9,514,1,16,1.3173838543012892
S22,W012,unrelated,control,-1.017174296547943,7,11,652,1,5,-2.3205799274512255
S22,W013,related,control,-0.1757199187168372,5,83,505,0,13,0.3252119138233306
S22,W014,unrelated,control,-0.4670875917863192,7,7,685,1,10,-0.666960026654628
S22,W015,related,control,0.6376366034140181,4,15,815,1,13,0.3252119138233306
S22,W016,unrelated,control,0.4758777000006875,6,3,560,0,15,0.9866598741419697
S22,W017,related,control,-1.1004086247447586,7,17,613,1,10,-0.666960026654628
S22,W018,unrelated,control,-0.0732480440826994,5,115,456,1,11,-0.33623604649530847
S22,W019,related,control,0.8377763169382735,5,30,622,1,17,1.6481078344606088
S22,W020,unrelated,control,-0.10953246691453,6,59,463,1,13,0.3252119138233306
S22,W021,related,control,0.1653741913649934,6,32,507,1,11,-0.33623604649530847
S22,W022,unrelated,control,-1.5613246312784643,7,63,839,1,7,-1.6591319671325866
S22,W023,related,control,1.5516882128257177,4,46,542,1,18,1.9788318146199282
S22,W024,unrelated,control,0.6676736601563552,6,20,725,1,15,0.9866598741419697
S22,W025,related,control,-1.1003524346233824,6,27,557,0,9,-0.9976840068139475
S22,W026,unrelated,control,1.2547311434192785,5,74,687,1,15,0.9866598741419697
S22,W027,related,control,0.2511535240099482,6,105,639,1,11,-0.33623604649530847
S22,W028,unrelated,control,-0.4744448584528069,6,104,625,1,10,-0.666960026654628
S22,W029,related,control,-0.034955592045138,6,87,539,1,11,-0.33623604649530847
S22,W030,unrelated,control,-1.2168271291729122,6,35,547,1,9,-0.9976840068139475
S22,W031,related,control,0.714619446660419,5,97,593,1,14,0.6559358939826502
S22,W032,unrelated,control,-1.3165830605078477,6,26,743,1,10,-0.666960026654628
S22,W033,related,control,-0.21523491523936,7,120,479,1,12,-0.005512066335988933
S22,W034,unrelated,control,-0.8773992307693209,5,47,480,1,10,-0.666960026654628
S22,W035,related,control,-0.5296422482991268,8,85,550,1,11,-0.33623604649530847
S22,W036,unrelated,control,-0.1884520533183292,7,91,577,1,13,0.3252119138233306
S22,W037,related,control,-1.1890454200315383,10,22,720,1,9,-0.9976840068139475
S22,W038,unrelated,control,0.956289262928874,5,13,427,1,16,1.3173838543012892
S22,W039,related,control,-1.409803501846958,9,70,482,1,9,-0.9976840068139475
S22,W040,unrelated,control,0.0326171911239126,7,6,638,1,14,0.6559358939826502
S22,W041,related,control,2.768124509357714,4,109,338,1,19,2.3095557947792478
S22,W042,unrelated,control,-2.051321246725728,8,19,837,1,7,-1.6591319671325866
S22,W043,related,control,-0.4642735130186097,7,18,500,1,12,-0.005512066335988933
S22,W044,unrelated,control,-0.074692481078299,5,100,604,1,11,-0.33623604649530847
S22,W045,related,control,-2.8603180515178988,8,119,545,1,2,-3.312751867929184
S22,W046,unrelated,control,0.2765126725847232,6,69,492,1,13,0.3252119138233306
S22,W047,related,control,0.0194756794538221,6,10,611,1,11,-0.33623604649530847
S22,W048,unrelated,control,0.9901168140194688,6,76,471,1,13,0.3252119138233306
S22,W049,related,control,1.4263582067643383,5,43,523,1,18,1.9788318146199282
S22,W050,unrelated,control,0.2830487228263371,5,94,477,1,16,1.3173838543012892
S22,W051,related,control,0.2912642538060146,5,62,514,1,11,-0.33623604649530847
S22,W052,unrelated,control,0.2221144455622858,6,114,779,1,14,0.6559358939826502
S22,W053,related,control,1.5099166560295276,5,54,472,1,13,0.3252119138233306
S22,W054,unrelated,control,-0.4557117009268119,7,101,583,1,10,-0.666960026654628
S22,W055,related,control,-0.8565905568902926,6,80,769,1,11,-0.33623604649530847
S22,W056,unrelated,control,-1.5572563778362285,6,4,807,1,8,-1.328407986973267
S22,W057,related,control,-0.9059093384605884,8,2,644,1,9,-0.9976840068139475
S22,W058,unrelated,control,-1.6486942190789142,6,38,477,1,9,-0.9976840068139475
S22,W059,related,control,-0.3001634484294758,6,82,469,1,12,-0.005512066335988933
S22,W060,unrelated,control,-0.4724816193194414,5,12,507,1,12,-0.005512066335988933
S22,W061,related,control,1.7395844656453046,5,53,581,1,19,2.3095557947792478
S22,W062,unrelated,control,1.148113333746188,7,23,500,1,15,0.9866598741419697
S22,W063,related,control,0.0350906934612753,6,44,397,1,15,0.9866598741419697
S22,W064,unrelated,control,1.1068512013196057,4,29,380,1,14,0.6559358939826502
S22,W065,related,control,-0.29377833954959,5,111,367,1,11,-0.33623604649530847
S22,W066,unrelated,control,-0.8621267483079921,6,77,650,1,11,-0.33623604649530847
S22,W067,related,control,-0.8004905870752745,5,57,619,1,9,-0.9976840068139475
S22,W068,unrelated,control,-0.6822716459168946,6,45,510,1,11,-0.33623604649530847
S22,W069,related,control,-2.306145484861042,8,86,821,1,6,-1.9898559472919062
S22,W070,unrelated,control,-0.4692453518743268,6,61,580,1,10,-0.666960026654628
S22,W071,related,control,-0.7186668647491127,7,41,478,1,13,0.3252119138233306
S22,W072,unrelated,control,-1.8666945779672184,6,93,884,1,8,-1.328407986973267
S22,W073,related,control,0.891632901440497,6,68,532,1,15,0.9866598741419697
S22,W074,unrelated,control,0.0035851005184451,7,107,614,1,13,0.3252119138233306
S22,W075,related,control,-0.8296935917886239,8,112,508,1,11,-0.33623604649530847
S22,W076,unrelated,control,0.0063453267125901,6,5,469,1,11,-0.33623604649530847
S22,W077,related,control,-1.3756874142011304,6,14,530,1,7,-1.6591319671325866
S22,W078,unrelated,control,-1.493333612226836,10,1,601,1,8,-1.328407986973267
S22,W079,related,control,0.1139469950564595,6,96,587,1,10,-0.666960026654628
S22,W080,unrelated,control,0.4102184004835469,4,42,326,1,14,0.6559358939826502
S22,W081,related,control,1.1191925348290213,6,89,487,1,17,1.6481078344606088
S22,W082,unrelated,control,-0.0322703529262462,6,103,594,1,11,-0.33623604649530847
S22,W083,related,control,0.1654914468887871,7,71,791,1,14,0.6559358939826502
S22,W084,unrelated,control,0.8719147743400757,7,81,447,1,12,-0.005512066335988933
S22,W085,related,control,-0.8790583874314196,7,73,369,1,13,0.3252119138233306
S22,W086,unrelated,control,-0.7905740078936522,7,65,512,1,8,-1.328407986973267
S22,W087,related,control,0.5846936512450975,6,102,468,1,12,-0.005512066335988933
S22,W088,unrelated,control,-0.8247875085796271,5,92,387,1,9,-0.9976840068139475
S22,W089,related,control,-1.4798537261722209,8,34,710,1,10,-0.666960026654628
S22,W090,unrelated,control,-0.5298687768050517,7,60,563,1,10,-0.666960026654628
S22,W091,related,control,0.0199958773569514,6,110,496,1,13,0.3252119138233306
S22,W092,unrelated,control,0.8827875457824161,5,16,518,1,16,1.3173838543012892
S22,W093,related,control,-0.3951162220036792,6,98,454,1,11,-0.33623604649530847
S22,W094,unrelated,control,-0.2729766410664055,6,24,489,1,14,0.6559358939826502
S22,W095,related,control,-0.8951685051880719,8,90,648,1,9,-0.9976840068139475
S22,W096,unrelated,control,-0.4092407736087192,8,116,882,1,11,-0.33623604649530847
S22,W097,related,control,-0.0617302306989816,5,8,590,1,13,0.3252119138233306
S22,W098,unrelated,control,-0.148276360874164,7,21,468,1,12,-0.005512066335988933
S22,W099,related,control,-0.5593352549066585,6,36,683,1,11,-0.33623604649530847
S22,W100,unrelated,control,0.942231995983134,6,78,588,1,14,0.6559358939826502
S22,W101,related,control,-0.4764940879555429,6,33,797,0,11,-0.33623604649530847
S22,W102,unrelated,control,0.2909020541309749,6,106,500,1,12,-0.005512066335988933
S22,W103,related,control,-0.5886379098238127,8,52,609,1,9,-0.9976840068139475
S22,W104,unrelated,control,-0.1214698405936154,5,117,420,1,11,-0.33623604649530847
S22,W105,related,control,0.9039757269248688,7,72,538,1,16,1.3173838543012892
S22,W106,unrelated,control,0.9500663306709668,5,75,684,1,14,0.6559358939826502
S22,W107,related,control,-0.1048038833831658,7,55,462,1,14,0.6559358939826502
S22,W108,unrelated,control,1.0859079831560388,6,88,379,1,17,1.6481078344606088
S22,W109,related,control,1.4716210444039308,4,58,606,1,16,1.3173838543012892
S22,W110,unrelated,control,-0.6985479929330615,5,56,808,1,12,-0.005512066335988933
S22,W111,related,control,0.0810520811925241,6,51,758,1,12,-0.005512066335988933
S22,W112,unrelated,control,-0.9707136954003068,6,113,515,1,12,-0.005512066335988933
S22,W113,related,control,0.3016402314525866,7,40,463,1,12,-0.005512066335988933
S22,W114,unrelated,control,0.2964810364202688,6,31,520,1,13,0.3252119138233306
S22,W115,related,control,0.9454197977241208,5,49,440,1,14,0.6559358939826502
S22,W116,unrelated,control,0.5722667365127202,5,95,525,1,13,0.3252119138233306
S22,W117,related,control,-0.3562583501967622,6,50,669,1,12,-0.005512066335988933
S22,W118,unrelated,control,0.9249426975480984,4,79,344,1,14,0.6559358939826502
S22,W119,related,control,-0.2589413440745218,7,37,477,1,12,-0.005512066335988933
S22,W120,unrelated,control,-1.6613676983867645,7,67,614,1,7,-1.6591319671325866
S23,W001,unrelated,control,-0.9139392237197596,6,56,550,1,8,-1.328407986973267
S23,W002,related,control,0.1358238092024783,6,112,377,1,15,0.9866598741419697
S23,W003,unrelated,control,0.0968317689390009,5,13,489,1,13,0.3252119138233306
S23,W004,related,control,-1.3047661789528002,8,34,615,1,8,-1.328407986973267
S23,W005,unrelated,control,0.4824205120703297,7,23,573,1,15,0.9866598741419697
S23,W006,related,control,1.5453446713553585,5,54,573,1,18,1.9788318146199282
S23,W007,unrelated,control,-0.6150774716989514,7,62,677,1,8,-1.328407986973267
S23,W008,related,control,0.7371741115453434,5,31,760,1,14,0.6559358939826502
S23,W009,unrelated,control,0.4367971257492582,5,26,376,1,16,1.3173838543012892
S23,W010,related,control,0.5628372917200654,4,20,462,1,15,0.9866598741419697
S23,W011,unrelated,control,0.0928637611052042,5,94,598,1,16,1.3173838543012892
S23,W012,related,control,-1.017174296547943,7,14,665,0,5,-2.3205799274512255
S23,W013,unrelated,control,-0.1757199187168372,5,32,509,1,13,0.3252119138233306
S23,W014,related,control,-0.4670875917863192,7,79,531,1,10,-0.666960026654628
S23,W015,unrelated,control,0.6376366034140181,4,22,635,1,13,0.3252119138233306
S23,W016,related,control,0.4758777000006875,6,47,386,1,15,0.9866598741419697
S23,W017,unrelated,control,-1.1004086247447586,7,3,661,0,10,-0.666960026654628
S23,W018,related,control,-0.0732480440826994,5,59,562,1,11,-0.33623604649530847
S23,W019,unrelated,control,0.8377763169382735,5,104,669,1,17,1.6481078344606088
S23,W020,related,control,-0.10953246691453,6,110,355,1,13,0.3252119138233306
S23,W021,unrelated,control,0.1653741913649934,6,35,512,1,11,-0.33623604649530847
S23,W022,related,control,-1.5613246312784643,7,103,719,1,7,-1.6591319671325866
S23,W023,unrelated,control,1.5516882128257177,4,93,503,1,18,1.9788318146199282
S23,W024,related,control,0.6676736601563552,6,12,610,1,15,0.9866598741419697
S23,W025,unrelated,control,-1.1003524346233824,6,69,630,1,9,-0.9976840068139475
S23,W026,related,control,1.2547311434192785,5,66,669,1,15,0.9866598741419697
S23,W027,unrelated,control,0.2511535240099482,6,43,781,1,11,-0.33623604649530847
S23,W028,related,control,-0.4744448584528069,6,10,558,1,10,-0.666960026654628
S23,W029,unrelated,control,-0.034955592045138,6,37,593,0,11,-0.33623604649530847
S23,W030,related,control,-1.2168271291729122,6,108,474,1,9,-0.9976840068139475
S23,W031,unrelated,control,0.714619446660419,5,60,720,1,14,0.6559358939826502
S23,W032,related,control,-1.3165830605078477,6,70,636,1,10,-0.666960026654628
S23,W033,unrelated,control,-0.21523491523936,7,82,406,1,12,-0.005512066335988933
S23,W034,related,control,-0.8773992307693209,5,75,477,1,10,-0.666960026654628
S23,W035,unrelated,control,-0.5296422482991268,8,25,616,1,11,-0.33623604649530847
S23,W036,related,control,-0.1884520533183292,7,44,370,1,13,0.3252119138233306
S23,W037,unrelated,control,-1.1890454200315383,10,58,741,1,9,-0.9976840068139475
S23,W038,related,control,0.956289262928874,5,97,449,1,16,1.3173838543012892
S23,W039,unrelated,control,-1.409803501846958,9,52,511,1,9,-0.9976840068139475
S23,W040,related,control,0.0326171911239126,7,42,524,1,14,0.6559358939826502
S23,W041,unrelated,control,2.768124509357714,4,7,289,1,19,2.3095557947792478
S23,W042,related,control,-2.051321246725728,8,38,714,1,7,-1.6591319671325866
S23,W043,unrelated,control,-0.4642735130186097,7,17,442,1,12,-0.005512066335988933
S23,W044,related,control,-0.074692481078299,5,106,536,1,11,-0.33623604649530847
S23,W045,unrelated,control,-2.8603180515178988,8,107,818,1,2,-3.312751867929184
S23,W046,related,control,0.2765126725847232,6,29,621,1,13,0.3252119138233306
S23,W047,unrelated,control,0.0194756794538221,6,88,815,1,11,-0.33623604649530847
S23,W048,related,control,0.9901168140194688,6,77,448,1,13,0.3252119138233306
S23,W049,unrelated,control,1.4263582067643383,5,74,473,0,18,1.9788318146199282
S23,W050,related,control,0.2830487228263371,5,111,458,1,16,1.3173838543012892
S23,W051,unrelated,control,0.2912642538060146,5,67,396,1,11,-0.33623604649530847
S23,W052,related,control,0.2221144455622858,6,6,486,1,14,0.6559358939826502
S23,W053,unrelated,control,1.5099166560295276,5,92,510,1,13,0.3252119138233306
S23,W054,related,control,-0.4557117009268119,7,72,585,1,10,-0.666960026654628
S23,W055,unrelated,control,-0.8565905568902926,6,55,814,1,11,-0.33623604649530847
S23,W056,related,control,-1.5572563778362285,6,8,572,1,8,-1.328407986973267
S23,W057,unrelated,control,-0.9059093384605884,8,113,558,1,9,-0.9976840068139475
S23,W058,related,control,-1.6486942190789142,6,5,354,1,9,-0.9976840068139475
S23,W059,unrelated,control,-0.3001634484294758,6,51,467,1,12,-0.005512066335988933
S23,W060,related,control,-0.4724816193194414,5,16,423,1,12,-0.005512066335988933
S23,W061,unrelated,control,1.7395844656453046,5,64,544,1,19,2.3095557947792478
S23,W062,related,control,1.148113333746188,7,49,373,1,15,0.9866598741419697
S23,W063,unrelated,control,0.0350906934612753,6,119,507,1,15,0.9866598741419697
S23,W064,related,control,1.1068512013196057,4,90,483,1,14,0.6559358939826502
S23,W065,unrelated,control,-0.29377833954959,5,9,454,1,11,-0.33623604649530847
S23,W066,related,control,-0.8621267483079921,6,57,550,1,11,-0.33623604649530847
S23,W067,unrelated,control,-0.8004905870752745,5,80,612,1,9,-0.9976840068139475
S23,W068,related,control,-0.6822716459168946,6,48,430,1,11,-0.33623604649530847
S23,W069,unrelated,control,-2.306145484861042,8,100,1004,1,6,-1.9898559472919062
S23,W070,related,control,-0.4692453518743268,6,45,512,1,10,-0.666960026654628
S23,W071,unrelated,control,-0.7186668647491127,7,84,459,1,13,0.3252119138233306
S23,W072,related,control,-1.8666945779672184,6,40,770,1,8,-1.328407986973267
S23,W073,unrelated,control,0.891632901440497,6,109,549,1,15,0.9866598741419697
S23,W074,related,control,0.0035851005184451,7,18,608,1,13,0.3252119138233306
S23,W075,unrelated,control,-0.8296935917886239,8,95,585,1,11,-0.33623604649530847
S23,W076,related,control,0.0063453267125901,6,19,533,1,11,-0.33623604649530847
S23,W077,unrelated,control,-1.3756874142011304,6,85,489,1,7,-1.6591319671325866
S23,W078,related,control,-1.493333612226836,10,86,653,1,8,-1.328407986973267
S23,W079,unrelated,control,0.1139469950564595,6,96,583,1,10,-0.666960026654628
S23,W080,related,control,0.4102184004835469,4,2,349,1,14,0.6559358939826502
S23,W081,unrelated,control,1.1191925348290213,6,4,510,1,17,1.6481078344606088
S23,W082,related,control,-0.0322703529262462,6,28,395,1,11,-0.33623604649530847
S23,W083,unrelated,control,0.1654914468887871,7,61,814,1,14,0.6559358939826502
S23,W084,related,control,0.8719147743400757,7,65,535,1,12,-0.005512066335988933
S23,W085,unrelated,control,-0.8790583874314196,7,11,456,0,13,0.3252119138233306
S23,W086,related,control,-0.7905740078936522,7,87,552,1,8,-1.328407986973267
S23,W087,unrelated,control,0.5846936512450975,6,81,384,1,12,-0.005512066335988933
S23,W088,related,control,-0.8247875085796271,5,30,487,1,9,-0.9976840068139475
S23,W089,unrelated,control,-1.4798537261722209,8,1,614,1,10,-0.666960026654628
S23,W090,related,control,-0.5298687768050517,7,71,589,1,10,-0.666960026654628
S23,W091,unrelated,control,0.0199958773569514,6,89,485,1,13,0.3252119138233306
S23,W092,related,control,0.8827875457824161,5,41,470,1,16,1.3173838543012892
S23,W093,unrelated,control,-0.3951162220036792,6,50,503,1,11,-0.33623604649530847
S23,W094,related,control,-0.2729766410664055,6,91,548,1,14,0.6559358939826502
S23,W095,unrelated,control,-0.8951685051880719,8,120,525,1,9,-0.9976840068139475
S23,W096,related,control,-0.4092407736087192,8,27,780,1,11,-0.33623604649530847
S23,W097,unrelated,control,-0.0617302306989816,5,21,677,1,13,0.3252119138233306
S23,W098,related,control,-0.148276360874164,7,15,359,1,12,-0.005512066335988933
S23,W099,unrelated,control,-0.5593352549066585,6,118,521,1,11,-0.33623604649530847
S23,W100,related,control,0.942231995983134,6,39,493,1,14,0.6559358939826502
S23,W101,unrelated,control,-0.4764940879555429,6,78,595,1,11,-0.33623604649530847
S23,W102,related,control,0.2909020541309749,6,24,505,1,12,-0.005512066335988933
S23,W103,unrelated,control,-0.5886379098238127,8,76,589,1,9,-0.9976840068139475
S23,W104,related,control,-0.1214698405936154,5,115,403,1,11,-0.33623604649530847
S23,W105,unrelated,control,0.9039757269248688,7,33,427,1,16,1.3173838543012892
S23,W106,related,control,0.9500663306709668,5,102,604,1,14,0.6559358939826502
S23,W107,unrelated,control,-0.1048038833831658,7,73,464,1,14,0.6559358939826502
S23,W108,related,control,1.0859079831560388,6,36,355,1,17,1.6481078344606088
S23,W109,unrelated,control,1.4716210444039308,4,99,466,1,16,1.3173838543012892
S23,W110,related,control,-0.6985479929330615,5,105,656,1,12,-0.005512066335988933
S23,W111,unrelated,control,0.0810520811925241,6,116,679,1,12,-0.005512066335988933
S23,W112,related,control,-0.9707136954003068,6,114,529,1,12,-0.005512066335988933
S23,W113,unrelated,control,0.3016402314525866,7,98,408,1,12,-0.005512066335988933
S23,W114,related,control,0.2964810364202688,6,68,619,1,13,0.3252119138233306
S23,W115,unrelated,control,0.9454197977241208,5,101,489,0,14,0.6559358939826502
S23,W116,related,control,0.5722667365127202,5,53,577,1,13,0.3252119138233306
S23,W117,unrelated,control,-0.3562583501967622,6,83,775,1,12,-0.005512066335988933
S23,W118,related,control,0.9249426975480984,4,46,444,1,14,0.6559358939826502
S23,W119,unrelated,control,-0.2589413440745218,7,63,529,1,12,-0.005512066335988933
S23,W120,related,control,-1.6613676983867645,7,117,443,1,7,-1.6591319671325866
S24,W001,related,control,-0.9139392237197596,6,64,424,1,8,-1.328407986973267
S24,W002,unrelated,control,0.1358238092024783,6,50,325,1,15,0.9866598741419697
S24,W003,related,control,0.0968317689390009,5,52,395,1,13,0.3252119138233306
S24,W004,unrelated,control,-1.3047661789528002,8,100,618,1,8,-1.328407986973267
S24,W005,related,control,0.4824205120703297,7,44,505,1,15,0.9866598741419697
S24,W006,unrelated,control,1.5453446713553585,5,112,644,1,18,1.9788318146199282
S24,W007,related,control,-0.6150774716989514,7,7,611,1,8,-1.328407986973267
S24,W008,unrelated,control,0.7371741115453434,5,61,554,1,14,0.6559358939826502
S24,W009,related,control,0.4367971257492582,5,65,407,1,16,1.3173838543012892
S24,W010,unrelated,control,0.5628372917200654,4,55,435,1,15,0.9866598741419697
S24,W011,related,control,0.0928637611052042,5,42,405,1,16,1.3173838543012892
S24,W012,unrelated,control,-1.017174296547943,7,11,680,1,5,-2.3205799274512255
S24,W013,related,control,-0.1757199187168372,5,34,527,1,13,0.3252119138233306
S24,W014,unrelated,control,-0.4670875917863192,7,6,714,1,10,-0.666960026654628
S24,W015,related,control,0.6376366034140181,4,56,590,1,13,0.3252119138233306
S24,W016,unrelated,control,0.4758777000006875,6,120,530,1,15,0.9866598741419697
S24,W017,related,control,-1.1004086247447586,7,45,651,1,10,-0.666960026654628
S24,W018,unrelated,control,-0.0732480440826994,5,114,512,1,11,-0.33623604649530847
S24,W019,related,control,0.8377763169382735,5,37,816,1,17,1.6481078344606088
S24,W020,unrelated,control,-0.10953246691453,6,32,344,1,13,0.3252119138233306
S24,W021,related,control,0.1653741913649934,6,24,505,1,11,-0.33623604649530847
S24,W022,unrelated,control,-1.5613246312784643,7,75,838,0,7,-1.6591319671325866
S24,W023,related,control,1.5516882128257177,4,94,424,1,18,1.9788318146199282
S24,W024,unrelated,control,0.6676736601563552,6,79,678,1,15,0.9866598741419697
S24,W025,related,control,-1.1003524346233824,6,81,554,1,9,-0.9976840068139475
S24,W026,unrelated,control,1.2547311434192785,5,69,525,1,15,0.9866598741419697
S24,W027,related,control,0.2511535240099482,6,48,646,1,11,-0.33623604649530847
S24,W028,unrelated,control,-0.4744448584528069,6,95,499,1,10,-0.666960026654628
S24,W029,related,control,-0.034955592045138,6,86,628,1,11,-0.33623604649530847
S24,W030,unrelated,control,-1.2168271291729122,6,27,492,1,9,-0.9976840068139475
S24,W031,related,control,0.714619446660419,5,119,748,1,14,0.6559358939826502
S24,W032,unrelated,control,-1.3165830605078477,6,29,661,1,10,-0.666960026654628
S24,W033,related,control,-0.21523491523936,7,14,521,1,12,-0.005512066335988933
S24,W034,unrelated,control,-0.8773992307693209,5,18,448,1,10,-0.666960026654628
S24,W035,related,control,-0.5296422482991268,8,72,680,1,11,-0.33623604649530847
S24,W036,unrelated,control,-0.1884520533183292,7,51,407,1,13,0.3252119138233306
S24,W037,related,control,-1.1890454200315383,10,66,537,1,9,-0.9976840068139475
S24,W038,unrelated,control,0.956289262928874,5,5,507,1,16,1.3173838543012892
S24,W039,related,control,-1.409803501846958,9,78,445,1,9,-0.9976840068139475
S24,W040,unrelated,control,0.0326171911239126,7,39,484,1,14,0.6559358939826502
S24,W041,related,control,2.768124509357714,4,3,338,1,19,2.3095557947792478
S24,W042,unrelated,control,-2.051321246725728,8,85,756,0,7,-1.6591319671325866
S24,W043,related,control,-0.4642735130186097,7,82,487,1,12,-0.005512066335988933
S24,W044,unrelated,control,-0.074692481078299,5,15,523,1,11,-0.33623604649530847
S24,W045,related,control,-2.8603180515178988,8,71,617,1,2,-3.312751867929184
S24,W046,unrelated,control,0.2765126725847232,6,9,524,1,13,0.3252119138233306
S24,W047,related,control,0.0194756794538221,6,90,704,1,11,-0.33623604649530847
S24,W048,unrelated,control,0.9901168140194688,6,99,552,1,13,0.3252119138233306
S24,W049,related,control,1.4263582067643383,5,80,506,1,18,1.9788318146199282
S24,W050,unrelated,control,0.2830487228263371,5,68,416,1,16,1.3173838543012892
S24,W051,related,control,0.2912642538060146,5,108,532,1,11,-0.33623604649530847
S24,W052,unrelated,control,0.2221144455622858,6,73,457,1,14,0.6559358939826502
S24,W053,related,control,1.5099166560295276,5,70,560,1,13,0.3252119138233306
S24,W054,unrelated,control,-0.4557117009268119,7,41,700,1,10,-0.666960026654628
S24,W055,related,control,-0.8565905568902926,6,10,835,1,11,-0.33623604649530847
S24,W056,unrelated,control,-1.5572563778362285,6,33,860,1,8,-1.328407986973267
S24,W057,related,control,-0.9059093384605884,8,107,555,1,9,-0.9976840068139475
S24,W058,unrelated,control,-1.6486942190789142,6,40,449,1,9,-0.9976840068139475
S24,W059,related,control,-0.3001634484294758,6,58,420,1,12,-0.005512066335988933
S24,W060,unrelated,control,-0.4724816193194414,5,83,501,1,12,-0.005512066335988933
S24,W061,related,control,1.7395844656453046,5,30,572,1,19,2.3095557947792478
S24,W062,unrelated,control,1.148113333746188,7,28,455,1,15,0.9866598741419697
S24,W063,related,control,0.0350906934612753,6,43,495,1,15,0.9866598741419697
S24,W064,unrelated,control,1.1068512013196057,4,59,456,1,14,0.6559358939826502
S24,W065,related,control,-0.29377833954959,5,105,448,1,11,-0.33623604649530847
S24,W066,unrelated,control,-0.8621267483079921,6,47,573,1,11,-0.33623604649530847
S24,W067,related,control,-0.8004905870752745,5,12,569,1,9,-0.9976840068139475
S24,W068,unrelated,control,-0.6822716459168946,6,21,522,1,11,-0.33623604649530847
S24,W069,related,control,-2.306145484861042,8,104,681,1,6,-1.9898559472919062
S24,W070,unrelated,control,-0.4692453518743268,6,84,563,1,10,-0.666960026654628
S24,W071,related,control,-0.7186668647491127,7,98,389,1,13,0.3252119138233306
S24,W072,unrelated,control,-1.8666945779672184,6,4,832,1,8,-1.328407986973267
S24,W073,related,control,0.891632901440497,6,106,569,1,15,0.9866598741419697
S24,W074,unrelated,control,0.0035851005184451,7,117,431,1,13,0.3252119138233306
S24,W075,related,control,-0.8296935917886239,8,13,581,1,11,-0.33623604649530847
S24,W076,unrelated,control,0.0063453267125901,6,22,651,1,11,-0.33623604649530847
S24,W077,related,control,-1.3756874142011304,6,63,487,1,7,-1.6591319671325866
S24,W078,unrelated,control,-1.493333612226836,10,53,698,1,8,-1.328407986973267
S24,W079,related,control,0.1139469950564595,6,116,513,1,10,-0.666960026654628
S24,W080,unrelated,control,0.4102184004835469,4,87,274,1,14,0.6559358939826502
S24,W081,related,control,1.1191925348290213,6,19,368,1,17,1.6481078344606088
S24,W082,unrelated,control,-0.0322703529262462,6,57,423,1,11,-0.33623604649530847
S24,W083,related,control,0.1654914468887871,7,118,649,1,14,0.6559358939826502
S24,W084,unrelated,control,0.8719147743400757,7,102,458,1,12,-0.005512066335988933
S24,W085,related,control,-0.8790583874314196,7,96,379,1,13,0.3252119138233306
S24,W086,unrelated,control,-0.7905740078936522,7,91,490,1,8,-1.328407986973267
S24,W087,related,control,0.5846936512450975,6,62,423,1,12,-0.005512066335988933
S24,W088,unrelated,control,-0.8247875085796271,5,54,493,1,9,-0.9976840068139475
S24,W089,related,control,-1.4798537261722209,8,20,669,1,10,-0.666960026654628
S24,W090,unrelated,control,-0.5298687768050517,7,111,607,1,10,-0.666960026654628
S24,W091,related,control,0.0199958773569514,6,38,593,1,13,0.3252119138233306
S24,W092,unrelated,control,0.8827875457824161,5,23,546,1,16,1.3173838543012892
S24,W093,related,control,-0.3951162220036792,6,49,405,1,11,-0.33623604649530847
S24,W094,unrelated,control,-0.2729766410664055,6,8,526,1,14,0.6559358939826502
S24,W095,related,control,-0.8951685051880719,8,35,617,1,9,-0.9976840068139475
S24,W096,unrelated,control,-0.4092407736087192,8,2,777,1,11,-0.33623604649530847
S24,W097,related,control,-0.0617302306989816,5,26,526,1,13,0.3252119138233306
S24,W098,unrelated,control,-0.148276360874164,7,101,451,1,12,-0.005512066335988933
S24,W099,related,control,-0.5593352549066585,6,103,523,1,11,-0.33623604649530847
S24,W100,unrelated,control,0.942231995983134,6,89,489,1,14,0.6559358939826502
S24,W101,related,control,-0.4764940879555429,6,17,673,1,11,-0.33623604649530847
S24,W102,unrelated,control,0.2909020541309749,6,1,470,1,12,-0.005512066335988933
S24,W103,related,control,-0.5886379098238127,8,93,608,1,9,-0.9976840068139475
S24,W104,unrelated,control,-0.1214698405936154,5,92,393,1,11,-0.33623604649530847
S24,W105,related,control,0.9039757269248688,7,76,431,1,16,1.3173838543012892
S24,W106,unrelated,control,0.9500663306709668,5,88,589,1,14,0.6559358939826502
S24,W107,related,control,-0.1048038833831658,7,113,535,1,14,0.6559358939826502
S24,W108,unrelated,control,1.0859079831560388,6,46,424,1,17,1.6481078344606088
S24,W109,related,control,1.4716210444039308,4,67,471,1,16,1.3173838543012892
S24,W110,unrelated,control,-0.6985479929330615,5,97,774,1,12,-0.005512066335988933
S24,W111,related,control,0.0810520811925241,6,110,791,1,12,-0.005512066335988933
S24,W112,unrelated,control,-0.9707136954003068,6,16,527,1,12,-0.005512066335988933
S24,W113,related,control,0.3016402314525866,7,60,338,1,12,-0.005512066335988933
S24,W114,unrelated,control,0.2964810364202688,6,115,497,1,13,0.3252119138233306
S24,W115,related,control,0.9454197977241208,5,25,434,1,14,0.6559358939826502
S24,W116,unrelated,control,0.5722667365127202,5,36,522,1,13,0.3252119138233306
S24,W117,related,control,-0.3562583501967622,6,109,596,1,12,-0.005512066335988933
S24,W118,unrelated,control,0.9249426975480984,4,77,440,1,14,0.6559358939826502
S24,W119,related,control,-0.2589413440745218,7,74,607,1,12,-0.005512066335988933
S24,W120,unrelated,control,-1.6613676983867645,7,31,599,1,7,-1.6591319671325866
S25,W001,unrelated,control,-0.9139392237197596,6,61,621,1,8,-1.328407986973267
S25,W002,related,control,0.1358238092024783,6,65,505,1,15,0.9866598741419697
S25,W003,unrelated,control,0.0968317689390009,5,91,568,1,13,0.3252119138233306
S25,W004,related,control,-1.3047661789528002,8,6,622,1,8,-1.328407986973267
S25,W005,unrelated,control,0.4824205120703297,7,47,679,1,15,0.9866598741419697
S25,W006,related,control,1.5453446713553585,5,66,864,1,18,1.9788318146199282
S25,W007,unrelated,control,-0.6150774716989514,7,102,841,1,8,-1.328407986973267
S25,W008,related,control,0.7371741115453434,5,96,831,1,14,0.6559358939826502
S25,W009,unrelated,control,0.4367971257492582,5,11,470,1,16,1.3173838543012892
S25,W010,related,control,0.5628372917200654,4,84,422,1,15,0.9866598741419697
S25,W011,unrelated,control,0.0928637611052042,5,89,746,1,16,1.3173838543012892
S25,W012,related,control,-1.017174296547943,7,119,710,1,5,-2.3205799274512255
S25,W013,unrelated,control,-0.1757199187168372,5,16,603,1,13,0.3252119138233306
S25,W014,related,control,-0.4670875917863192,7,94,744,1,10,-0.666960026654628
S25,W015,unrelated,control,0.6376366034140181,4,54,1112,1,13,0.3252119138233306
S25,W016,related,control,0.4758777000006875,6,38,529,1,15,0.9866598741419697
S25,W017,unrelated,control,-1.1004086247447586,7,49,944,1,10,-0.666960026654628
S25,W018,related,control,-0.0732480440826994,5,80,554,1,11,-0.33623604649530847
S25,W019,unrelated,control,0.8377763169382735,5,110,730,0,17,1.6481078344606088
S25,W020,related,control,-0.10953246691453,6,9,366,1,13,0.3252119138233306
S25,W021,unrelated,control,0.1653741913649934,6,25,645,1,11,-0.33623604649530847
S25,W022,related,control,-1.5613246312784643,7,72,819,1,7,-1.6591319671325866
S25,W023,unrelated,control,1.5516882128257177,4,3,508,1,18,1.9788318146199282
S25,W024,related,control,0.6676736601563552,6,37,698,0,15,0.9866598741419697
S25,W025,unrelated,control,-1.1003524346233824,6,86,974,1,9,-0.9976840068139475
S25,W026,related,control,1.2547311434192785,5,68,685,1,15,0.9866598741419697
S25,W027,unrelated,control,0.2511535240099482,6,57,784,1,11,-0.33623604649530847
S25,W028,related,control,-0.4744448584528069,6,41,607,1,10,-0.666960026654628
S25,W029,unrelated,control,-0.034955592045138,6,78,792,1,11,-0.33623604649530847
S25,W030,related,control,-1.2168271291729122,6,23,530,1,9,-0.9976840068139475
S25,W031,unrelated,control,0.714619446660419,5,71,729,1,14,0.6559358939826502
S25,W032,related,control,-1.3165830605078477,6,14,566,1,10,-0.666960026654628
S25,W033,unrelated,control,-0.21523491523936,7,52,516,1,12,-0.005512066335988933
S25,W034,related,control,-0.8773992307693209,5,50,457,1,10,-0.666960026654628
S25,W035,unrelated,control,-0.5296422482991268,8,69,730,1,11,-0.33623604649530847
S25,W036,related,control,-0.1884520533183292,7,55,527,1,13,0.3252119138233306
S25,W037,unrelated,control,-1.1890454200315383,10,106,584,1,9,-0.9976840068139475
S25,W038,related,control,0.956289262928874,5,21,554,1,16,1.3173838543012892
S25,W039,unrelated,control,-1.409803501846958,9,33,559,0,9,-0.9976840068139475
S25,W040,related,control,0.0326171911239126,7,112,564,1,14,0.6559358939826502
S25,W041,unrelated,control,2.768124509357714,4,60,395,1,19,2.3095557947792478
S25,W042,related,control,-2.051321246725728,8,56,828,1,7,-1.6591319671325866
S25,W043,unrelated,control,-0.4642735130186097,7,39,755,1,12,-0.005512066335988933
S25,W044,related,control,-0.074692481078299,5,92,531,1,11,-0.33623604649530847
S25,W045,unrelated,control,-2.8603180515178988,8,95,788,1,2,-3.312751867929184
S25,W046,related,control,0.2765126725847232,6,77,561,1,13,0.3252119138233306
S25,W047,unrelated,control,0.0194756794538221,6,59,653,1,11,-0.33623604649530847
S25,W048,related,control,0.9901168140194688,6,111,375,0,13,0.3252119138233306
S25,W049,unrelated,control,1.4263582067643383,5,93,559,1,18,1.9788318146199282
S25,W050,related,control,0.2830487228263371,5,22,536,1,16,1.3173838543012892
S25,W051,unrelated,control,0.2912642538060146,5,36,585,1,11,-0.33623604649530847
S25,W052,related,control,0.2221144455622858,6,20,518,1,14,0.6559358939826502
S25,W053,unrelated,control,1.5099166560295276,5,81,500,1,13,0.3252119138233306
S25,W054,related,control,-0.4557117009268119,7,46,768,1,10,-0.666960026654628
S25,W055,unrelated,control,-0.8565905568902926,6,90,822,1,11,-0.33623604649530847
S25,W056,related,control,-1.5572563778362285,6,70,615,1,8,-1.328407986973267
S25,W057,unrelated,control,-0.9059093384605884,8,108,626,1,9,-0.9976840068139475
S25,W058,related,control,-1.6486942190789142,6,48,439,1,9,-0.9976840068139475
S25,W059,unrelated,control,-0.3001634484294758,6,98,551,1,12,-0.005512066335988933
S25,W060,related,control,-0.4724816193194414,5,118,470,1,12,-0.005512066335988933
S25,W061,unrelated,control,1.7395844656453046,5,85,485,1,19,2.3095557947792478
S25,W062,related,control,1.148113333746188,7,103,499,1,15,0.9866598741419697
S25,W063,unrelated,control,0.0350906934612753,6,30,561,1,15,0.9866598741419697
S25,W064,related,control,1.1068512013196057,4,79,486,1,14,0.6559358939826502
S25,W065,unrelated,control,-0.29377833954959,5,58,490,1,11,-0.33623604649530847
S25,W066,related,control,-0.8621267483079921,6,76,602,1,11,-0.33623604649530847
S25,W067,unrelated,control,-0.8004905870752745,5,83,879,1,9,-0.9976840068139475
S25,W068,related,control,-0.6822716459168946,6,63,599,1,11,-0.33623604649530847
S25,W069,unrelated,control,-2.306145484861042,8,113,1109,1,6,-1.9898559472919062
S25,W070,related,control,-0.4692453518743268,6,28,589,1,10,-0.666960026654628
S25,W071,unrelated,control,-0.7186668647491127,7,74,525,1,13,0.3252119138233306
S25,W072,related,control,-1.8666945779672184,6,15,672,1,8,-1.328407986973267
S25,W073,unrelated,control,0.891632901440497,6,13,714,1,15,0.9866598741419697
S25,W074,related,control,0.0035851005184451,7,75,663,1,13,0.3252119138233306
S25,W075,unrelated,control,-0.8296935917886239,8,53,615,1,11,-0.33623604649530847
S25,W076,related,control,0.0063453267125901,6,40,672,1,11,-0.33623604649530847
S25,W077,unrelated,control,-1.3756874142011304,6,82,671,1,7,-1.6591319671325866
S25,W078,related,control,-1.493333612226836,10,31,595,1,8,-1.328407986973267
S25,W079,unrelated,control,0.1139469950564595,6,24,584,1,10,-0.666960026654628
S25,W080,related,control,0.4102184004835469,4,51,395,1,14,0.6559358939826502
S25,W081,unrelated,control,1.1191925348290213,6,104,634,1,17,1.6481078344606088
S25,W082,related,control,-0.0322703529262462,6,87,446,1,11,-0.33623604649530847
S25,W083,unrelated,control,0.1654914468887871,7,34,830,1,14,0.6559358939826502
S25,W084,related,control,0.8719147743400757,7,109,481,1,12,-0.005512066335988933
S25,W085,unrelated,control,-0.8790583874314196,7,42,581,1,13,0.3252119138233306
S25,W086,related,control,-0.7905740078936522,7,8,694,1,8,-1.328407986973267
S25,W087,unrelated,control,0.5846936512450975,6,88,547,1,12,-0.005512066335988933
S25,W088,related,control,-0.8247875085796271,5,19,729,1,9,-0.9976840068139475
S25,W089,unrelated,control,-1.4798537261722209,8,114,777,1,10,-0.666960026654628
S25,W090,related,control,-0.5298687768050517,7,101,720,1,10,-0.666960026654628
S25,W091,unrelated,control,0.0199958773569514,6,27,660,1,13,0.3252119138233306
S25,W092,related,control,0.8827875457824161,5,32,514,1,16,1.3173838543012892
S25,W093,unrelated,control,-0.3951162220036792,6,64,566,1,11,-0.33623604649530847
S25,W094,related,control,-0.2729766410664055,6,116,564,1,14,0.6559358939826502
S25,W095,unrelated,control,-0.8951685051880719,8,62,747,1,9,-0.9976840068139475
S25,W096,related,control,-0.4092407736087192,8,67,905,1,11,-0.33623604649530847
S25,W097,unrelated,control,-0.0617302306989816,5,99,649,1,13,0.3252119138233306
S25,W098,related,control,-0.148276360874164,7,107,399,1,12,-0.005512066335988933
S25,W099,unrelated,control,-0.5593352549066585,6,7,629,1,11,-0.33623604649530847
S25,W100,related,control,0.942231995983134,6,115,742,1,14,0.6559358939826502
S25,W101,unrelated,control,-0.4764940879555429,6,10,792,1,11,-0.33623604649530847
S25,W102,related,control,0.2909020541309749,6,29,421,1,12,-0.005512066335988933
S25,W103,unrelated,control,-0.5886379098238127,8,44,826,1,9,-0.9976840068139475
S25,W104,related,control,-0.1214698405936154,5,35,434,1,11,-0.33623604649530847
S25,W105,unrelated,control,0.9039757269248688,7,117,520,1,16,1.3173838543012892
S25,W106,related,control,0.9500663306709668,5,26,651,1,14,0.6559358939826502
S25,W107,unrelated,control,-0.1048038833831658,7,45,715,1,14,0.6559358939826502
S25,W108,related,control,1.0859079831560388,6,1,349,1,17,1.6481078344606088
S25,W109,unrelated,control,1.4716210444039308,4,120,688,1,16,1.3173838543012892
S25,W110,related,control,-0.6985479929330615,5,4,873,1,12,-0.005512066335988933
S25,W111,unrelated,control,0.0810520811925241,6,2,1076,1,12,-0.005512066335988933
S25,W112,related,control,-0.9707136954003068,6,43,537,1,12,-0.005512066335988933
S25,W113,unrelated,control,0.3016402314525866,7,18,418,1,12,-0.005512066335988933
S25,W114,related,control,0.2964810364202688,6,17,584,1,13,0.3252119138233306
S25,W115,unrelated,control,0.9454197977241208,5,97,529,1,14,0.6559358939826502
S25,W116,related,control,0.5722667365127202,5,100,538,1,13,0.3252119138233306
S25,W117,unrelated,control,-0.3562583501967622,6,105,789,1,12,-0.005512066335988933
S25,W118,related,control,0.9249426975480984,4,12,344,1,14,0.6559358939826502
S25,W119,unrelated,control,-0.2589413440745218,7,5,775,1,12,-0.005512066335988933
S25,W120,related,control,-1.6613676983867645,7,73,517,1,7,-1.6591319671325866
S26,W001,related,control,-0.9139392237197596,6,17,647,1,8,-1.328407986973267
S26,W002,unrelated,control,0.1358238092024783,6,23,590,1,15,0.9866598741419697
S26,W003,related,control,0.0968317689390009,5,62,613,1,13,0.3252119138233306
S26,W004,unrelated,control,-1.3047661789528002,8,74,767,1,8,-1.328407986973267
S26,W005,related,control,0.4824205120703297,7,84,818,1,15,0.9866598741419697
S26,W006,unrelated,control,1.5453446713553585,5,97,810,1,18,1.9788318146199282
S26,W007,related,control,-0.6150774716989514,7,24,959,1,8,-1.328407986973267
S26,W008,unrelated,control,0.7371741115453434,5,82,931,1,14,0.6559358939826502
S26,W009,related,control,0.4367971257492582,5,29,491,1,16,1.3173838543012892
S26,W010,unrelated,control,0.5628372917200654,4,30,616,1,15,0.9866598741419697
S26,W011,related,control,0.0928637611052042,5,9,656,1,16,1.3173838543012892
S26,W012,unrelated,control,-1.017174296547943,7,72,870,1,5,-2.3205799274512255
S26,W013,related,control,-0.1757199187168372,5,66,668,1,13,0.3252119138233306
S26,W014,unrelated,control,-0.4670875917863192,7,46,924,1,10,-0.666960026654628
S26,W015,related,control,0.6376366034140181,4,103,901,0,13,0.3252119138233306
S26,W016,unrelated,control,0.4758777000006875,6,4,740,1,15,0.9866598741419697
S26,W017,related,control,-1.1004086247447586,7,67,843,1,10,-0.666960026654628
S26,W018,unrelated,control,-0.0732480440826994,5,117,636,1,11,-0.33623604649530847
S26,W019,related,control,0.8377763169382735,5,26,1025,1,17,1.6481078344606088
S26,W020,unrelated,control,-0.10953246691453,6,5,440,1,13,0.3252119138233306
S26,W021,related,control,0.1653741913649934,6,81,649,1,11,-0.33623604649530847
S26,W022,unrelated,control,-1.5613246312784643,7,86,1036,1,7,-1.6591319671325866
S26,W023,related,control,1.5516882128257177,4,32,745,1,18,1.9788318146199282
S26,W024,unrelated,control,0.6676736601563552,6,87,669,1,15,0.9866598741419697
S26,W025,related,control,-1.1003524346233824,6,27,1090,1,9,-0.9976840068139475
S26,W026,unrelated,control,1.2547311434192785,5,90,899,1,15,0.9866598741419697
S26,W027,related,control,0.2511535240099482,6,43,1029,1,11,-0.33623604649530847
S26,W028,unrelated,control,-0.4744448584528069,6,70,781,1,10,-0.666960026654628
S26,W029,related,control,-0.034955592045138,6,78,809,0,11,-0.33623604649530847
S26,W030,unrelated,control,-1.2168271291729122,6,64,577,1,9,-0.9976840068139475
S26,W031,related,control,0.714619446660419,5,22,754,1,14,0.6559358939826502
S26,W032,unrelated,control,-1.3165830605078477,6,45,930,1,10,-0.666960026654628
S26,W033,related,control,-0.21523491523936,7,115,557,1,12,-0.005512066335988933
S26,W034,unrelated,control,-0.8773992307693209,5,83,544,1,10,-0.666960026654628
S26,W035,related,control,-0.5296422482991268,8,60,791,1,11,-0.33623604649530847
S26,W036,unrelated,control,-0.1884520533183292,7,36,650,1,13,0.3252119138233306
S26,W037,related,control,-1.1890454200315383,10,34,941,1,9,-0.9976840068139475
S26,W038,unrelated,control,0.956289262928874,5,65,620,1,16,1.3173838543012892
S26,W039,related,control,-1.409803501846958,9,51,597,1,9,-0.9976840068139475
S26,W040,unrelated,control,0.0326171911239126,7,114,616,1,14,0.6559358939826502
S26,W041,related,control,2.768124509357714,4,80,429,1,19,2.3095557947792478
S26,W042,unrelated,control,-2.051321246725728,8,85,941,1,7,-1.6591319671325866
S26,W043,related,control,-0.4642735130186097,7,39,768,1,12,-0.005512066335988933
S26,W044,unrelated,control,-0.074692481078299,5,102,666,1,11,-0.33623604649530847
S26,W045,related,control,-2.8603180515178988,8,12,904,1,2,-3.312751867929184
S26,W046,unrelated,control,0.2765126725847232,6,105,713,1,13,0.3252119138233306
S26,W047,related,control,0.0194756794538221,6,3,955,1,11,-0.33623604649530847
S26,W048,unrelated,control,0.9901168140194688,6,20,617,1,13,0.3252119138233306
S26,W049,related,control,1.4263582067643383,5,2,676,1,18,1.9788318146199282
S26,W050,unrelated,control,0.2830487228263371,5,69,594,1,16,1.3173838543012892
S26,W051,related,control,0.2912642538060146,5,58,733,1,11,-0.33623604649530847
S26,W052,unrelated,control,0.2221144455622858,6,120,615,1,14,0.6559358939826502
S26,W053,related,control,1.5099166560295276,5,119,645,1,13,0.3252119138233306
S26,W054,unrelated,control,-0.4557117009268119,7,96,737,1,10,-0.666960026654628
S26,W055,related,control,-0.8565905568902926,6,31,1146,0,11,-0.33623604649530847
S26,W056,unrelated,control,-1.5572563778362285,6,6,782,1,8,-1.328407986973267
S26,W057,related,control,-0.9059093384605884,8,57,721,1,9,-0.9976840068139475
S26,W058,unrelated,control,-1.6486942190789142,6,93,675,0,9,-0.9976840068139475
S26,W059,related,control,-0.3001634484294758,6,106,559,1,12,-0.005512066335988933
S26,W060,unrelated,control,-0.4724816193194414,5,118,721,1,12,-0.005512066335988933
S26,W061,related,control,1.7395844656453046,5,54,729,1,19,2.3095557947792478
S26,W062,unrelated,control,1.148113333746188,7,98,569,1,15,0.9866598741419697
S26,W063,related,control,0.0350906934612753,6,56,647,1,15,0.9866598741419697
S26,W064,unrelated,control,1.1068512013196057,4,21,498,1,14,0.6559358939826502
S26,W065,related,control,-0.29377833954959,5,49,573,1,11,-0.33623604649530847
S26,W066,unrelated,control,-0.8621267483079921,6,38,641,1,11,-0.33623604649530847
S26,W067,related,control,-0.8004905870752745,5,11,986,1,9,-0.9976840068139475
S26,W068,unrelated,control,-0.6822716459168946,6,1,689,1,11,-0.33623604649530847
S26,W069,related,control,-2.306145484861042,8,112,1020,0,6,-1.9898559472919062
S26,W070,unrelated,control,-0.4692453518743268,6,76,775,1,10,-0.666960026654628
S26,W071,related,control,-0.7186668647491127,7,18,623,1,13,0.3252119138233306
S26,W072,unrelated,control,-1.8666945779672184,6,33,1023,1,8,-1.328407986973267
S26,W073,related,control,0.891632901440497,6,68,965,1,15,0.9866598741419697
S26,W074,unrelated,control,0.0035851005184451,7,37,671,1,13,0.3252119138233306
S26,W075,related,control,-0.8296935917886239,8,95,714,0,11,-0.33623604649530847
S26,W076,unrelated,control,0.0063453267125901,6,44,605,1,11,-0.33623604649530847
S26,W077,related,control,-1.3756874142011304,6,13,773,1,7,-1.6591319671325866
S26,W078,unrelated,control,-1.493333612226836,10,113,843,1,8,-1.328407986973267
S26,W079,related,control,0.1139469950564595,6,8,766,1,10,-0.666960026654628
S26,W080,unrelated,control,0.4102184004835469,4,63,339,1,14,0.6559358939826502
S26,W081,related,control,1.1191925348290213,6,110,552,1,17,1.6481078344606088
S26,W082,unrelated,control,-0.0322703529262462,6,111,570,1,11,-0.33623604649530847
S26,W083,related,control,0.1654914468887871,7,107,959,0,14,0.6559358939826502
S26,W084,unrelated,control,0.8719147743400757,7,79,583,1,12,-0.005512066335988933
S26,W085,related,control,-0.8790583874314196,7,50,469,1,13,0.3252119138233306
S26,W086,unrelated,control,-0.7905740078936522,7,48,820,1,8,-1.328407986973267
S26,W087,related,control,0.5846936512450975,6,28,497,1,12,-0.005512066335988933
S26,W088,unrelated,control,-0.8247875085796271,5,10,594,1,9,-0.9976840068139475
S26,W089,related,control,-1.4798537261722209,8,61,756,1,10,-0.666960026654628
S26,W090,unrelated,control,-0.5298687768050517,7,40,603,1,10,-0.666960026654628
S26,W091,related,control,0.0199958773569514,6,41,923,1,13,0.3252119138233306
S26,W092,unrelated,control,0.8827875457824161,5,104,599,1,16,1.3173838543012892
S26,W093,related,control,-0.3951162220036792,6,59,495,1,11,-0.33623604649530847
S26,W094,unrelated,control,-0.2729766410664055,6,92,555,1,14,0.6559358939826502
S26,W095,related,control,-0.8951685051880719,8,25,976,1,9,-0.9976840068139475
S26,W096,unrelated,control,-0.4092407736087192,8,94,981,1,11,-0.33623604649530847
S26,W097,related,control,-0.0617302306989816,5,19,746,1,13,0.3252119138233306
S26,W098,unrelated,control,-0.148276360874164,7,77,550,1,12,-0.005512066335988933
S26,W099,related,control,-0.5593352549066585,6,91,686,1,11,-0.33623604649530847
S26,W100,unrelated,control,0.942231995983134,6,73,846,1,14,0.6559358939826502
S26,W101,related,control,-0.4764940879555429,6,116,758,1,11,-0.33623604649530847
S26,W102,unrelated,control,0.2909020541309749,6,47,713,1,12,-0.005512066335988933
S26,W103,related,control,-0.5886379098238127,8,14,944,1,9,-0.9976840068139475
S26,W104,unrelated,control,-0.1214698405936154,5,109,651,1,11,-0.33623604649530847
S26,W105,related,control,0.9039757269248688,7,71,620,1,16,1.3173838543012892
S26,W106,unrelated,control,0.9500663306709668,5,35,777,0,14,0.6559358939826502
S26,W107,related,control,-0.1048038833831658,7,88,610,1,14,0.6559358939826502
S26,W108,unrelated,control,1.0859079831560388,6,89,453,1,17,1.6481078344606088
S26,W109,related,control,1.4716210444039308,4,100,750,1,16,1.3173838543012892
S26,W110,unrelated,control,-0.6985479929330615,5,75,989,0,12,-0.005512066335988933
S26,W111,related,control,0.0810520811925241,6,7,1106,1,12,-0.005512066335988933
S26,W112,unrelated,control,-0.9707136954003068,6,55,741,1,12,-0.005512066335988933
S26,W113,related,control,0.3016402314525866,7,108,512,1,12,-0.005512066335988933
S26,W114,unrelated,control,0.2964810364202688,6,99,669,1,13,0.3252119138233306
S26,W115,related,control,0.9454197977241208,5,53,615,1,14,0.6559358939826502
S26,W116,unrelated,control,0.5722667365127202,5,52,666,1,13,0.3252119138233306
S26,W117,related,control,-0.3562583501967622,6,101,1055,1,12,-0.005512066335988933
S26,W118,unrelated,control,0.9249426975480984,4,15,497,1,14,0.6559358939826502
S26,W119,related,control,-0.2589413440745218,7,42,940,1,12,-0.005512066335988933
S26,W120,unrelated,control,-1.6613676983867645,7,16,788,1,7,-1.6591319671325866
S27,W001,unrelated,control,-0.9139392237197596,6,29,490,1,8,-1.328407986973267
S27,W002,related,control,0.1358238092024783,6,16,477,1,15,0.9866598741419697
S27,W003,unrelated,control,0.0968317689390009,5,75,586,1,13,0.3252119138233306
S27,W004,related,control,-1.3047661789528002,8,21,628,1,8,-1.328407986973267
S27,W005,unrelated,control,0.4824205120703297,7,35,648,1,15,0.9866598741419697
S27,W006,related,control,1.5453446713553585,5,18,791,1,18,1.9788318146199282
S27,W007,unrelated,control,-0.6150774716989514,7,119,865,1,8,-1.328407986973267
S27,W008,related,control,0.7371741115453434,5,51,676,1,14,0.6559358939826502
S27,W009,unrelated,control,0.4367971257492582,5,11,539,1,16,1.3173838543012892
S27,W010,related,control,0.5628372917200654,4,112,470,1,15,0.9866598741419697
S27,W011,unrelated,control,0.0928637611052042,5,7,563,1,16,1.3173838543012892
S27,W012,related,control,-1.017174296547943,7,114,581,1,5,-2.3205799274512255
S27,W013,unrelated,control,-0.1757199187168372,5,32,699,1,13,0.3252119138233306
S27,W014,related,control,-0.4670875917863192,7,4,715,1,10,-0.666960026654628
S27,W015,unrelated,control,0.6376366034140181,4,37,973,1,13,0.3252119138233306
S27,W016,related,control,0.4758777000006875,6,28,500,1,15,0.9866598741419697
S27,W017,unrelated,control,-1.1004086247447586,7,86,920,1,10,-0.666960026654628
S27,W018,related,control,-0.0732480440826994,5,96,465,1,11,-0.33623604649530847
S27,W019,unrelated,control,0.8377763169382735,5,46,789,1,17,1.6481078344606088
S27,W020,related,control,-0.10953246691453,6,1,387,1,13,0.3252119138233306
S27,W021,unrelated,control,0.1653741913649934,6,26,677,1,11,-0.33623604649530847
S27,W022,related,control,-1.5613246312784643,7,85,775,1,7,-1.6591319671325866
S27,W023,unrelated,control,1.5516882128257177,4,70,589,1,18,1.9788318146199282
S27,W024,related,control,0.6676736601563552,6,74,579,1,15,0.9866598741419697
S27,W025,unrelated,control,-1.1003524346233824,6,67,765,1,9,-0.9976840068139475
S27,W026,related,control,1.2547311434192785,5,54,702,1,15,0.9866598741419697
S27,W027,unrelated,control,0.2511535240099482,6,14,967,1,11,-0.33623604649530847
S27,W028,related,control,-0.4744448584528069,6,23,639,1,10,-0.666960026654628
S27,W029,unrelated,control,-0.034955592045138,6,64,768,1,11,-0.33623604649530847
S27,W030,related,control,-1.2168271291729122,6,68,416,1,9,-0.9976840068139475
S27,W031,unrelated,control,0.714619446660419,5,8,717,1,14,0.6559358939826502
S27,W032,related,control,-1.3165830605078477,6,81,611,1,10,-0.666960026654628
S27,W033,unrelated,control,-0.21523491523936,7,92,510,1,12,-0.005512066335988933
S27,W034,related,control,-0.8773992307693209,5,72,484,1,10,-0.666960026654628
S27,W035,unrelated,control,-0.5296422482991268,8,59,826,1,11,-0.33623604649530847
S27,W036,related,control,-0.1884520533183292,7,89,430,1,13,0.3252119138233306
S27,W037,unrelated,control,-1.1890454200315383,10,120,671,1,9,-0.9976840068139475
S27,W038,related,control,0.956289262928874,5,58,540,1,16,1.3173838543012892
S27,W039,unrelated,control,-1.409803501846958,9,77,566,1,9,-0.9976840068139475
S27,W040,related,control,0.0326171911239126,7,19,557,1,14,0.6559358939826502
S27,W041,unrelated,control,2.768124509357714,4,52,326,1,19,2.3095557947792478
S27,W042,related,control,-2.051321246725728,8,109,719,1,7,-1.6591319671325866
S27,W043,unrelated,control,-0.4642735130186097,7,83,672,1,12,-0.005512066335988933
S27,W044,related,control,-0.074692481078299,5,101,568,1,11,-0.33623604649530847
S27,W045,unrelated,control,-2.8603180515178988,8,36,843,1,2,-3.312751867929184
S27,W046,related,control,0.2765126725847232,6,3,630,1,13,0.3252119138233306
S27,W047,unrelated,control,0.0194756794538221,6,9,967,1,11,-0.33623604649530847
S27,W048,related,control,0.9901168140194688,6,10,393,1,13,0.3252119138233306
S27,W049,unrelated,control,1.4263582067643383,5,48,553,1,18,1.9788318146199282
S27,W050,related,control,0.2830487228263371,5,76,567,1,16,1.3173838543012892
S27,W051,unrelated,control,0.2912642538060146,5,104,634,1,11,-0.33623604649530847
S27,W052,related,control,0.2221144455622858,6,33,521,1,14,0.6559358939826502
S27,W053,unrelated,control,1.5099166560295276,5,88,649,1,13,0.3252119138233306
S27,W054,related,control,-0.4557117009268119,7,49,642,1,10,-0.666960026654628
S27,W055,unrelated,control,-0.8565905568902926,6,93,1149,1,11,-0.33623604649530847
S27,W056,related,control,-1.5572563778362285,6,106,704,1,8,-1.328407986973267
S27,W057,unrelated,control,-0.9059093384605884,8,69,794,1,9,-0.9976840068139475
S27,W058,related,control,-1.6486942190789142,6,5,455,1,9,-0.9976840068139475
S27,W059,unrelated,control,-0.3001634484294758,6,79,531,1,12,-0.005512066335988933
S27,W060,related,control,-0.4724816193194414,5,41,585,1,12,-0.005512066335988933
S27,W061,unrelated,control,1.7395844656453046,5,61,600,1,19,2.3095557947792478
S27,W062,related,control,1.148113333746188,7,15,535,1,15,0.9866598741419697
S27,W063,unrelated,control,0.0350906934612753,6,117,550,1,15,0.9866598741419697
S27,W064,related,control,1.1068512013196057,4,94,543,1,14,0.6559358939826502
S27,W065,unrelated,control,-0.29377833954959,5,38,464,1,11,-0.33623604649530847
S27,W066,related,control,-0.8621267483079921,6,45,489,1,11,-0.33623604649530847
S27,W067,unrelated,control,-0.8004905870752745,5,22,877,1,9,-0.9976840068139475
S27,W068,related,control,-0.6822716459168946,6,102,482,1,11,-0.33623604649530847
S27,W069,unrelated,control,-2.306145484861042,8,105,1106,1,6,-1.9898559472919062
S27,W070,related,control,-0.4692453518743268,6,100,539,1,10,-0.666960026654628
S27,W071,unrelated,control,-0.7186668647491127,7,80,602,1,13,0.3252119138233306
S27,W072,related,control,-1.8666945779672184,6,24,987,1,8,-1.328407986973267
S27,W073,unrelated,control,0.891632901440497,6,95,647,1,15,0.9866598741419697
S27,W074,related,control,0.0035851005184451,7,20,532,1,13,0.3252119138233306
S27,W075,unrelated,control,-0.8296935917886239,8,107,743,1,11,-0.33623604649530847
S27,W076,related,control,0.0063453267125901,6,30,701,1,11,-0.33623604649530847
S27,W077,unrelated,control,-1.3756874142011304,6,31,578,1,7,-1.6591319671325866
S27,W078,related,control,-1.493333612226836,10,91,709,1,8,-1.328407986973267
S27,W079,unrelated,control,0.1139469950564595,6,13,718,1,10,-0.666960026654628
S27,W080,related,control,0.4102184004835469,4,2,345,1,14,0.6559358939826502
S27,W081,unrelated,control,1.1191925348290213,6,65,552,1,17,1.6481078344606088
S27,W082,related,control,-0.0322703529262462,6,108,500,1,11,-0.33623604649530847
S27,W083,unrelated,control,0.1654914468887871,7,34,1032,1,14,0.6559358939826502
S27,W084,related,control,0.8719147743400757,7,90,527,1,12,-0.005512066335988933
S27,W085,unrelated,control,-0.8790583874314196,7,97,626,1,13,0.3252119138233306
S27,W086,related,control,-0.7905740078936522,7,56,679,1,8,-1.328407986973267
S27,W087,unrelated,control,0.5846936512450975,6,115,481,1,12,-0.005512066335988933
S27,W088,related,control,-0.8247875085796271,5,12,542,1,9,-0.9976840068139475
S27,W089,unrelated,control,-1.4798537261722209,8,103,755,1,10,-0.666960026654628
S27,W090,related,control,-0.5298687768050517,7,98,552,1,10,-0.666960026654628
S27,W091,unrelated,control,0.0199958773569514,6,60,531,1,13,0.3252119138233306
S27,W092,related,control,0.8827875457824161,5,73,623,1,16,1.3173838543012892
S27,W093,unrelated,control,-0.3951162220036792,6,110,624,1,11,-0.33623604649530847
S27,W094,related,control,-0.2729766410664055,6,84,655,1,14,0.6559358939826502
S27,W095,unrelated,control,-0.8951685051880719,8,113,926,1,9,-0.9976840068139475
S27,W096,related,control,-0.4092407736087192,8,78,900,1,11,-0.33623604649530847
S27,W097,unrelated,control,-0.0617302306989816,5,62,740,1,13,0.3252119138233306
S27,W098,related,control,-0.148276360874164,7,25,644,1,12,-0.005512066335988933
S27,W099,unrelated,control,-0.5593352549066585,6,118,833,1,11,-0.33623604649530847
S27,W100,related,control,0.942231995983134,6,42,599,1,14,0.6559358939826502
S27,W101,unrelated,control,-0.4764940879555429,6,47,791,1,11,-0.33623604649530847
S27,W102,related,control,0.2909020541309749,6,63,584,1,12,-0.005512066335988933
S27,W103,unrelated,control,-0.5886379098238127,8,39,741,1,9,-0.9976840068139475
S27,W104,related,control,-0.1214698405936154,5,111,555,1,11,-0.33623604649530847
S27,W105,unrelated,control,0.9039757269248688,7,71,605,1,16,1.3173838543012892
S27,W106,related,control,0.9500663306709668,5,43,589,1,14,0.6559358939826502
S27,W107,unrelated,control,-0.1048038833831658,7,66,598,1,14,0.6559358939826502
S27,W108,related,control,1.0859079831560388,6,17,368,1,17,1.6481078344606088
S27,W109,unrelated,control,1.4716210444039308,4,82,710,0,16,1.3173838543012892
S27,W110,related,control,-0.6985479929330615,5,40,839,1,12,-0.005512066335988933
S27,W111,unrelated,control,0.0810520811925241,6,44,911,1,12,-0.005512066335988933
S27,W112,related,control,-0.9707136954003068,6,116,601,1,12,-0.005512066335988933
S27,W113,unrelated,control,0.3016402314525866,7,87,546,1,12,-0.005512066335988933
S27,W114,related,control,0.2964810364202688,6,99,562,1,13,0.3252119138233306
S27,W115,unrelated,control,0.9454197977241208,5,55,617,1,14,0.6559358939826502
S27,W116,related,control,0.5722667365127202,5,6,708,1,13,0.3252119138233306
S27,W117,unrelated,control,-0.3562583501967622,6,57,978,1,12,-0.005512066335988933
S27,W118,related,control,0.9249426975480984,4,50,438,1,14,0.6559358939826502
S27,W119,unrelated,control,-0.2589413440745218,7,27,823,1,12,-0.005512066335988933
S27,W120,related,control,-1.6613676983867645,7,53,542,0,7,-1.6591319671325866
S28,W001,related,control,-0.9139392237197596,6,28,626,1,8,-1.328407986973267
S28,W002,unrelated,control,0.1358238092024783,6,44,485,1,15,0.9866598741419697
S28,W003,related,control,0.0968317689390009,5,117,561,1,13,0.3252119138233306
S28,W004,unrelated,control,-1.3047661789528002,8,82,607,1,8,-1.328407986973267
S28,W005,related,control,0.4824205120703297,7,21,530,1,15,0.9866598741419697
S28,W006,unrelated,control,1.5453446713553585,5,16,612,1,18,1.9788318146199282
S28,W007,related,control,-0.6150774716989514,7,72,767,1,8,-1.328407986973267
S28,W008,unrelated,control,0.7371741115453434,5,18,658,0,14,0.6559358939826502
S28,W009,related,control,0.4367971257492582,5,50,428,1,16,1.3173838543012892
S28,W010,unrelated,control,0.5628372917200654,4,88,418,1,15,0.9866598741419697
S28,W011,related,control,0.0928637611052042,5,23,678,1,16,1.3173838543012892
S28,W012,unrelated,control,-1.017174296547943,7,74,814,1,5,-2.3205799274512255
S28,W013,related,control,-0.1757199187168372,5,63,695,1,13,0.3252119138233306
S28,W014,unrelated,control,-0.4670875917863192,7,20,695,1,10,-0.666960026654628
S28,W015,related,control,0.6376366034140181,4,31,754,1,13,0.3252119138233306
S28,W016,unrelated,control,0.4758777000006875,6,7,565,1,15,0.9866598741419697
S28,W017,related,control,-1.1004086247447586,7,78,720,1,10,-0.666960026654628
S28,W018,unrelated,control,-0.0732480440826994,5,24,645,1,11,-0.33623604649530847
S28,W019,related,control,0.8377763169382735,5,80,669,1,17,1.6481078344606088
S28,W020,unrelated,control,-0.10953246691453,6,3,455,1,13,0.3252119138233306
S28,W021,related,control,0.1653741913649934,6,5,612,1,11,-0.33623604649530847
S28,W022,unrelated,control,-1.5613246312784643,7,73,900,1,7,-1.6591319671325866
S28,W023,related,control,1.5516882128257177,4,100,560,1,18,1.9788318146199282
S28,W024,unrelated,control,0.6676736601563552,6,56,647,1,15,0.9866598741419697
S28,W025,related,control,-1.1003524346233824,6,4,796,1,9,-0.9976840068139475
S28,W026,unrelated,control,1.2547311434192785,5,95,688,1,15,0.9866598741419697
S28,W027,related,control,0.2511535240099482,6,81,1044,1,11,-0.33623604649530847
S28,W028,unrelated,control,-0.4744448584528069,6,61,694,1,10,-0.666960026654628
S28,W029,related,control,-0.034955592045138,6,14,638,1,11,-0.33623604649530847
S28,W030,unrelated,control,-1.2168271291729122,6,12,482,1,9,-0.9976840068139475
S28,W031,related,control,0.714619446660419,5,90,659,1,14,0.6559358939826502
S28,W032,unrelated,control,-1.3165830605078477,6,58,672,1,10,-0.666960026654628
S28,W033,related,control,-0.21523491523936,7,55,608,1,12,-0.005512066335988933
S28,W034,unrelated,control,-0.8773992307693209,5,43,575,1,10,-0.666960026654628
S28,W035,related,control,-0.5296422482991268,8,69,611,1,11,-0.33623604649530847
S28,W036,unrelated,control,-0.1884520533183292,7,65,497,1,13,0.3252119138233306
S28,W037,related,control,-1.1890454200315383,10,38,718,1,9,-0.9976840068139475
S28,W038,unrelated,control,0.956289262928874,5,11,446,1,16,1.3173838543012892
S28,W039,related,control,-1.409803501846958,9,89,469,1,9,-0.9976840068139475
S28,W040,unrelated,control,0.0326171911239126,7,104,607,1,14,0.6559358939826502
S28,W041,related,control,2.768124509357714,4,15,377,1,19,2.3095557947792478
S28,W042,unrelated,control,-2.051321246725728,8,36,788,1,7,-1.6591319671325866
S28,W043,related,control,-0.4642735130186097,7,27,685,1,12,-0.005512066335988933
S28,W044,unrelated,control,-0.074692481078299,5,103,628,1,11,-0.33623604649530847
S28,W045,related,control,-2.8603180515178988,8,76,807,0,2,-3.312751867929184
S28,W046,unrelated,control,0.2765126725847232,6,66,429,1,13,0.3252119138233306
S28,W047,related,control,0.0194756794538221,6,26,773,1,11,-0.33623604649530847
S28,W048,unrelated,control,0.9901168140194688,6,32,526,1,13,0.3252119138233306
S28,W049,related,control,1.4263582067643383,5,57,618,1,18,1.9788318146199282
S28,W050,unrelated,control,0.2830487228263371,5,98,451,1,16,1.3173838543012892
S28,W051,related,control,0.2912642538060146,5,92,535,1,11,-0.33623604649530847
S28,W052,unrelated,control,0.2221144455622858,6,19,602,1,14,0.6559358939826502
S28,W053,related,control,1.5099166560295276,5,30,579,1,13,0.3252119138233306
S28,W054,unrelated,control,-0.4557117009268119,7,110,714,1,10,-0.666960026654628
S28,W055,related,control,-0.8565905568902926,6,115,700,0,11,-0.33623604649530847
S28,W056,unrelated,control,-1.5572563778362285,6,42,674,1,8,-1.328407986973267
S28,W057,related,control,-0.9059093384605884,8,64,725,1,9,-0.9976840068139475
S28,W058,unrelated,control,-1.6486942190789142,6,9,524,1,9,-0.9976840068139475
S28,W059,related,control,-0.3001634484294758,6,93,477,1,12,-0.005512066335988933
S28,W060,unrelated,control,-0.4724816193194414,5,112,545,1,12,-0.005512066335988933
S28,W061,related,control,1.7395844656453046,5,8,646,1,19,2.3095557947792478
S28,W062,unrelated,control,1.148113333746188,7,107,499,1,15,0.9866598741419697
S28,W063,related,control,0.0350906934612753,6,108,508,1,15,0.9866598741419697
S28,W064,unrelated,control,1.1068512013196057,4,46,487,1,14,0.6559358939826502
S28,W065,related,control,-0.29377833954959,5,53,463,1,11,-0.33623604649530847
S28,W066,unrelated,control,-0.8621267483079921,6,60,427,1,11,-0.33623604649530847
S28,W067,related,control,-0.8004905870752745,5,97,690,1,9,-0.9976840068139475
S28,W068,unrelated,control,-0.6822716459168946,6,70,564,0,11,-0.33623604649530847
S28,W069,related,control,-2.306145484861042,8,33,867,1,6,-1.9898559472919062
S28,W070,unrelated,control,-0.4692453518743268,6,85,601,1,10,-0.666960026654628
S28,W071,related,control,-0.7186668647491127,7,79,520,1,13,0.3252119138233306
S28,W072,unrelated,control,-1.8666945779672184,6,47,826,1,8,-1.328407986973267
S28,W073,related,control,0.891632901440497,6,35,691,1,15,0.9866598741419697
S28,W074,unrelated,control,0.0035851005184451,7,51,511,1,13,0.3252119138233306
S28,W075,related,control,-0.8296935917886239,8,1,677,1,11,-0.33623604649530847
S28,W076,unrelated,control,0.0063453267125901,6,105,643,1,11,-0.33623604649530847
S28,W077,related,control,-1.3756874142011304,6,99,704,1,7,-1.6591319671325866
S28,W078,unrelated,control,-1.493333612226836,10,119,714,1,8,-1.328407986973267
S28,W079,related,control,0.1139469950564595,6,52,622,1,10,-0.666960026654628
S28,W080,unrelated,control,0.4102184004835469,4,13,402,1,14,0.6559358939826502
S28,W081,related,control,1.1191925348290213,6,91,602,1,17,1.6481078344606088
S28,W082,unrelated,control,-0.0322703529262462,6,87,459,1,11,-0.33623604649530847
S28,W083,related,control,0.1654914468887871,7,116,932,1,14,0.6559358939826502
S28,W084,unrelated,control,0.8719147743400757,7,6,503,1,12,-0.005512066335988933
S28,W085,related,control,-0.8790583874314196,7,10,448,1,13,0.3252119138233306
S28,W086,unrelated,control,-0.7905740078936522,7,40,638,1,8,-1.328407986973267
S28,W087,related,control,0.5846936512450975,6,48,419,1,12,-0.005512066335988933
S28,W088,unrelated,control,-0.8247875085796271,5,25,602,1,9,-0.9976840068139475
S28,W089,related,control,-1.4798537261722209,8,54,670,1,10,-0.666960026654628
S28,W090,unrelated,control,-0.5298687768050517,7,59,553,1,10,-0.666960026654628
S28,W091,related,control,0.0199958773569514,6,22,496,1,13,0.3252119138233306
S28,W092,unrelated,control,0.8827875457824161,5,34,528,1,16,1.3173838543012892
S28,W093,related,control,-0.3951162220036792,6,37,563,1,11,-0.33623604649530847
S28,W094,unrelated,control,-0.2729766410664055,6,96,643,1,14,0.6559358939826502
S28,W095,related,control,-0.8951685051880719,8,118,679,1,9,-0.9976840068139475
S28,W096,unrelated,control,-0.4092407736087192,8,49,920,1,11,-0.33623604649530847
S28,W097,related,control,-0.0617302306989816,5,29,689,1,13,0.3252119138233306
S28,W098,unrelated,control,-0.148276360874164,7,120,541,1,12,-0.005512066335988933
S28,W099,related,control,-0.5593352549066585,6,75,747,1,11,-0.33623604649530847
S28,W100,unrelated,control,0.942231995983134,6,114,614,1,14,0.6559358939826502
S28,W101,related,control,-0.4764940879555429,6,67,747,1,11,-0.33623604649530847
S28,W102,unrelated,control,0.2909020541309749,6,39,471,1,12,-0.005512066335988933
S28,W103,related,control,-0.5886379098238127,8,111,749,1,9,-0.9976840068139475
S28,W104,unrelated,control,-0.1214698405936154,5,77,417,1,11,-0.33623604649530847
S28,W105,related,control,0.9039757269248688,7,17,535,1,16,1.3173838543012892
S28,W106,unrelated,control,0.9500663306709668,5,2,690,1,14,0.6559358939826502
S28,W107,related,control,-0.1048038833831658,7,41,568,1,14,0.6559358939826502
S28,W108,unrelated,control,1.0859079831560388,6,45,407,1,17,1.6481078344606088
S28,W109,related,control,1.4716210444039308,4,84,573,1,16,1.3173838543012892
S28,W110,unrelated,control,-0.6985479929330615,5,83,807,1,12,-0.005512066335988933
S28,W111,related,control,0.0810520811925241,6,102,874,1,12,-0.005512066335988933
S28,W112,unrelated,control,-0.9707136954003068,6,86,544,1,12,-0.005512066335988933
S28,W113,related,control,0.3016402314525866,7,113,444,1,12,-0.005512066335988933
S28,W114,unrelated,control,0.2964810364202688,6,62,557,1,13,0.3252119138233306
S28,W115,related,control,0.9454197977241208,5,68,575,1,14,0.6559358939826502
S28,W116,unrelated,control,0.5722667365127202,5,94,453,1,13,0.3252119138233306
S28,W117,related,control,-0.3562583501967622,6,109,743,1,12,-0.005512066335988933
S28,W118,unrelated,control,0.9249426975480984,4,71,412,1,14,0.6559358939826502
S28,W119,related,control,-0.2589413440745218,7,101,654,1,12,-0.005512066335988933
S28,W120,unrelated,control,-1.6613676983867645,7,106,511,1,7,-1.6591319671325866
S29,W001,unrelated,control,-0.9139392237197596,6,80,456,1,8,-1.328407986973267
S29,W002,related,control,0.1358238092024783,6,2,324,1,15,0.9866598741419697
S29,W003,unrelated,control,0.0968317689390009,5,14,451,1,13,0.3252119138233306
S29,W004,related,control,-1.3047661789528002,8,60,396,1,8,-1.328407986973267
S29,W005,unrelated,control,0.4824205120703297,7,10,481,1,15,0.9866598741419697
S29,W006,related,control,1.5453446713553585,5,52,445,1,18,1.9788318146199282
S29,W007,unrelated,control,-0.6150774716989514,7,108,831,1,8,-1.328407986973267
S29,W008,related,control,0.7371741115453434,5,17,508,1,14,0.6559358939826502
S29,W009,unrelated,control,0.4367971257492582,5,71,373,1,16,1.3173838543012892
S29,W010,related,control,0.5628372917200654,4,84,359,1,15,0.9866598741419697
S29,W011,unrelated,control,0.0928637611052042,5,103,504,1,16,1.3173838543012892
S29,W012,related,control,-1.017174296547943,7,88,470,1,5,-2.3205799274512255
S29,W013,unrelated,control,-0.1757199187168372,5,106,536,1,13,0.3252119138233306
S29,W014,related,control,-0.4670875917863192,7,1,484,1,10,-0.666960026654628
S29,W015,unrelated,control,0.6376366034140181,4,100,594,1,13,0.3252119138233306
S29,W016,related,control,0.4758777000006875,6,58,357,1,15,0.9866598741419697
S29,W017,unrelated,control,-1.1004086247447586,7,66,762,1,10,-0.666960026654628
S29,W018,related,control,-0.0732480440826994,5,9,452,1,11,-0.33623604649530847
S29,W019,unrelated,control,0.8377763169382735,5,113,597,1,17,1.6481078344606088
S29,W020,related,control,-0.10953246691453,6,25,275,1,13,0.3252119138233306
S29,W021,unrelated,control,0.1653741913649934,6,43,485,1,11,-0.33623604649530847
S29,W022,related,control,-1.5613246312784643,7,36,521,1,7,-1.6591319671325866
S29,W023,unrelated,control,1.5516882128257177,4,51,426,1,18,1.9788318146199282
S29,W024,related,control,0.6676736601563552,6,64,463,1,15,0.9866598741419697
S29,W025,unrelated,control,-1.1003524346233824,6,81,561,1,9,-0.9976840068139475
S29,W026,related,control,1.2547311434192785,5,89,481,1,15,0.9866598741419697
S29,W027,unrelated,control,0.2511535240099482,6,5,667,1,11,-0.33623604649530847
S29,W028,related,control,-0.4744448584528069,6,47,428,1,10,-0.666960026654628
S29,W029,unrelated,control,-0.034955592045138,6,65,494,1,11,-0.33623604649530847
S29,W030,related,control,-1.2168271291729122,6,23,297,1,9,-0.9976840068139475
S29,W031,unrelated,control,0.714619446660419,5,102,503,1,14,0.6559358939826502
S29,W032,related,control,-1.3165830605078477,6,94,584,1,10,-0.666960026654628
S29,W033,unrelated,control,-0.21523491523936,7,30,448,1,12,-0.005512066335988933
S29,W034,related,control,-0.8773992307693209,5,119,316,1,10,-0.666960026654628
S29,W035,unrelated,control,-0.5296422482991268,8,48,551,1,11,-0.33623604649530847
S29,W036,related,control,-0.1884520533183292,7,72,256,1,13,0.3252119138233306
S29,W037,unrelated,control,-1.1890454200315383,10,90,689,1,9,-0.9976840068139475
S29,W038,related,control,0.956289262928874,5,22,390,1,16,1.3173838543012892
S29,W039,unrelated,control,-1.409803501846958,9,34,490,1,9,-0.9976840068139475
S29,W040,related,control,0.0326171911239126,7,61,377,1,14,0.6559358939826502
S29,W041,unrelated,control,2.768124509357714,4,120,233,1,19,2.3095557947792478
S29,W042,related,control,-2.051321246725728,8,77,488,1,7,-1.6591319671325866
S29,W043,unrelated,control,-0.4642735130186097,7,3,456,1,12,-0.005512066335988933
S29,W044,related,control,-0.074692481078299,5,26,368,1,11,-0.33623604649530847
S29,W045,unrelated,control,-2.8603180515178988,8,44,603,1,2,-3.312751867929184
S29,W046,related,control,0.2765126725847232,6,70,396,1,13,0.3252119138233306
S29,W047,unrelated,control,0.0194756794538221,6,76,757,1,11,-0.33623604649530847
S29,W048,related,control,0.9901168140194688,6,97,310,1,13,0.3252119138233306
S29,W049,unrelated,control,1.4263582067643383,5,104,350,1,18,1.9788318146199282
S29,W050,related,control,0.2830487228263371,5,55,322,1,16,1.3173838543012892
S29,W051,unrelated,control,0.2912642538060146,5,99,465,1,11,-0.33623604649530847
S29,W052,related,control,0.2221144455622858,6,38,454,1,14,0.6559358939826502
S29,W053,unrelated,control,1.5099166560295276,5,54,460,1,13,0.3252119138233306
S29,W054,related,control,-0.4557117009268119,7,7,434,1,10,-0.666960026654628
S29,W055,unrelated,control,-0.8565905568902926,6,73,685,1,11,-0.33623604649530847
S29,W056,related,control,-1.5572563778362285,6,35,574,1,8,-1.328407986973267
S29,W057,unrelated,control,-0.9059093384605884,8,20,592,1,9,-0.9976840068139475
S29,W058,related,control,-1.6486942190789142,6,28,280,1,9,-0.9976840068139475
S29,W059,unrelated,control,-0.3001634484294758,6,117,387,1,12,-0.005512066335988933
S29,W060,related,control,-0.4724816193194414,5,82,355,1,12,-0.005512066335988933
S29,W061,unrelated,control,1.7395844656453046,5,57,443,1,19,2.3095557947792478
S29,W062,related,control,1.148113333746188,7,29,319,1,15,0.9866598741419697
S29,W063,unrelated,control,0.0350906934612753,6,74,366,1,15,0.9866598741419697
S29,W064,related,control,1.1068512013196057,4,32,356,1,14,0.6559358939826502
S29,W065,unrelated,control,-0.29377833954959,5,31,330,1,11,-0.33623604649530847
S29,W066,related,control,-0.8621267483079921,6,92,383,1,11,-0.33623604649530847
S29,W067,unrelated,control,-0.8004905870752745,5,27,736,1,9,-0.9976840068139475
S29,W068,related,control,-0.6822716459168946,6,79,387,1,11,-0.33623604649530847
S29,W069,unrelated,control,-2.306145484861042,8,63,826,1,6,-1.9898559472919062
S29,W070,related,control,-0.4692453518743268,6,45,419,1,10,-0.666960026654628
S29,W071,unrelated,control,-0.7186668647491127,7,83,421,1,13,0.3252119138233306
S29,W072,related,control,-1.8666945779672184,6,75,540,1,8,-1.328407986973267
S29,W073,unrelated,control,0.891632901440497,6,110,544,1,15,0.9866598741419697
S29,W074,related,control,0.0035851005184451,7,21,370,1,13,0.3252119138233306
S29,W075,unrelated,control,-0.8296935917886239,8,78,562,1,11,-0.33623604649530847
S29,W076,related,control,0.0063453267125901,6,39,346,1,11,-0.33623604649530847
S29,W077,unrelated,control,-1.3756874142011304,6,8,468,1,7,-1.6591319671325866
S29,W078,related,control,-1.493333612226836,10,111,508,1,8,-1.328407986973267
S29,W079,unrelated,control,0.1139469950564595,6,86,621,1,10,-0.666960026654628
S29,W080,related,control,0.4102184004835469,4,42,265,1,14,0.6559358939826502
S29,W081,unrelated,control,1.1191925348290213,6,101,350,1,17,1.6481078344606088
S29,W082,related,control,-0.0322703529262462,6,93,340,1,11,-0.33623604649530847
S29,W083,unrelated,control,0.1654914468887871,7,16,709,1,14,0.6559358939826502
S29,W084,related,control,0.8719147743400757,7,85,395,1,12,-0.005512066335988933
S29,W085,unrelated,control,-0.8790583874314196,7,96,397,1,13,0.3252119138233306
S29,W086,related,control,-0.7905740078936522,7,19,363,1,8,-1.328407986973267
S29,W087,unrelated,control,0.5846936512450975,6,107,344,1,12,-0.005512066335988933
S29,W088,related,control,-0.8247875085796271,5,37,417,1,9,-0.9976840068139475
S29,W089,unrelated,control,-1.4798537261722209,8,33,440,1,10,-0.666960026654628
S29,W090,related,control,-0.5298687768050517,7,87,338,1,10,-0.666960026654628
S29,W091,unrelated,control,0.0199958773569514,6,68,446,1,13,0.3252119138233306
S29,W092,related,control,0.8827875457824161,5,95,395,1,16,1.3173838543012892
S29,W093,unrelated,control,-0.3951162220036792,6,13,378,1,11,-0.33623604649530847
S29,W094,related,control,-0.2729766410664055,6,41,507,1,14,0.6559358939826502
S29,W095,unrelated,control,-0.8951685051880719,8,40,533,1,9,-0.9976840068139475
S29,W096,related,control,-0.4092407736087192,8,116,583,1,11,-0.33623604649530847
S29,W097,unrelated,control,-0.0617302306989816,5,18,586,1,13,0.3252119138233306
S29,W098,related,control,-0.148276360874164,7,46,302,1,12,-0.005512066335988933
S29,W099,unrelated,control,-0.5593352549066585,6,59,595,1,11,-0.33623604649530847
S29,W100,related,control,0.942231995983134,6,62,444,1,14,0.6559358939826502
S29,W101,unrelated,control,-0.4764940879555429,6,15,605,1,11,-0.33623604649530847
S29,W102,related,control,0.2909020541309749,6,12,359,1,12,-0.005512066335988933
S29,W103,unrelated,control,-0.5886379098238127,8,105,508,1,9,-0.9976840068139475
S29,W104,related,control,-0.1214698405936154,5,109,324,1,11,-0.33623604649530847
S29,W105,unrelated,control,0.9039757269248688,7,50,470,1,16,1.3173838543012892
S29,W106,related,control,0.9500663306709668,5,49,424,1,14,0.6559358939826502
S29,W107,unrelated,control,-0.1048038833831658,7,69,564,1,14,0.6559358939826502
S29,W108,related,control,1.0859079831560388,6,91,298,1,17,1.6481078344606088
S29,W109,unrelated,control,1.4716210444039308,4,112,489,1,16,1.3173838543012892
S29,W110,related,control,-0.6985479929330615,5,67,548,1,12,-0.005512066335988933
S29,W111,unrelated,control,0.0810520811925241,6,53,724,1,12,-0.005512066335988933
S29,W112,related,control,-0.9707136954003068,6,98,504,1,12,-0.005512066335988933
S29,W113,unrelated,control,0.3016402314525866,7,24,464,1,12,-0.005512066335988933
S29,W114,related,control,0.2964810364202688,6,6,427,1,13,0.3252119138233306
S29,W115,unrelated,control,0.9454197977241208,5,4,417,1,14,0.6559358939826502
S29,W116,related,control,0.5722667365127202,5,118,342,1,13,0.3252119138233306
S29,W117,unrelated,control,-0.3562583501967622,6,56,618,1,12,-0.005512066335988933
S29,W118,related,control,0.9249426975480984,4,11,202,1,14,0.6559358939826502
S29,W119,unrelated,control,-0.2589413440745218,7,114,510,1,12,-0.005512066335988933
S29,W120,related,control,-1.6613676983867645,7,115,385,1,7,-1.6591319671325866
S30,W001,related,control,-0.9139392237197596,6,46,486,1,8,-1.328407986973267
S30,W002,unrelated,control,0.1358238092024783,6,118,444,1,15,0.9866598741419697
S30,W003,related,control,0.0968317689390009,5,65,545,0,13,0.3252119138233306
S30,W004,unrelated,control,-1.3047661789528002,8,120,695,0,8,-1.328407986973267
S30,W005,related,control,0.4824205120703297,7,15,710,1,15,0.9866598741419697
S30,W006,unrelated,control,1.5453446713553585,5,93,830,1,18,1.9788318146199282
S30,W007,related,control,-0.6150774716989514,7,41,684,1,8,-1.328407986973267
S30,W008,unrelated,control,0.7371741115453434,5,71,720,1,14,0.6559358939826502
S30,W009,related,control,0.4367971257492582,5,52,438,1,16,1.3173838543012892
S30,W010,unrelated,control,0.5628372917200654,4,117,624,1,15,0.9866598741419697
S30,W011,related,control,0.0928637611052042,5,73,599,1,16,1.3173838543012892
S30,W012,unrelated,control,-1.017174296547943,7,99,1072,0,5,-2.3205799274512255
S30,W013,related,control,-0.1757199187168372,5,74,692,1,13,0.3252119138233306
S30,W014,unrelated,control,-0.4670875917863192,7,31,745,1,10,-0.666960026654628
S30,W015,related,control,0.6376366034140181,4,40,932,0,13,0.3252119138233306
S30,W016,unrelated,control,0.4758777000006875,6,34,552,0,15,0.9866598741419697
S30,W017,related,control,-1.1004086247447586,7,83,652,1,10,-0.666960026654628
S30,W018,unrelated,control,-0.0732480440826994,5,16,523,1,11,-0.33623604649530847
S30,W019,related,control,0.8377763169382735,5,61,719,1,17,1.6481078344606088
S30,W020,unrelated,control,-0.10953246691453,6,110,433,1,13,0.3252119138233306
S30,W021,related,control,0.1653741913649934,6,69,528,1,11,-0.33623604649530847
S30,W022,unrelated,control,-1.5613246312784643,7,56,861,1,7,-1.6591319671325866
S30,W023,related,control,1.5516882128257177,4,91,473,0,18,1.9788318146199282
S30,W024,unrelated,control,0.6676736601563552,6,111,844,1,15,0.9866598741419697
S30,W025,related,control,-1.1003524346233824,6,101,714,1,9,-0.9976840068139475
S30,W026,unrelated,control,1.2547311434192785,5,76,930,1,15,0.9866598741419697
S30,W027,related,control,0.2511535240099482,6,43,838,1,11,-0.33623604649530847
S30,W028,unrelated,control,-0.4744448584528069,6,72,694,1,10,-0.666960026654628
S30,W029,related,control,-0.034955592045138,6,107,679,0,11,-0.33623604649530847
S30,W030,unrelated,control,-1.2168271291729122,6,4,580,1,9,-0.9976840068139475
S30,W031,related,control,0.714619446660419,5,35,764,0,14,0.6559358939826502
S30,W032,unrelated,control,-1.3165830605078477,6,53,866,1,10,-0.666960026654628
S30,W033,related,control,-0.21523491523936,7,114,608,1,12,-0.005512066335988933
S30,W034,unrelated,control,-0.8773992307693209,5,77,511,1,10,-0.666960026654628
S30,W035,related,control,-0.5296422482991268,8,24,807,1,11,-0.33623604649530847
S30,W036,unrelated,control,-0.1884520533183292,7,9,590,0,13,0.3252119138233306
S30,W037,related,control,-1.1890454200315383,10,90,614,1,9,-0.9976840068139475
S30,W038,unrelated,control,0.956289262928874,5,96,623,1,16,1.3173838543012892
S30,W039,related,control,-1.409803501846958,9,105,521,1,9,-0.9976840068139475
S30,W040,unrelated,control,0.0326171911239126,7,1,688,1,14,0.6559358939826502
S30,W041,related,control,2.768124509357714,4,18,387,1,19,2.3095557947792478
S30,W042,unrelated,control,-2.051321246725728,8,108,905,0,7,-1.6591319671325866
S30,W043,related,control,-0.4642735130186097,7,11,549,0,12,-0.005512066335988933
S30,W044,unrelated,control,-0.074692481078299,5,21,750,1,11,-0.33623604649530847
S30,W045,related,control,-2.8603180515178988,8,38,689,1,2,-3.312751867929184
S30,W046,unrelated,control,0.2765126725847232,6,116,527,1,13,0.3252119138233306
S30,W047,related,control,0.0194756794538221,6,13,744,1,11,-0.33623604649530847
S30,W048,unrelated,control,0.9901168140194688,6,60,680,1,13,0.3252119138233306
S30,W049,related,control,1.4263582067643383,5,54,563,1,18,1.9788318146199282
S30,W050,unrelated,control,0.2830487228263371,5,29,587,1,16,1.3173838543012892
S30,W051,related,control,0.2912642538060146,5,49,567,1,11,-0.33623604649530847
S30,W052,unrelated,control,0.2221144455622858,6,115,639,1,14,0.6559358939826502
S30,W053,related,control,1.5099166560295276,5,109,496,1,13,0.3252119138233306
S30,W054,unrelated,control,-0.4557117009268119,7,19,858,0,10,-0.666960026654628
S30,W055,related,control,-0.8565905568902926,6,70,991,1,11,-0.33623604649530847
S30,W056,unrelated,control,-1.5572563778362285,6,68,888,1,8,-1.328407986973267
S30,W057,related,control,-0.9059093384605884,8,12,707,1,9,-0.9976840068139475
S30,W058,unrelated,control,-1.6486942190789142,6,28,524,1,9,-0.9976840068139475
S30,W059,related,control,-0.3001634484294758,6,22,580,1,12,-0.005512066335988933
S30,W060,unrelated,control,-0.4724816193194414,5,106,553,1,12,-0.005512066335988933
S30,W061,related,control,1.7395844656453046,5,100,688,1,19,2.3095557947792478
S30,W062,unrelated,control,1.148113333746188,7,42,653,0,15,0.9866598741419697
S30,W063,related,control,0.0350906934612753,6,45,545,1,15,0.9866598741419697
S30,W064,unrelated,control,1.1068512013196057,4,7,604,1,14,0.6559358939826502
S30,W065,related,control,-0.29377833954959,5,27,449,1,11,-0.33623604649530847
S30,W066,unrelated,control,-0.8621267483079921,6,5,618,1,11,-0.33623604649530847
S30,W067,related,control,-0.8004905870752745,5,104,676,1,9,-0.9976840068139475
S30,W068,unrelated,control,-0.6822716459168946,6,88,612,1,11,-0.33623604649530847
S30,W069,related,control,-2.306145484861042,8,82,861,1,6,-1.9898559472919062
S30,W070,unrelated,control,-0.4692453518743268,6,47,623,1,10,-0.666960026654628
S30,W071,related,control,-0.7186668647491127,7,89,519,1,13,0.3252119138233306
S30,W072,unrelated,control,-1.8666945779672184,6,58,850,1,8,-1.328407986973267
S30,W073,related,control,0.891632901440497,6,14,664,1,15,0.9866598741419697
S30,W074,unrelated,control,0.0035851005184451,7,81,629,1,13,0.3252119138233306
S30,W075,related,control,-0.8296935917886239,8,6,583,1,11,-0.33623604649530847
S30,W076,unrelated,control,0.0063453267125901,6,2,594,1,11,-0.33623604649530847
S30,W077,related,control,-1.3756874142011304,6,25,597,1,7,-1.6591319671325866
S30,W078,unrelated,control,-1.493333612226836,10,98,824,1,8,-1.328407986973267
S30,W079,related,control,0.1139469950564595,6,85,660,1,10,-0.666960026654628
S30,W080,unrelated,control,0.4102184004835469,4,66,442,1,14,0.6559358939826502
S30,W081,related,control,1.1191925348290213,6,20,509,1,17,1.6481078344606088
S30,W082,unrelated,control,-0.0322703529262462,6,102,593,1,11,-0.33623604649530847
S30,W083,related,control,0.1654914468887871,7,113,694,1,14,0.6559358939826502
S30,W084,unrelated,control,0.8719147743400757,7,80,651,1,12,-0.005512066335988933
S30,W085,related,control,-0.8790583874314196,7,17,557,1,13,0.3252119138233306
S30,W086,unrelated,control,-0.7905740078936522,7,36,659,1,8,-1.328407986973267
S30,W087,related,control,0.5846936512450975,6,30,488,1,12,-0.005512066335988933
S30,W088,unrelated,control,-0.8247875085796271,5,94,738,1,9,-0.9976840068139475
S30,W089,related,control,-1.4798537261722209,8,95,731,1,10,-0.666960026654628
S30,W090,unrelated,control,-0.5298687768050517,7,97,833,1,10,-0.666960026654628
S30,W091,related,control,0.0199958773569514,6,103,525,1,13,0.3252119138233306
S30,W092,unrelated,control,0.8827875457824161,5,59,647,0,16,1.3173838543012892
S30,W093,related,control,-0.3951162220036792,6,51,563,1,11,-0.33623604649530847
S30,W094,unrelated,control,-0.2729766410664055,6,75,689,1,14,0.6559358939826502
S30,W095,related,control,-0.8951685051880719,8,62,655,0,9,-0.9976840068139475
S30,W096,unrelated,control,-0.4092407736087192,8,48,1091,1,11,-0.33623604649530847
S30,W097,related,control,-0.0617302306989816,5,44,645,1,13,0.3252119138233306
S30,W098,unrelated,control,-0.148276360874164,7,57,568,1,12,-0.005512066335988933
S30,W099,related,control,-0.5593352549066585,6,50,602,0,11,-0.33623604649530847
S30,W100,unrelated,control,0.942231995983134,6,112,695,1,14,0.6559358939826502
S30,W101,related,control,-0.4764940879555429,6,10,821,1,11,-0.33623604649530847
S30,W102,unrelated,control,0.2909020541309749,6,37,585,1,12,-0.005512066335988933
S30,W103,related,control,-0.5886379098238127,8,84,759,0,9,-0.9976840068139475
S30,W104,unrelated,control,-0.1214698405936154,5,119,599,1,11,-0.33623604649530847
S30,W105,related,control,0.9039757269248688,7,32,569,1,16,1.3173838543012892
S30,W106,unrelated,control,0.9500663306709668,5,55,667,1,14,0.6559358939826502
S30,W107,related,control,-0.1048038833831658,7,87,549,1,14,0.6559358939826502
S30,W108,unrelated,control,1.0859079831560388,6,8,522,1,17,1.6481078344606088
S30,W109,related,control,1.4716210444039308,4,26,662,1,16,1.3173838543012892
S30,W110,unrelated,control,-0.6985479929330615,5,33,913,1,12,-0.005512066335988933
S30,W111,related,control,0.0810520811925241,6,79,824,0,12,-0.005512066335988933
S30,W112,unrelated,control,-0.9707136954003068,6,67,663,1,12,-0.005512066335988933
S30,W113,related,control,0.3016402314525866,7,3,460,1,12,-0.005512066335988933
S30,W114,unrelated,control,0.2964810364202688,6,86,609,1,13,0.3252119138233306
S30,W115,related,control,0.9454197977241208,5,23,498,1,14,0.6559358939826502
S30,W116,unrelated,control,0.5722667365127202,5,64,625,1,13,0.3252119138233306
S30,W117,related,control,-0.3562583501967622,6,39,645,1,12,-0.005512066335988933
S30,W118,unrelated,control,0.9249426975480984,4,63,518,1,14,0.6559358939826502
S30,W119,related,control,-0.2589413440745218,7,78,573,1,12,-0.005512066335988933
S30,W120,unrelated,control,-1.6613676983867645,7,92,565,1,7,-1.6591319671325866
S31,W001,unrelated,training,-0.9139392237197596,6,18,482,1,8,-1.328407986973267
S31,W002,related,training,0.1358238092024783,6,118,559,1,15,0.9866598741419697
S31,W003,unrelated,training,0.0968317689390009,5,78,504,1,13,0.3252119138233306
S31,W004,related,training,-1.3047661789528002,8,66,640,1,8,-1.328407986973267
S31,W005,unrelated,training,0.4824205120703297,7,11,771,1,15,0.9866598741419697
S31,W006,related,training,1.5453446713553585,5,38,883,1,18,1.9788318146199282
S31,W007,unrelated,training,-0.6150774716989514,7,113,709,1,8,-1.328407986973267
S31,W008,related,training,0.7371741115453434,5,68,913,1,14,0.6559358939826502
S31,W009,unrelated,training,0.4367971257492582,5,12,508,1,16,1.3173838543012892
S31,W010,related,training,0.5628372917200654,4,16,476,1,15,0.9866598741419697
S31,W011,unrelated,training,0.0928637611052042,5,72,593,1,16,1.3173838543012892
S31,W012,related,training,-1.017174296547943,7,96,888,1,5,-2.3205799274512255
S31,W013,unrelated,training,-0.1757199187168372,5,35,605,1,13,0.3252119138233306
S31,W014,related,training,-0.4670875917863192,7,5,750,1,10,-0.666960026654628
S31,W015,unrelated,training,0.6376366034140181,4,120,856,1,13,0.3252119138233306
S31,W016,related,training,0.4758777000006875,6,45,643,1,15,0.9866598741419697
S31,W017,unrelated,training,-1.1004086247447586,7,36,730,1,10,-0.666960026654628
S31,W018,related,training,-0.0732480440826994,5,102,575,1,11,-0.33623604649530847
S31,W019,unrelated,training,0.8377763169382735,5,84,695,1,17,1.6481078344606088
S31,W020,related,training,-0.10953246691453,6,31,407,1,13,0.3252119138233306
S31,W021,unrelated,training,0.1653741913649934,6,15,673,1,11,-0.33623604649530847
S31,W022,related,training,-1.5613246312784643,7,107,718,1,7,-1.6591319671325866
S31,W023,unrelated,training,1.5516882128257177,4,39,615,1,18,1.9788318146199282
S31,W024,related,training,0.6676736601563552,6,24,652,1,15,0.9866598741419697
S31,W025,unrelated,training,-1.1003524346233824,6,14,754,1,9,-0.9976840068139475
S31,W026,related,training,1.2547311434192785,5,30,813,1,15,0.9866598741419697
S31,W027,unrelated,training,0.2511535240099482,6,64,1057,0,11,-0.33623604649530847
S31,W028,related,training,-0.4744448584528069,6,59,661,1,10,-0.666960026654628
S31,W029,unrelated,training,-0.034955592045138,6,61,614,1,11,-0.33623604649530847
S31,W030,related,training,-1.2168271291729122,6,29,688,1,9,-0.9976840068139475
S31,W031,unrelated,training,0.714619446660419,5,65,771,1,14,0.6559358939826502
S31,W032,related,training,-1.3165830605078477,6,108,672,1,10,-0.666960026654628
S31,W033,unrelated,training,-0.21523491523936,7,48,598,1,12,-0.005512066335988933
S31,W034,related,training,-0.8773992307693209,5,92,576,1,10,-0.666960026654628
S31,W035,unrelated,training,-0.5296422482991268,8,94,727,1,11,-0.33623604649530847
S31,W036,related,training,-0.1884520533183292,7,71,537,0,13,0.3252119138233306
S31,W037,unrelated,training,-1.1890454200315383,10,116,696,1,9,-0.9976840068139475
S31,W038,related,training,0.956289262928874,5,33,603,1,16,1.3173838543012892
S31,W039,unrelated,training,-1.409803501846958,9,57,503,1,9,-0.9976840068139475
S31,W040,related,training,0.0326171911239126,7,40,605,1,14,0.6559358939826502
S31,W041,unrelated,training,2.768124509357714,4,21,346,1,19,2.3095557947792478
S31,W042,related,training,-2.051321246725728,8,70,780,1,7,-1.6591319671325866
S31,W043,unrelated,training,-0.4642735130186097,7,6,625,1,12,-0.005512066335988933
S31,W044,related,training,-0.074692481078299,5,69,712,1,11,-0.33623604649530847
S31,W045,unrelated,training,-2.8603180515178988,8,82,890,1,2,-3.312751867929184
S31,W046,related,training,0.2765126725847232,6,93,485,1,13,0.3252119138233306
S31,W047,unrelated,training,0.0194756794538221,6,103,862,1,11,-0.33623604649530847
S31,W048,related,training,0.9901168140194688,6,110,591,1,13,0.3252119138233306
S31,W049,unrelated,training,1.4263582067643383,5,52,593,1,18,1.9788318146199282
S31,W050,related,training,0.2830487228263371,5,79,623,1,16,1.3173838543012892
S31,W051,unrelated,training,0.2912642538060146,5,81,630,1,11,-0.33623604649530847
S31,W052,related,training,0.2221144455622858,6,111,624,1,14,0.6559358939826502
S31,W053,unrelated,training,1.5099166560295276,5,34,492,1,13,0.3252119138233306
S31,W054,related,training,-0.4557117009268119,7,32,721,1,10,-0.666960026654628
S31,W055,unrelated,training,-0.8565905568902926,6,80,837,1,11,-0.33623604649530847
S31,W056,related,training,-1.5572563778362285,6,99,850,1,8,-1.328407986973267
S31,W057,unrelated,training,-0.9059093384605884,8,98,574,1,9,-0.9976840068139475
S31,W058,related,training,-1.6486942190789142,6,46,524,1,9,-0.9976840068139475
S31,W059,unrelated,training,-0.3001634484294758,6,22,565,1,12,-0.005512066335988933
S31,W060,related,training,-0.4724816193194414,5,115,626,1,12,-0.005512066335988933
S31,W061,unrelated,training,1.7395844656453046,5,117,595,1,19,2.3095557947792478
S31,W062,related,training,1.148113333746188,7,76,518,1,15,0.9866598741419697
S31,W063,unrelated,training,0.0350906934612753,6,104,522,1,15,0.9866598741419697
S31,W064,related,training,1.1068512013196057,4,4,465,1,14,0.6559358939826502
S31,W065,unrelated,training,-0.29377833954959,5,119,464,1,11,-0.33623604649530847
S31,W066,related,training,-0.8621267483079921,6,23,650,1,11,-0.33623604649530847
S31,W067,unrelated,training,-0.8004905870752745,5,86,681,1,9,-0.9976840068139475
S31,W068,related,training,-0.6822716459168946,6,105,690,1,11,-0.33623604649530847
S31,W069,unrelated,training,-2.306145484861042,8,2,1130,1,6,-1.9898559472919062
S31,W070,related,training,-0.4692453518743268,6,43,783,1,10,-0.666960026654628
S31,W071,unrelated,training,-0.7186668647491127,7,7,581,1,13,0.3252119138233306
S31,W072,related,training,-1.8666945779672184,6,20,947,1,8,-1.328407986973267
S31,W073,unrelated,training,0.891632901440497,6,89,666,1,15,0.9866598741419697
S31,W074,related,training,0.0035851005184451,7,106,766,1,13,0.3252119138233306
S31,W075,unrelated,training,-0.8296935917886239,8,91,637,0,11,-0.33623604649530847
S31,W076,related,training,0.0063453267125901,6,87,748,1,11,-0.33623604649530847
S31,W077,unrelated,training,-1.3756874142011304,6,41,540,1,7,-1.6591319671325866
S31,W078,related,training,-1.493333612226836,10,25,664,1,8,-1.328407986973267
S31,W079,unrelated,training,0.1139469950564595,6,13,784,1,10,-0.666960026654628
S31,W080,related,training,0.4102184004835469,4,74,413,0,14,0.6559358939826502
S31,W081,unrelated,training,1.1191925348290213,6,50,445,1,17,1.6481078344606088
S31,W082,related,training,-0.0322703529262462,6,73,554,1,11,-0.33623604649530847
S31,W083,unrelated,training,0.1654914468887871,7,3,872,1,14,0.6559358939826502
S31,W084,related,training,0.8719147743400757,7,37,591,0,12,-0.005512066335988933
S31,W085,unrelated,training,-0.8790583874314196,7,97,580,1,13,0.3252119138233306
S31,W086,related,training,-0.7905740078936522,7,77,648,1,8,-1.328407986973267
S31,W087,unrelated,training,0.5846936512450975,6,54,492,1,12,-0.005512066335988933
S31,W088,related,training,-0.8247875085796271,5,60,580,1,9,-0.9976840068139475
S31,W089,unrelated,training,-1.4798537261722209,8,27,691,0,10,-0.666960026654628
S31,W090,related,training,-0.5298687768050517,7,100,660,1,10,-0.666960026654628
S31,W091,unrelated,training,0.0199958773569514,6,44,638,1,13,0.3252119138233306
S31,W092,related,training,0.8827875457824161,5,42,588,1,16,1.3173838543012892
S31,W093,unrelated,training,-0.3951162220036792,6,9,612,1,11,-0.33623604649530847
S31,W094,related,training,-0.2729766410664055,6,17,590,1,14,0.6559358939826502
S31,W095,unrelated,training,-0.8951685051880719,8,112,769,1,9,-0.9976840068139475
S31,W096,related,training,-0.4092407736087192,8,28,1043,1,11,-0.33623604649530847
S31,W097,unrelated,training,-0.0617302306989816,5,63,635,1,13,0.3252119138233306
S31,W098,related,training,-0.148276360874164,7,53,587,1,12,-0.005512066335988933
S31,W099,unrelated,training,-0.5593352549066585,6,85,592,1,11,-0.33623604649530847
S31,W100,related,training,0.942231995983134,6,55,730,1,14,0.6559358939826502
S31,W101,unrelated,training,-0.4764940879555429,6,19,794,0,11,-0.33623604649530847
S31,W102,related,training,0.2909020541309749,6,49,551,1,12,-0.005512066335988933
S31,W103,unrelated,training,-0.5886379098238127,8,90,765,1,9,-0.9976840068139475
S31,W104,related,training,-0.1214698405936154,5,8,490,1,11,-0.33623604649530847
S31,W105,unrelated,training,0.9039757269248688,7,62,578,1,16,1.3173838543012892
S31,W106,related,training,0.9500663306709668,5,10,690,1,14,0.6559358939826502
S31,W107,unrelated,training,-0.1048038833831658,7,1,620,1,14,0.6559358939826502
S31,W108,related,training,1.0859079831560388,6,109,574,1,17,1.6481078344606088
S31,W109,unrelated,training,1.4716210444039308,4,67,564,1,16,1.3173838543012892
S31,W110,related,training,-0.6985479929330615,5,83,999,1,12,-0.005512066335988933
S31,W111,unrelated,training,0.0810520811925241,6,88,943,0,12,-0.005512066335988933
S31,W112,related,training,-0.9707136954003068,6,47,650,0,12,-0.005512066335988933
S31,W113,unrelated,training,0.3016402314525866,7,56,478,1,12,-0.005512066335988933
S31,W114,related,training,0.2964810364202688,6,58,756,1,13,0.3252119138233306
S31,W115,unrelated,training,0.9454197977241208,5,95,552,1,14,0.6559358939826502
S31,W116,related,training,0.5722667365127202,5,114,572,1,13,0.3252119138233306
S31,W117,unrelated,training,-0.3562583501967622,6,26,975,1,12,-0.005512066335988933
S31,W118,related,training,0.9249426975480984,4,101,575,0,14,0.6559358939826502
S31,W119,unrelated,training,-0.2589413440745218,7,51,717,1,12,-0.005512066335988933
S31,W120,related,training,-1.6613676983867645,7,75,580,1,7,-1.6591319671325866
S32,W001,related,training,-0.9139392237197596,6,49,724,1,8,-1.328407986973267
S32,W002,unrelated,training,0.1358238092024783,6,90,668,1,15,0.9866598741419697
S32,W003,related,training,0.0968317689390009,5,72,882,1,13,0.3252119138233306
S32,W004,unrelated,training,-1.3047661789528002,8,66,854,0,8,-1.328407986973267
S32,W005,related,training,0.4824205120703297,7,23,974,1,15,0.9866598741419697
S32,W006,unrelated,training,1.5453446713553585,5,84,811,1,18,1.9788318146199282
S32,W007,related,training,-0.6150774716989514,7,80,1201,1,8,-1.328407986973267
S32,W008,unrelated,training,0.7371741115453434,5,79,867,1,14,0.6559358939826502
S32,W009,related,training,0.4367971257492582,5,46,617,1,16,1.3173838543012892
S32,W010,unrelated,training,0.5628372917200654,4,111,697,1,15,0.9866598741419697
S32,W011,related,training,0.0928637611052042,5,44,809,1,16,1.3173838543012892
S32,W012,unrelated,training,-1.017174296547943,7,109,1072,1,5,-2.3205799274512255
S32,W013,related,training,-0.1757199187168372,5,97,729,1,13,0.3252119138233306
S32,W014,unrelated,training,-0.4670875917863192,7,74,1039,1,10,-0.666960026654628
S32,W015,related,training,0.6376366034140181,4,39,922,1,13,0.3252119138233306
S32,W016,unrelated,training,0.4758777000006875,6,119,694,1,15,0.9866598741419697
S32,W017,related,training,-1.1004086247447586,7,107,802,1,10,-0.666960026654628
S32,W018,unrelated,training,-0.0732480440826994,5,58,847,1,11,-0.33623604649530847
S32,W019,related,training,0.8377763169382735,5,40,1139,1,17,1.6481078344606088
S32,W020,unrelated,training,-0.10953246691453,6,18,581,1,13,0.3252119138233306
S32,W021,related,training,0.1653741913649934,6,78,969,1,11,-0.33623604649530847
S32,W022,unrelated,training,-1.5613246312784643,7,106,1416,1,7,-1.6591319671325866
S32,W023,related,training,1.5516882128257177,4,15,891,1,18,1.9788318146199282
S32,W024,unrelated,training,0.6676736601563552,6,73,964,1,15,0.9866598741419697
S32,W025,related,training,-1.1003524346233824,6,20,928,1,9,-0.9976840068139475
S32,W026,unrelated,training,1.2547311434192785,5,63,887,1,15,0.9866598741419697
S32,W027,related,training,0.2511535240099482,6,41,1067,1,11,-0.33623604649530847
S32,W028,unrelated,training,-0.4744448584528069,6,116,1123,1,10,-0.666960026654628
S32,W029,related,training,-0.034955592045138,6,93,988,1,11,-0.33623604649530847
S32,W030,unrelated,training,-1.2168271291729122,6,27,752,1,9,-0.9976840068139475
S32,W031,related,training,0.714619446660419,5,37,1034,1,14,0.6559358939826502
S32,W032,unrelated,training,-1.3165830605078477,6,48,890,1,10,-0.666960026654628
S32,W033,related,training,-0.21523491523936,7,64,637,1,12,-0.005512066335988933
S32,W034,unrelated,training,-0.8773992307693209,5,105,708,1,10,-0.666960026654628
S32,W035,related,training,-0.5296422482991268,8,32,1111,1,11,-0.33623604649530847
S32,W036,unrelated,training,-0.1884520533183292,7,115,592,1,13,0.3252119138233306
S32,W037,related,training,-1.1890454200315383,10,12,1314,1,9,-0.9976840068139475
S32,W038,unrelated,training,0.956289262928874,5,55,668,1,16,1.3173838543012892
S32,W039,related,training,-1.409803501846958,9,65,671,1,9,-0.9976840068139475
S32,W040,unrelated,training,0.0326171911239126,7,82,814,1,14,0.6559358939826502
S32,W041,related,training,2.768124509357714,4,34,375,1,19,2.3095557947792478
S32,W042,unrelated,training,-2.051321246725728,8,112,1107,1,7,-1.6591319671325866
S32,W043,related,training,-0.4642735130186097,7,25,919,1,12,-0.005512066335988933
S32,W044,unrelated,training,-0.074692481078299,5,35,1126,1,11,-0.33623604649530847
S32,W045,related,training,-2.8603180515178988,8,75,1063,1,2,-3.312751867929184
S32,W046,unrelated,training,0.2765126725847232,6,53,889,1,13,0.3252119138233306
S32,W047,related,training,0.0194756794538221,6,88,1034,1,11,-0.33623604649530847
S32,W048,unrelated,training,0.9901168140194688,6,110,632,1,13,0.3252119138233306
S32,W049,related,training,1.4263582067643383,5,17,718,1,18,1.9788318146199282
S32,W050,unrelated,training,0.2830487228263371,5,102,731,1,16,1.3173838543012892
S32,W051,related,training,0.2912642538060146,5,69,718,1,11,-0.33623604649530847
S32,W052,unrelated,training,0.2221144455622858,6,118,897,1,14,0.6559358939826502
S32,W053,related,training,1.5099166560295276,5,57,656,1,13,0.3252119138233306
S32,W054,unrelated,training,-0.4557117009268119,7,70,802,1,10,-0.666960026654628
S32,W055,related,training,-0.8565905568902926,6,24,1186,1,11,-0.33623604649530847
S32,W056,unrelated,training,-1.5572563778362285,6,96,920,1,8,-1.328407986973267
S32,W057,related,training,-0.9059093384605884,8,83,984,1,9,-0.9976840068139475
S32,W058,unrelated,training,-1.6486942190789142,6,92,732,1,9,-0.9976840068139475
S32,W059,related,training,-0.3001634484294758,6,103,551,1,12,-0.005512066335988933
S32,W060,unrelated,training,-0.4724816193194414,5,52,837,1,12,-0.005512066335988933
S32,W061,related,training,1.7395844656453046,5,68,896,1,19,2.3095557947792478
S32,W062,unrelated,training,1.148113333746188,7,117,676,1,15,0.9866598741419697
S32,W063,related,training,0.0350906934612753,6,61,677,1,15,0.9866598741419697
S32,W064,unrelated,training,1.1068512013196057,4,1,710,1,14,0.6559358939826502
S32,W065,related,training,-0.29377833954959,5,36,545,1,11,-0.33623604649530847
S32,W066,unrelated,training,-0.8621267483079921,6,21,741,1,11,-0.33623604649530847
S32,W067,related,training,-0.8004905870752745,5,120,796,1,9,-0.9976840068139475
S32,W068,unrelated,training,-0.6822716459168946,6,43,789,1,11,-0.33623604649530847
S32,W069,related,training,-2.306145484861042,8,62,1170,1,6,-1.9898559472919062
S32,W070,unrelated,training,-0.4692453518743268,6,16,946,1,10,-0.666960026654628
S32,W071,related,training,-0.7186668647491127,7,47,888,1,13,0.3252119138233306
S32,W072,unrelated,training,-1.8666945779672184,6,6,1391,1,8,-1.328407986973267
S32,W073,related,training,0.891632901440497,6,54,949,1,15,0.9866598741419697
S32,W074,unrelated,training,0.0035851005184451,7,77,861,1,13,0.3252119138233306
S32,W075,related,training,-0.8296935917886239,8,86,862,1,11,-0.33623604649530847
S32,W076,unrelated,training,0.0063453267125901,6,59,783,1,11,-0.33623604649530847
S32,W077,related,training,-1.3756874142011304,6,42,798,1,7,-1.6591319671325866
S32,W078,unrelated,training,-1.493333612226836,10,26,975,1,8,-1.328407986973267
S32,W079,related,training,0.1139469950564595,6,28,1027,1,10,-0.666960026654628
S32,W080,unrelated,training,0.4102184004835469,4,30,417,1,14,0.6559358939826502
S32,W081,related,training,1.1191925348290213,6,10,854,1,17,1.6481078344606088
S32,W082,unrelated,training,-0.0322703529262462,6,87,778,1,11,-0.33623604649530847
S32,W083,related,training,0.1654914468887871,7,81,1076,1,14,0.6559358939826502
S32,W084,unrelated,training,0.8719147743400757,7,95,823,1,12,-0.005512066335988933
S32,W085,related,training,-0.8790583874314196,7,22,573,1,13,0.3252119138233306
S32,W086,unrelated,training,-0.7905740078936522,7,98,769,1,8,-1.328407986973267
S32,W087,related,training,0.5846936512450975,6,89,486,1,12,-0.005512066335988933
S32,W088,unrelated,training,-0.8247875085796271,5,5,794,1,9,-0.9976840068139475
S32,W089,related,training,-1.4798537261722209,8,91,781,1,10,-0.666960026654628
S32,W090,unrelated,training,-0.5298687768050517,7,13,910,1,10,-0.666960026654628
S32,W091,related,training,0.0199958773569514,6,11,781,1,13,0.3252119138233306
S32,W092,unrelated,training,0.8827875457824161,5,19,775,1,16,1.3173838543012892
S32,W093,related,training,-0.3951162220036792,6,4,653,1,11,-0.33623604649530847
S32,W094,unrelated,training,-0.2729766410664055,6,113,839,1,14,0.6559358939826502
S32,W095,related,training,-0.8951685051880719,8,104,1033,1,9,-0.9976840068139475
S32,W096,unrelated,training,-0.4092407736087192,8,9,1290,1,11,-0.33623604649530847
S32,W097,related,training,-0.0617302306989816,5,108,768,1,13,0.3252119138233306
S32,W098,unrelated,training,-0.148276360874164,7,33,840,1,12,-0.005512066335988933
S32,W099,related,training,-0.5593352549066585,6,2,774,1,11,-0.33623604649530847
S32,W100,unrelated,training,0.942231995983134,6,85,849,1,14,0.6559358939826502
S32,W101,related,training,-0.4764940879555429,6,7,1022,1,11,-0.33623604649530847
S32,W102,unrelated,training,0.2909020541309749,6,31,743,1,12,-0.005512066335988933
S32,W103,related,training,-0.5886379098238127,8,114,740,1,9,-0.9976840068139475
S32,W104,unrelated,training,-0.1214698405936154,5,71,652,1,11,-0.33623604649530847
S32,W105,related,training,0.9039757269248688,7,94,823,1,16,1.3173838543012892
S32,W106,unrelated,training,0.9500663306709668,5,101,846,1,14,0.6559358939826502
S32,W107,related,training,-0.1048038833831658,7,50,910,1,14,0.6559358939826502
S32,W108,unrelated,training,1.0859079831560388,6,3,609,1,17,1.6481078344606088
S32,W109,related,training,1.4716210444039308,4,29,622,1,16,1.3173838543012892
S32,W110,unrelated,training,-0.6985479929330615,5,56,1202,1,12,-0.005512066335988933
S32,W111,related,training,0.0810520811925241,6,51,1081,1,12,-0.005512066335988933
S32,W112,unrelated,training,-0.9707136954003068,6,38,953,1,12,-0.005512066335988933
S32,W113,related,training,0.3016402314525866,7,8,575,1,12,-0.005512066335988933
S32,W114,unrelated,training,0.2964810364202688,6,60,831,1,13,0.3252119138233306
S32,W115,related,training,0.9454197977241208,5,45,649,1,14,0.6559358939826502
S32,W116,unrelated,training,0.5722667365127202,5,99,611,1,13,0.3252119138233306
S32,W117,related,training,-0.3562583501967622,6,76,1054,1,12,-0.005512066335988933
S32,W118,unrelated,training,0.9249426975480984,4,100,584,1,14,0.6559358939826502
S32,W119,related,training,-0.2589413440745218,7,67,960,1,12,-0.005512066335988933
S32,W120,unrelated,training,-1.6613676983867645,7,14,803,1,7,-1.6591319671325866
S33,W001,unrelated,training,-0.9139392237197596,6,72,540,1,8,-1.328407986973267
S33,W002,related,training,0.1358238092024783,6,117,429,1,15,0.9866598741419697
S33,W003,unrelated,training,0.0968317689390009,5,5,525,1,13,0.3252119138233306
S33,W004,related,training,-1.3047661789528002,8,69,509,1,8,-1.328407986973267
S33,W005,unrelated,training,0.4824205120703297,7,14,614,1,15,0.9866598741419697
S33,W006,related,training,1.5453446713553585,5,98,822,1,18,1.9788318146199282
S33,W007,unrelated,training,-0.6150774716989514,7,108,651,1,8,-1.328407986973267
S33,W008,related,training,0.7371741115453434,5,56,873,1,14,0.6559358939826502
S33,W009,unrelated,training,0.4367971257492582,5,59,360,1,16,1.3173838543012892
S33,W010,related,training,0.5628372917200654,4,77,411,1,15,0.9866598741419697
S33,W011,unrelated,training,0.0928637611052042,5,19,558,1,16,1.3173838543012892
S33,W012,related,training,-1.017174296547943,7,91,724,1,5,-2.3205799274512255
S33,W013,unrelated,training,-0.1757199187168372,5,51,667,1,13,0.3252119138233306
S33,W014,related,training,-0.4670875917863192,7,66,641,1,10,-0.666960026654628
S33,W015,unrelated,training,0.6376366034140181,4,32,809,1,13,0.3252119138233306
S33,W016,related,training,0.4758777000006875,6,24,468,1,15,0.9866598741419697
S33,W017,unrelated,training,-1.1004086247447586,7,100,719,1,10,-0.666960026654628
S33,W018,related,training,-0.0732480440826994,5,27,457,1,11,-0.33623604649530847
S33,W019,unrelated,training,0.8377763169382735,5,45,769,1,17,1.6481078344606088
S33,W020,related,training,-0.10953246691453,6,62,451,1,13,0.3252119138233306
S33,W021,unrelated,training,0.1653741913649934,6,39,558,1,11,-0.33623604649530847
S33,W022,related,training,-1.5613246312784643,7,118,731,1,7,-1.6591319671325866
S33,W023,unrelated,training,1.5516882128257177,4,116,496,1,18,1.9788318146199282
S33,W024,related,training,0.6676736601563552,6,90,566,1,15,0.9866598741419697
S33,W025,unrelated,training,-1.1003524346233824,6,105,700,1,9,-0.9976840068139475
S33,W026,related,training,1.2547311434192785,5,4,805,1,15,0.9866598741419697
S33,W027,unrelated,training,0.2511535240099482,6,76,854,1,11,-0.33623604649530847
S33,W028,related,training,-0.4744448584528069,6,36,707,1,10,-0.666960026654628
S33,W029,unrelated,training,-0.034955592045138,6,44,624,1,11,-0.33623604649530847
S33,W030,related,training,-1.2168271291729122,6,49,489,0,9,-0.9976840068139475
S33,W031,unrelated,training,0.714619446660419,5,97,778,1,14,0.6559358939826502
S33,W032,related,training,-1.3165830605078477,6,107,646,1,10,-0.666960026654628
S33,W033,unrelated,training,-0.21523491523936,7,65,527,1,12,-0.005512066335988933
S33,W034,related,training,-0.8773992307693209,5,120,565,1,10,-0.666960026654628
S33,W035,unrelated,training,-0.5296422482991268,8,64,666,1,11,-0.33623604649530847
S33,W036,related,training,-0.1884520533183292,7,38,586,1,13,0.3252119138233306
S33,W037,unrelated,training,-1.1890454200315383,10,106,620,1,9,-0.9976840068139475
S33,W038,related,training,0.956289262928874,5,73,433,1,16,1.3173838543012892
S33,W039,unrelated,training,-1.409803501846958,9,23,551,1,9,-0.9976840068139475
S33,W040,related,training,0.0326171911239126,7,43,557,1,14,0.6559358939826502
S33,W041,unrelated,training,2.768124509357714,4,93,302,1,19,2.3095557947792478
S33,W042,related,training,-2.051321246725728,8,46,739,1,7,-1.6591319671325866
S33,W043,unrelated,training,-0.4642735130186097,7,47,543,1,12,-0.005512066335988933
S33,W044,related,training,-0.074692481078299,5,7,561,1,11,-0.33623604649530847
S33,W045,unrelated,training,-2.8603180515178988,8,85,824,1,2,-3.312751867929184
S33,W046,related,training,0.2765126725847232,6,13,387,1,13,0.3252119138233306
S33,W047,unrelated,training,0.0194756794538221,6,52,703,1,11,-0.33623604649530847
S33,W048,related,training,0.9901168140194688,6,31,447,1,13,0.3252119138233306
S33,W049,unrelated,training,1.4263582067643383,5,28,450,1,18,1.9788318146199282
S33,W050,related,training,0.2830487228263371,5,40,393,1,16,1.3173838543012892
S33,W051,unrelated,training,0.2912642538060146,5,82,657,1,11,-0.33623604649530847
S33,W052,related,training,0.2221144455622858,6,12,489,1,14,0.6559358939826502
S33,W053,unrelated,training,1.5099166560295276,5,110,469,1,13,0.3252119138233306
S33,W054,related,training,-0.4557117009268119,7,70,639,1,10,-0.666960026654628
S33,W055,unrelated,training,-0.8565905568902926,6,92,989,0,11,-0.33623604649530847
S33,W056,related,training,-1.5572563778362285,6,41,576,1,8,-1.328407986973267
S33,W057,unrelated,training,-0.9059093384605884,8,48,478,1,9,-0.9976840068139475
S33,W058,related,training,-1.6486942190789142,6,3,521,1,9,-0.9976840068139475
S33,W059,unrelated,training,-0.3001634484294758,6,25,478,1,12,-0.005512066335988933
S33,W060,related,training,-0.4724816193194414,5,42,464,1,12,-0.005512066335988933
S33,W061,unrelated,training,1.7395844656453046,5,29,548,1,19,2.3095557947792478
S33,W062,related,training,1.148113333746188,7,68,416,1,15,0.9866598741419697
S33,W063,unrelated,training,0.0350906934612753,6,88,525,1,15,0.9866598741419697
S33,W064,related,training,1.1068512013196057,4,86,500,1,14,0.6559358939826502
S33,W065,unrelated,training,-0.29377833954959,5,61,493,1,11,-0.33623604649530847
S33,W066,related,training,-0.8621267483079921,6,17,518,1,11,-0.33623604649530847
S33,W067,unrelated,training,-0.8004905870752745,5,102,781,1,9,-0.9976840068139475
S33,W068,related,training,-0.6822716459168946,6,9,571,1,11,-0.33623604649530847
S33,W069,unrelated,training,-2.306145484861042,8,15,880,1,6,-1.9898559472919062
S33,W070,related,training,-0.4692453518743268,6,6,547,1,10,-0.666960026654628
S33,W071,unrelated,training,-0.7186668647491127,7,75,448,1,13,0.3252119138233306
S33,W072,related,training,-1.8666945779672184,6,30,721,1,8,-1.328407986973267
S33,W073,unrelated,training,0.891632901440497,6,114,611,1,15,0.9866598741419697
S33,W074,related,training,0.0035851005184451,7,101,689,1,13,0.3252119138233306
S33,W075,unrelated,training,-0.8296935917886239,8,80,739,1,11,-0.33623604649530847
S33,W076,related,training,0.0063453267125901,6,8,506,1,11,-0.33623604649530847
S33,W077,unrelated,training,-1.3756874142011304,6,111,714,1,7,-1.6591319671325866
S33,W078,related,training,-1.493333612226836,10,1,731,1,8,-1.328407986973267
S33,W079,unrelated,training,0.1139469950564595,6,89,615,1,10,-0.666960026654628
S33,W080,related,training,0.4102184004835469,4,94,360,1,14,0.6559358939826502
S33,W081,unrelated,training,1.1191925348290213,6,54,478,1,17,1.6481078344606088
S33,W082,related,training,-0.0322703529262462,6,21,532,1,11,-0.33623604649530847
S33,W083,unrelated,training,0.1654914468887871,7,63,862,1,14,0.6559358939826502
S33,W084,related,training,0.8719147743400757,7,99,468,1,12,-0.005512066335988933
S33,W085,unrelated,training,-0.8790583874314196,7,87,448,1,13,0.3252119138233306
S33,W086,related,training,-0.7905740078936522,7,35,588,1,8,-1.328407986973267
S33,W087,unrelated,training,0.5846936512450975,6,119,408,1,12,-0.005512066335988933
S33,W088,related,training,-0.8247875085796271,5,103,477,1,9,-0.9976840068139475
S33,W089,unrelated,training,-1.4798537261722209,8,33,596,0,10,-0.666960026654628
S33,W090,related,training,-0.5298687768050517,7,60,544,1,10,-0.666960026654628
S33,W091,unrelated,training,0.0199958773569514,6,58,530,1,13,0.3252119138233306
S33,W092,related,training,0.8827875457824161,5,37,574,1,16,1.3173838543012892
S33,W093,unrelated,training,-0.3951162220036792,6,34,470,1,11,-0.33623604649530847
S33,W094,related,training,-0.2729766410664055,6,115,472,1,14,0.6559358939826502
S33,W095,unrelated,training,-0.8951685051880719,8,79,723,1,9,-0.9976840068139475
S33,W096,related,training,-0.4092407736087192,8,53,861,1,11,-0.33623604649530847
S33,W097,unrelated,training,-0.0617302306989816,5,57,609,1,13,0.3252119138233306
S33,W098,related,training,-0.148276360874164,7,78,415,1,12,-0.005512066335988933
S33,W099,unrelated,training,-0.5593352549066585,6,84,620,1,11,-0.33623604649530847
S33,W100,related,training,0.942231995983134,6,16,547,1,14,0.6559358939826502
S33,W101,unrelated,training,-0.4764940879555429,6,2,760,1,11,-0.33623604649530847
S33,W102,related,training,0.2909020541309749,6,71,478,1,12,-0.005512066335988933
S33,W103,unrelated,training,-0.5886379098238127,8,95,580,1,9,-0.9976840068139475
S33,W104,related,training,-0.1214698405936154,5,11,391,1,11,-0.33623604649530847
S33,W105,unrelated,training,0.9039757269248688,7,26,478,1,16,1.3173838543012892
S33,W106,related,training,0.9500663306709668,5,83,579,0,14,0.6559358939826502
S33,W107,unrelated,training,-0.1048038833831658,7,22,589,1,14,0.6559358939826502
S33,W108,related,training,1.0859079831560388,6,74,375,1,17,1.6481078344606088
S33,W109,unrelated,training,1.4716210444039308,4,112,533,1,16,1.3173838543012892
S33,W110,related,training,-0.6985479929330615,5,96,707,1,12,-0.005512066335988933
S33,W111,unrelated,training,0.0810520811925241,6,20,742,1,12,-0.005512066335988933
S33,W112,related,training,-0.9707136954003068,6,67,616,1,12,-0.005512066335988933
S33,W113,unrelated,training,0.3016402314525866,7,104,441,1,12,-0.005512066335988933
S33,W114,related,training,0.2964810364202688,6,55,508,1,13,0.3252119138233306
S33,W115,unrelated,training,0.9454197977241208,5,18,507,1,14,0.6559358939826502
S33,W116,related,training,0.5722667365127202,5,10,418,1,13,0.3252119138233306
S33,W117,unrelated,training,-0.3562583501967622,6,113,754,1,12,-0.005512066335988933
S33,W118,related,training,0.9249426975480984,4,50,402,1,14,0.6559358939826502
S33,W119,unrelated,training,-0.2589413440745218,7,81,550,1,12,-0.005512066335988933
S33,W120,related,training,-1.6613676983867645,7,109,450,1,7,-1.6591319671325866
S34,W001,related,training,-0.9139392237197596,6,58,391,1,8,-1.328407986973267
S34,W002,unrelated,training,0.1358238092024783,6,87,505,1,15,0.9866598741419697
S34,W003,related,training,0.0968317689390009,5,27,507,1,13,0.3252119138233306
S34,W004,unrelated,training,-1.3047661789528002,8,82,647,1,8,-1.328407986973267
S34,W005,related,training,0.4824205120703297,7,38,596,1,15,0.9866598741419697
S34,W006,unrelated,training,1.5453446713553585,5,21,592,1,18,1.9788318146199282
S34,W007,related,training,-0.6150774716989514,7,64,581,1,8,-1.328407986973267
S34,W008,unrelated,training,0.7371741115453434,5,79,876,1,14,0.6559358939826502
S34,W009,related,training,0.4367971257492582,5,45,338,1,16,1.3173838543012892
S34,W010,unrelated,training,0.5628372917200654,4,7,497,1,15,0.9866598741419697
S34,W011,related,training,0.0928637611052042,5,86,459,1,16,1.3173838543012892
S34,W012,unrelated,training,-1.017174296547943,7,51,828,1,5,-2.3205799274512255
S34,W013,related,training,-0.1757199187168372,5,29,414,1,13,0.3252119138233306
S34,W014,unrelated,training,-0.4670875917863192,7,35,595,1,10,-0.666960026654628
S34,W015,related,training,0.6376366034140181,4,85,624,1,13,0.3252119138233306
S34,W016,unrelated,training,0.4758777000006875,6,36,513,1,15,0.9866598741419697
S34,W017,related,training,-1.1004086247447586,7,4,468,1,10,-0.666960026654628
S34,W018,unrelated,training,-0.0732480440826994,5,39,513,1,11,-0.33623604649530847
S34,W019,related,training,0.8377763169382735,5,98,594,1,17,1.6481078344606088
S34,W020,unrelated,training,-0.10953246691453,6,48,378,1,13,0.3252119138233306
S34,W021,related,training,0.1653741913649934,6,89,510,0,11,-0.33623604649530847
S34,W022,unrelated,training,-1.5613246312784643,7,68,837,1,7,-1.6591319671325866
S34,W023,related,training,1.5516882128257177,4,107,471,1,18,1.9788318146199282
S34,W024,unrelated,training,0.6676736601563552,6,28,708,1,15,0.9866598741419697
S34,W025,related,training,-1.1003524346233824,6,69,554,1,9,-0.9976840068139475
S34,W026,unrelated,training,1.2547311434192785,5,17,602,1,15,0.9866598741419697
S34,W027,related,training,0.2511535240099482,6,26,765,1,11,-0.33623604649530847
S34,W028,unrelated,training,-0.4744448584528069,6,71,614,1,10,-0.666960026654628
S34,W029,related,training,-0.034955592045138,6,72,737,1,11,-0.33623604649530847
S34,W030,unrelated,training,-1.2168271291729122,6,46,518,1,9,-0.9976840068139475
S34,W031,related,training,0.714619446660419,5,30,660,1,14,0.6559358939826502
S34,W032,unrelated,training,-1.3165830605078477,6,117,904,1,10,-0.666960026654628
S34,W033,related,training,-0.21523491523936,7,119,500,0,12,-0.005512066335988933
S34,W034,unrelated,training,-0.8773992307693209,5,31,454,1,10,-0.666960026654628
S34,W035,related,training,-0.5296422482991268,8,1,558,1,11,-0.33623604649530847
S34,W036,unrelated,training,-0.1884520533183292,7,33,439,0,13,0.3252119138233306
S34,W037,related,training,-1.1890454200315383,10,97,502,1,9,-0.9976840068139475
S34,W038,unrelated,training,0.956289262928874,5,70,572,1,16,1.3173838543012892
S34,W039,related,training,-1.409803501846958,9,41,447,1,9,-0.9976840068139475
S34,W040,unrelated,training,0.0326171911239126,7,43,637,1,14,0.6559358939826502
S34,W041,related,training,2.768124509357714,4,113,336,1,19,2.3095557947792478
S34,W042,unrelated,training,-2.051321246725728,8,25,733,1,7,-1.6591319671325866
S34,W043,related,training,-0.4642735130186097,7,40,458,1,12,-0.005512066335988933
S34,W044,unrelated,training,-0.074692481078299,5,112,675,1,11,-0.33623604649530847
S34,W045,related,training,-2.8603180515178988,8,78,589,1,2,-3.312751867929184
S34,W046,unrelated,training,0.2765126725847232,6,74,487,1,13,0.3252119138233306
S34,W047,related,training,0.0194756794538221,6,94,706,1,11,-0.33623604649530847
S34,W048,unrelated,training,0.9901168140194688,6,55,515,1,13,0.3252119138233306
S34,W049,related,training,1.4263582067643383,5,84,552,1,18,1.9788318146199282
S34,W050,unrelated,training,0.2830487228263371,5,81,457,1,16,1.3173838543012892
S34,W051,related,training,0.2912642538060146,5,10,474,1,11,-0.33623604649530847
S34,W052,unrelated,training,0.2221144455622858,6,90,480,1,14,0.6559358939826502
S34,W053,related,training,1.5099166560295276,5,44,495,1,13,0.3252119138233306
S34,W054,unrelated,training,-0.4557117009268119,7,47,583,1,10,-0.666960026654628
S34,W055,related,training,-0.8565905568902926,6,76,660,1,11,-0.33623604649530847
S34,W056,unrelated,training,-1.5572563778362285,6,75,786,1,8,-1.328407986973267
S34,W057,related,training,-0.9059093384605884,8,103,390,1,9,-0.9976840068139475
S34,W058,unrelated,training,-1.6486942190789142,6,50,460,1,9,-0.9976840068139475
S34,W059,related,training,-0.3001634484294758,6,2,464,1,12,-0.005512066335988933
S34,W060,unrelated,training,-0.4724816193194414,5,34,552,1,12,-0.005512066335988933
S34,W061,related,training,1.7395844656453046,5,95,603,1,19,2.3095557947792478
S34,W062,unrelated,training,1.148113333746188,7,110,555,1,15,0.9866598741419697
S34,W063,related,training,0.0350906934612753,6,54,409,1,15,0.9866598741419697
S34,W064,unrelated,training,1.1068512013196057,4,52,503,1,14,0.6559358939826502
S34,W065,related,training,-0.29377833954959,5,63,346,1,11,-0.33623604649530847
S34,W066,unrelated,training,-0.8621267483079921,6,102,581,1,11,-0.33623604649530847
S34,W067,related,training,-0.8004905870752745,5,32,683,1,9,-0.9976840068139475
S34,W068,unrelated,training,-0.6822716459168946,6,5,535,1,11,-0.33623604649530847
S34,W069,related,training,-2.306145484861042,8,57,753,1,6,-1.9898559472919062
S34,W070,unrelated,training,-0.4692453518743268,6,115,630,1,10,-0.666960026654628
S34,W071,related,training,-0.7186668647491127,7,62,544,1,13,0.3252119138233306
S34,W072,unrelated,training,-1.8666945779672184,6,77,760,1,8,-1.328407986973267
S34,W073,related,training,0.891632901440497,6,65,463,1,15,0.9866598741419697
S34,W074,unrelated,training,0.0035851005184451,7,111,495,1,13,0.3252119138233306
S34,W075,related,training,-0.8296935917886239,8,96,571,1,11,-0.33623604649530847
S34,W076,unrelated,training,0.0063453267125901,6,49,441,1,11,-0.33623604649530847
S34,W077,related,training,-1.3756874142011304,6,24,465,1,7,-1.6591319671325866
S34,W078,unrelated,training,-1.493333612226836,10,106,781,1,8,-1.328407986973267
S34,W079,related,training,0.1139469950564595,6,105,516,1,10,-0.666960026654628
S34,W080,unrelated,training,0.4102184004835469,4,100,330,1,14,0.6559358939826502
S34,W081,related,training,1.1191925348290213,6,104,415,1,17,1.6481078344606088
S34,W082,unrelated,training,-0.0322703529262462,6,37,495,0,11,-0.33623604649530847
S34,W083,related,training,0.1654914468887871,7,16,654,1,14,0.6559358939826502
S34,W084,unrelated,training,0.8719147743400757,7,15,522,1,12,-0.005512066335988933
S34,W085,related,training,-0.8790583874314196,7,59,349,1,13,0.3252119138233306
S34,W086,unrelated,training,-0.7905740078936522,7,23,677,1,8,-1.328407986973267
S34,W087,related,training,0.5846936512450975,6,93,355,1,12,-0.005512066335988933
S34,W088,unrelated,training,-0.8247875085796271,5,109,549,1,9,-0.9976840068139475
S34,W089,related,training,-1.4798537261722209,8,73,549,1,10,-0.666960026654628
S34,W090,unrelated,training,-0.5298687768050517,7,116,603,1,10,-0.666960026654628
S34,W091,related,training,0.0199958773569514,6,19,415,1,13,0.3252119138233306
S34,W092,unrelated,training,0.8827875457824161,5,13,658,1,16,1.3173838543012892
S34,W093,related,training,-0.3951162220036792,6,67,434,1,11,-0.33623604649530847
S34,W094,unrelated,training,-0.2729766410664055,6,66,549,1,14,0.6559358939826502
S34,W095,related,training,-0.8951685051880719,8,83,642,0,9,-0.9976840068139475
S34,W096,unrelated,training,-0.4092407736087192,8,60,1005,1,11,-0.33623604649530847
S34,W097,related,training,-0.0617302306989816,5,118,468,1,13,0.3252119138233306
S34,W098,unrelated,training,-0.148276360874164,7,12,569,1,12,-0.005512066335988933
S34,W099,related,training,-0.5593352549066585,6,18,525,1,11,-0.33623604649530847
S34,W100,unrelated,training,0.942231995983134,6,8,564,1,14,0.6559358939826502
S34,W101,related,training,-0.4764940879555429,6,88,626,1,11,-0.33623604649530847
S34,W102,unrelated,training,0.2909020541309749,6,91,441,1,12,-0.005512066335988933
S34,W103,related,training,-0.5886379098238127,8,9,590,1,9,-0.9976840068139475
S34,W104,unrelated,training,-0.1214698405936154,5,99,466,0,11,-0.33623604649530847
S34,W105,related,training,0.9039757269248688,7,3,439,1,16,1.3173838543012892
S34,W106,unrelated,training,0.9500663306709668,5,61,540,1,14,0.6559358939826502
S34,W107,related,training,-0.1048038833831658,7,92,494,1,14,0.6559358939826502
S34,W108,unrelated,training,1.0859079831560388,6,108,468,1,17,1.6481078344606088
S34,W109,related,training,1.4716210444039308,4,120,466,1,16,1.3173838543012892
S34,W110,unrelated,training,-0.6985479929330615,5,20,968,1,12,-0.005512066335988933
S34,W111,related,training,0.0810520811925241,6,42,679,1,12,-0.005512066335988933
S34,W112,unrelated,training,-0.9707136954003068,6,14,524,1,12,-0.005512066335988933
S34,W113,related,training,0.3016402314525866,7,101,459,1,12,-0.005512066335988933
S34,W114,unrelated,training,0.2964810364202688,6,80,769,1,13,0.3252119138233306
S34,W115,related,training,0.9454197977241208,5,6,458,1,14,0.6559358939826502
S34,W116,unrelated,training,0.5722667365127202,5,56,470,1,13,0.3252119138233306
S34,W117,related,training,-0.3562583501967622,6,22,726,1,12,-0.005512066335988933
S34,W118,unrelated,training,0.9249426975480984,4,114,359,1,14,0.6559358939826502
S34,W119,related,training,-0.2589413440745218,7,11,641,1,12,-0.005512066335988933
S34,W120,unrelated,training,-1.6613676983867645,7,53,537,1,7,-1.6591319671325866
S35,W001,unrelated,training,-0.9139392237197596,6,55,722,1,8,-1.328407986973267
S35,W002,related,training,0.1358238092024783,6,21,627,1,15,0.9866598741419697
S35,W003,unrelated,training,0.0968317689390009,5,46,667,1,13,0.3252119138233306
S35,W004,related,training,-1.3047661789528002,8,56,589,1,8,-1.328407986973267
S35,W005,unrelated,training,0.4824205120703297,7,13,761,1,15,0.9866598741419697
S35,W006,related,training,1.5453446713553585,5,88,853,1,18,1.9788318146199282
S35,W007,unrelated,training,-0.6150774716989514,7,104,1125,1,8,-1.328407986973267
S35,W008,related,training,0.7371741115453434,5,3,996,1,14,0.6559358939826502
S35,W009,unrelated,training,0.4367971257492582,5,60,552,1,16,1.3173838543012892
S35,W010,related,training,0.5628372917200654,4,42,466,0,15,0.9866598741419697
S35,W011,unrelated,training,0.0928637611052042,5,116,711,1,16,1.3173838543012892
S35,W012,related,training,-1.017174296547943,7,95,858,1,5,-2.3205799274512255
S35,W013,unrelated,training,-0.1757199187168372,5,115,606,1,13,0.3252119138233306
S35,W014,related,training,-0.4670875917863192,7,75,776,1,10,-0.666960026654628
S35,W015,unrelated,training,0.6376366034140181,4,87,1099,0,13,0.3252119138233306
S35,W016,related,training,0.4758777000006875,6,78,699,1,15,0.9866598741419697
S35,W017,unrelated,training,-1.1004086247447586,7,67,908,1,10,-0.666960026654628
S35,W018,related,training,-0.0732480440826994,5,91,728,1,11,-0.33623604649530847
S35,W019,unrelated,training,0.8377763169382735,5,5,960,1,17,1.6481078344606088
S35,W020,related,training,-0.10953246691453,6,17,494,1,13,0.3252119138233306
S35,W021,unrelated,training,0.1653741913649934,6,29,768,1,11,-0.33623604649530847
S35,W022,related,training,-1.5613246312784643,7,100,965,1,7,-1.6591319671325866
S35,W023,unrelated,training,1.5516882128257177,4,36,618,1,18,1.9788318146199282
S35,W024,related,training,0.6676736601563552,6,20,857,1,15,0.9866598741419697
S35,W025,unrelated,training,-1.1003524346233824,6,89,1021,1,9,-0.9976840068139475
S35,W026,related,training,1.2547311434192785,5,57,769,1,15,0.9866598741419697
S35,W027,unrelated,training,0.2511535240099482,6,24,1154,1,11,-0.33623604649530847
S35,W028,related,training,-0.4744448584528069,6,74,707,1,10,-0.666960026654628
S35,W029,unrelated,training,-0.034955592045138,6,41,944,1,11,-0.33623604649530847
S35,W030,related,training,-1.2168271291729122,6,114,654,1,9,-0.9976840068139475
S35,W031,unrelated,training,0.714619446660419,5,82,1033,1,14,0.6559358939826502
S35,W032,related,training,-1.3165830605078477,6,12,834,1,10,-0.666960026654628
S35,W033,unrelated,training,-0.21523491523936,7,101,626,1,12,-0.005512066335988933
S35,W034,related,training,-0.8773992307693209,5,108,521,1,10,-0.666960026654628
S35,W035,unrelated,training,-0.5296422482991268,8,81,860,1,11,-0.33623604649530847
S35,W036,related,training,-0.1884520533183292,7,28,650,1,13,0.3252119138233306
S35,W037,unrelated,training,-1.1890454200315383,10,54,742,1,9,-0.9976840068139475
S35,W038,related,training,0.956289262928874,5,37,564,1,16,1.3173838543012892
S35,W039,unrelated,training,-1.409803501846958,9,110,716,1,9,-0.9976840068139475
S35,W040,related,training,0.0326171911239126,7,83,757,1,14,0.6559358939826502
S35,W041,unrelated,training,2.768124509357714,4,76,427,1,19,2.3095557947792478
S35,W042,related,training,-2.051321246725728,8,68,877,1,7,-1.6591319671325866
S35,W043,unrelated,training,-0.4642735130186097,7,66,744,1,12,-0.005512066335988933
S35,W044,related,training,-0.074692481078299,5,4,770,1,11,-0.33623604649530847
S35,W045,unrelated,training,-2.8603180515178988,8,63,1019,1,2,-3.312751867929184
S35,W046,related,training,0.2765126725847232,6,96,590,1,13,0.3252119138233306
S35,W047,unrelated,training,0.0194756794538221,6,94,1189,1,11,-0.33623604649530847
S35,W048,related,training,0.9901168140194688,6,27,626,1,13,0.3252119138233306
S35,W049,unrelated,training,1.4263582067643383,5,45,728,1,18,1.9788318146199282
S35,W050,related,training,0.2830487228263371,5,34,529,1,16,1.3173838543012892
S35,W051,unrelated,training,0.2912642538060146,5,11,727,1,11,-0.33623604649530847
S35,W052,related,training,0.2221144455622858,6,71,719,1,14,0.6559358939826502
S35,W053,unrelated,training,1.5099166560295276,5,80,688,1,13,0.3252119138233306
S35,W054,related,training,-0.4557117009268119,7,106,646,1,10,-0.666960026654628
S35,W055,unrelated,training,-0.8565905568902926,6,18,1272,0,11,-0.33623604649530847
S35,W056,related,training,-1.5572563778362285,6,53,759,1,8,-1.328407986973267
S35,W057,unrelated,training,-0.9059093384605884,8,31,989,1,9,-0.9976840068139475
S35,W058,related,training,-1.6486942190789142,6,59,569,1,9,-0.9976840068139475
S35,W059,unrelated,training,-0.3001634484294758,6,47,770,1,12,-0.005512066335988933
S35,W060,related,training,-0.4724816193194414,5,38,746,1,12,-0.005512066335988933
S35,W061,unrelated,training,1.7395844656453046,5,77,747,1,19,2.3095557947792478
S35,W062,related,training,1.148113333746188,7,118,649,1,15,0.9866598741419697
S35,W063,unrelated,training,0.0350906934612753,6,90,499,1,15,0.9866598741419697
S35,W064,related,training,1.1068512013196057,4,97,662,1,14,0.6559358939826502
S35,W065,unrelated,training,-0.29377833954959,5,111,581,1,11,-0.33623604649530847
S35,W066,related,training,-0.8621267483079921,6,32,552,1,11,-0.33623604649530847
S35,W067,unrelated,training,-0.8004905870752745,5,7,841,1,9,-0.9976840068139475
S35,W068,related,training,-0.6822716459168946,6,113,653,1,11,-0.33623604649530847
S35,W069,unrelated,training,-2.306145484861042,8,93,1163,1,6,-1.9898559472919062
S35,W070,related,training,-0.4692453518743268,6,22,698,1,10,-0.666960026654628
S35,W071,unrelated,training,-0.7186668647491127,7,120,599,1,13,0.3252119138233306
S35,W072,related,training,-1.8666945779672184,6,40,981,1,8,-1.328407986973267
S35,W073,unrelated,training,0.891632901440497,6,44,737,1,15,0.9866598741419697
S35,W074,related,training,0.0035851005184451,7,58,586,1,13,0.3252119138233306
S35,W075,unrelated,training,-0.8296935917886239,8,109,798,1,11,-0.33623604649530847
S35,W076,related,training,0.0063453267125901,6,103,769,1,11,-0.33623604649530847
S35,W077,unrelated,training,-1.3756874142011304,6,15,807,1,7,-1.6591319671325866
S35,W078,related,training,-1.493333612226836,10,19,910,1,8,-1.328407986973267
S35,W079,unrelated,training,0.1139469950564595,6,112,775,1,10,-0.666960026654628
S35,W080,related,training,0.4102184004835469,4,102,422,1,14,0.6559358939826502
S35,W081,unrelated,training,1.1191925348290213,6,92,655,1,17,1.6481078344606088
S35,W082,related,training,-0.0322703529262462,6,16,594,1,11,-0.33623604649530847
S35,W083,unrelated,training,0.1654914468887871,7,86,1091,1,14,0.6559358939826502
S35,W084,related,training,0.8719147743400757,7,51,826,1,12,-0.005512066335988933
S35,W085,unrelated,training,-0.8790583874314196,7,61,606,1,13,0.3252119138233306
S35,W086,related,training,-0.7905740078936522,7,26,626,1,8,-1.328407986973267
S35,W087,unrelated,training,0.5846936512450975,6,65,457,1,12,-0.005512066335988933
S35,W088,related,training,-0.8247875085796271,5,64,702,1,9,-0.9976840068139475
S35,W089,unrelated,training,-1.4798537261722209,8,35,805,1,10,-0.666960026654628
S35,W090,related,training,-0.5298687768050517,7,72,576,1,10,-0.666960026654628
S35,W091,unrelated,training,0.0199958773569514,6,6,715,1,13,0.3252119138233306
S35,W092,related,training,0.8827875457824161,5,69,606,1,16,1.3173838543012892
S35,W093,unrelated,training,-0.3951162220036792,6,14,666,1,11,-0.33623604649530847
S35,W094,related,training,-0.2729766410664055,6,70,668,1,14,0.6559358939826502
S35,W095,unrelated,training,-0.8951685051880719,8,49,1102,1,9,-0.9976840068139475
S35,W096,related,training,-0.4092407736087192,8,62,1074,1,11,-0.33623604649530847
S35,W097,unrelated,training,-0.0617302306989816,5,105,739,1,13,0.3252119138233306
S35,W098,related,training,-0.148276360874164,7,25,639,1,12,-0.005512066335988933
S35,W099,unrelated,training,-0.5593352549066585,6,10,823,1,11,-0.33623604649530847
S35,W100,related,training,0.942231995983134,6,52,732,1,14,0.6559358939826502
S35,W101,unrelated,training,-0.4764940879555429,6,9,786,1,11,-0.33623604649530847
S35,W102,related,training,0.2909020541309749,6,39,582,1,12,-0.005512066335988933
S35,W103,unrelated,training,-0.5886379098238127,8,79,876,1,9,-0.9976840068139475
S35,W104,related,training,-0.1214698405936154,5,99,644,1,11,-0.33623604649530847
S35,W105,unrelated,training,0.9039757269248688,7,1,677,1,16,1.3173838543012892
S35,W106,related,training,0.9500663306709668,5,85,791,1,14,0.6559358939826502
S35,W107,unrelated,training,-0.1048038833831658,7,8,745,1,14,0.6559358939826502
S35,W108,related,training,1.0859079831560388,6,30,558,1,17,1.6481078344606088
S35,W109,unrelated,training,1.4716210444039308,4,50,660,1,16,1.3173838543012892
S35,W110,related,training,-0.6985479929330615,5,33,979,1,12,-0.005512066335988933
S35,W111,unrelated,training,0.0810520811925241,6,23,1446,1,12,-0.005512066335988933
S35,W112,related,training,-0.9707136954003068,6,48,822,1,12,-0.005512066335988933
S35,W113,unrelated,training,0.3016402314525866,7,119,511,1,12,-0.005512066335988933
S35,W114,related,training,0.2964810364202688,6,73,703,1,13,0.3252119138233306
S35,W115,unrelated,training,0.9454197977241208,5,2,694,1,14,0.6559358939826502
S35,W116,related,training,0.5722667365127202,5,107,726,1,13,0.3252119138233306
S35,W117,unrelated,training,-0.3562583501967622,6,117,1016,1,12,-0.005512066335988933
S35,W118,related,training,0.9249426975480984,4,98,501,1,14,0.6559358939826502
S35,W119,unrelated,training,-0.2589413440745218,7,43,805,1,12,-0.005512066335988933
S35,W120,related,training,-1.6613676983867645,7,84,676,1,7,-1.6591319671325866
S36,W001,related,training,-0.9139392237197596,6,110,504,1,8,-1.328407986973267
S36,W002,unrelated,training,0.1358238092024783,6,94,557,1,15,0.9866598741419697
S36,W003,related,training,0.0968317689390009,5,64,667,1,13,0.3252119138233306
S36,W004,unrelated,training,-1.3047661789528002,8,54,690,1,8,-1.328407986973267
S36,W005,related,training,0.4824205120703297,7,80,594,1,15,0.9866598741419697
S36,W006,unrelated,training,1.5453446713553585,5,56,888,1,18,1.9788318146199282
S36,W007,related,training,-0.6150774716989514,7,81,736,1,8,-1.328407986973267
S36,W008,unrelated,training,0.7371741115453434,5,13,959,1,14,0.6559358939826502
S36,W009,related,training,0.4367971257492582,5,7,459,1,16,1.3173838543012892
S36,W010,unrelated,training,0.5628372917200654,4,18,568,1,15,0.9866598741419697
S36,W011,related,training,0.0928637611052042,5,93,549,1,16,1.3173838543012892
S36,W012,unrelated,training,-1.017174296547943,7,49,910,0,5,-2.3205799274512255
S36,W013,related,training,-0.1757199187168372,5,19,631,1,13,0.3252119138233306
S36,W014,unrelated,training,-0.4670875917863192,7,51,767,1,10,-0.666960026654628
S36,W015,related,training,0.6376366034140181,4,59,758,1,13,0.3252119138233306
S36,W016,unrelated,training,0.4758777000006875,6,21,642,1,15,0.9866598741419697
S36,W017,related,training,-1.1004086247447586,7,100,836,1,10,-0.666960026654628
S36,W018,unrelated,training,-0.0732480440826994,5,15,617,1,11,-0.33623604649530847
S36,W019,related,training,0.8377763169382735,5,74,784,1,17,1.6481078344606088
S36,W020,unrelated,training,-0.10953246691453,6,63,537,1,13,0.3252119138233306
S36,W021,related,training,0.1653741913649934,6,57,653,1,11,-0.33623604649530847
S36,W022,unrelated,training,-1.5613246312784643,7,48,975,1,7,-1.6591319671325866
S36,W023,related,training,1.5516882128257177,4,55,675,1,18,1.9788318146199282
S36,W024,unrelated,training,0.6676736601563552,6,84,864,1,15,0.9866598741419697
S36,W025,related,training,-1.1003524346233824,6,28,754,1,9,-0.9976840068139475
S36,W026,unrelated,training,1.2547311434192785,5,20,766,1,15,0.9866598741419697
S36,W027,related,training,0.2511535240099482,6,116,898,1,11,-0.33623604649530847
S36,W028,unrelated,training,-0.4744448584528069,6,2,671,1,10,-0.666960026654628
S36,W029,related,training,-0.034955592045138,6,114,812,1,11,-0.33623604649530847
S36,W030,unrelated,training,-1.2168271291729122,6,77,627,1,9,-0.9976840068139475
S36,W031,related,training,0.714619446660419,5,97,1002,1,14,0.6559358939826502
S36,W032,unrelated,training,-1.3165830605078477,6,107,779,1,10,-0.666960026654628
S36,W033,related,training,-0.21523491523936,7,117,506,1,12,-0.005512066335988933
S36,W034,unrelated,training,-0.8773992307693209,5,118,614,1,10,-0.666960026654628
S36,W035,related,training,-0.5296422482991268,8,111,802,1,11,-0.33623604649530847
S36,W036,unrelated,training,-0.1884520533183292,7,73,598,1,13,0.3252119138233306
S36,W037,related,training,-1.1890454200315383,10,14,750,1,9,-0.9976840068139475
S36,W038,unrelated,training,0.956289262928874,5,78,522,1,16,1.3173838543012892
S36,W039,related,training,-1.409803501846958,9,24,719,1,9,-0.9976840068139475
S36,W040,unrelated,training,0.0326171911239126,7,22,640,1,14,0.6559358939826502
S36,W041,related,training,2.768124509357714,4,41,393,1,19,2.3095557947792478
S36,W042,unrelated,training,-2.051321246725728,8,108,1083,0,7,-1.6591319671325866
S36,W043,related,training,-0.4642735130186097,7,30,661,0,12,-0.005512066335988933
S36,W044,unrelated,training,-0.074692481078299,5,40,517,1,11,-0.33623604649530847
S36,W045,related,training,-2.8603180515178988,8,65,771,1,2,-3.312751867929184
S36,W046,unrelated,training,0.2765126725847232,6,37,668,1,13,0.3252119138233306
S36,W047,related,training,0.0194756794538221,6,42,969,1,11,-0.33623604649530847
S36,W048,unrelated,training,0.9901168140194688,6,115,787,1,13,0.3252119138233306
S36,W049,related,training,1.4263582067643383,5,9,549,1,18,1.9788318146199282
S36,W050,unrelated,training,0.2830487228263371,5,120,555,1,16,1.3173838543012892
S36,W051,related,training,0.2912642538060146,5,89,721,1,11,-0.33623604649530847
S36,W052,unrelated,training,0.2221144455622858,6,67,691,1,14,0.6559358939826502
S36,W053,related,training,1.5099166560295276,5,102,511,1,13,0.3252119138233306
S36,W054,unrelated,training,-0.4557117009268119,7,112,826,1,10,-0.666960026654628
S36,W055,related,training,-0.8565905568902926,6,27,1069,1,11,-0.33623604649530847
S36,W056,unrelated,training,-1.5572563778362285,6,23,886,1,8,-1.328407986973267
S36,W057,related,training,-0.9059093384605884,8,70,740,1,9,-0.9976840068139475
S36,W058,unrelated,training,-1.6486942190789142,6,36,632,1,9,-0.9976840068139475
S36,W059,related,training,-0.3001634484294758,6,3,532,1,12,-0.005512066335988933
S36,W060,unrelated,training,-0.4724816193194414,5,85,675,1,12,-0.005512066335988933
S36,W061,related,training,1.7395844656453046,5,8,550,1,19,2.3095557947792478
S36,W062,unrelated,training,1.148113333746188,7,47,530,1,15,0.9866598741419697
S36,W063,related,training,0.0350906934612753,6,34,469,1,15,0.9866598741419697
S36,W064,unrelated,training,1.1068512013196057,4,68,590,1,14,0.6559358939826502
S36,W065,related,training,-0.29377833954959,5,103,514,1,11,-0.33623604649530847
S36,W066,unrelated,training,-0.8621267483079921,6,17,601,1,11,-0.33623604649530847
S36,W067,related,training,-0.8004905870752745,5,69,965,1,9,-0.9976840068139475
S36,W068,unrelated,training,-0.6822716459168946,6,76,599,0,11,-0.33623604649530847
S36,W069,related,training,-2.306145484861042,8,61,835,1,6,-1.9898559472919062
S36,W070,unrelated,training,-0.4692453518743268,6,39,698,1,10,-0.666960026654628
S36,W071,related,training,-0.7186668647491127,7,98,683,1,13,0.3252119138233306
S36,W072,unrelated,training,-1.8666945779672184,6,38,864,0,8,-1.328407986973267
S36,W073,related,training,0.891632901440497,6,4,857,1,15,0.9866598741419697
S36,W074,unrelated,training,0.0035851005184451,7,106,675,1,13,0.3252119138233306
S36,W075,related,training,-0.8296935917886239,8,83,859,1,11,-0.33623604649530847
S36,W076,unrelated,training,0.0063453267125901,6,29,671,1,11,-0.33623604649530847
S36,W077,related,training,-1.3756874142011304,6,105,591,1,7,-1.6591319671325866
S36,W078,unrelated,training,-1.493333612226836,10,52,831,1,8,-1.328407986973267
S36,W079,related,training,0.1139469950564595,6,10,952,1,10,-0.666960026654628
S36,W080,unrelated,training,0.4102184004835469,4,11,397,1,14,0.6559358939826502
S36,W081,related,training,1.1191925348290213,6,72,481,1,17,1.6481078344606088
S36,W082,unrelated,training,-0.0322703529262462,6,31,566,1,11,-0.33623604649530847
S36,W083,related,training,0.1654914468887871,7,46,807,1,14,0.6559358939826502
S36,W084,unrelated,training,0.8719147743400757,7,71,655,1,12,-0.005512066335988933
S36,W085,related,training,-0.8790583874314196,7,113,543,1,13,0.3252119138233306
S36,W086,unrelated,training,-0.7905740078936522,7,92,825,1,8,-1.328407986973267
S36,W087,related,training,0.5846936512450975,6,88,463,1,12,-0.005512066335988933
S36,W088,unrelated,training,-0.8247875085796271,5,1,670,1,9,-0.9976840068139475
S36,W089,related,training,-1.4798537261722209,8,101,639,1,10,-0.666960026654628
S36,W090,unrelated,training,-0.5298687768050517,7,87,720,1,10,-0.666960026654628
S36,W091,related,training,0.0199958773569514,6,104,450,1,13,0.3252119138233306
S36,W092,unrelated,training,0.8827875457824161,5,109,562,1,16,1.3173838543012892
S36,W093,related,training,-0.3951162220036792,6,6,547,1,11,-0.33623604649530847
S36,W094,unrelated,training,-0.2729766410664055,6,95,770,1,14,0.6559358939826502
S36,W095,related,training,-0.8951685051880719,8,44,926,1,9,-0.9976840068139475
S36,W096,unrelated,training,-0.4092407736087192,8,66,1030,0,11,-0.33623604649530847
S36,W097,related,training,-0.0617302306989816,5,53,646,1,13,0.3252119138233306
S36,W098,unrelated,training,-0.148276360874164,7,86,561,1,12,-0.005512066335988933
S36,W099,related,training,-0.5593352549066585,6,119,619,1,11,-0.33623604649530847
S36,W100,unrelated,training,0.942231995983134,6,45,791,1,14,0.6559358939826502
S36,W101,related,training,-0.4764940879555429,6,50,931,1,11,-0.33623604649530847
S36,W102,unrelated,training,0.2909020541309749,6,75,516,1,12,-0.005512066335988933
S36,W103,related,training,-0.5886379098238127,8,99,775,1,9,-0.9976840068139475
S36,W104,unrelated,training,-0.1214698405936154,5,32,651,1,11,-0.33623604649530847
S36,W105,related,training,0.9039757269248688,7,12,717,1,16,1.3173838543012892
S36,W106,unrelated,training,0.9500663306709668,5,26,862,1,14,0.6559358939826502
S36,W107,related,training,-0.1048038833831658,7,90,619,1,14,0.6559358939826502
S36,W108,unrelated,training,1.0859079831560388,6,60,518,1,17,1.6481078344606088
S36,W109,related,training,1.4716210444039308,4,16,635,1,16,1.3173838543012892
S36,W110,unrelated,training,-0.6985479929330615,5,5,776,1,12,-0.005512066335988933
S36,W111,related,training,0.0810520811925241,6,79,889,0,12,-0.005512066335988933
S36,W112,unrelated,training,-0.9707136954003068,6,43,690,1,12,-0.005512066335988933
S36,W113,related,training,0.3016402314525866,7,82,554,0,12,-0.005512066335988933
S36,W114,unrelated,training,0.2964810364202688,6,35,550,1,13,0.3252119138233306
S36,W115,related,training,0.9454197977241208,5,25,650,1,14,0.6559358939826502
S36,W116,unrelated,training,0.5722667365127202,5,62,618,1,13,0.3252119138233306
S36,W117,related,training,-0.3562583501967622,6,58,870,1,12,-0.005512066335988933
S36,W118,unrelated,training,0.9249426975480984,4,91,468,1,14,0.6559358939826502
S36,W119,related,training,-0.2589413440745218,7,96,776,1,12,-0.005512066335988933
S36,W120,unrelated,training,-1.6613676983867645,7,33,889,1,7,-1.6591319671325866
S37,W001,unrelated,training,-0.9139392237197596,6,116,690,0,8,-1.328407986973267
S37,W002,related,training,0.1358238092024783,6,35,539,1,15,0.9866598741419697
S37,W003,unrelated,training,0.0968317689390009,5,118,702,1,13,0.3252119138233306
S37,W004,related,training,-1.3047661789528002,8,75,846,0,8,-1.328407986973267
S37,W005,unrelated,training,0.4824205120703297,7,54,708,0,15,0.9866598741419697
S37,W006,related,training,1.5453446713553585,5,34,699,1,18,1.9788318146199282
S37,W007,unrelated,training,-0.6150774716989514,7,2,977,1,8,-1.328407986973267
S37,W008,related,training,0.7371741115453434,5,51,915,0,14,0.6559358939826502
S37,W009,unrelated,training,0.4367971257492582,5,71,540,1,16,1.3173838543012892
S37,W010,related,training,0.5628372917200654,4,73,557,1,15,0.9866598741419697
S37,W011,unrelated,training,0.0928637611052042,5,70,747,1,16,1.3173838543012892
S37,W012,related,training,-1.017174296547943,7,3,903,1,5,-2.3205799274512255
S37,W013,unrelated,training,-0.1757199187168372,5,44,726,0,13,0.3252119138233306
S37,W014,related,training,-0.4670875917863192,7,53,683,0,10,-0.666960026654628
S37,W015,unrelated,training,0.6376366034140181,4,21,911,1,13,0.3252119138233306
S37,W016,related,training,0.4758777000006875,6,27,637,0,15,0.9866598741419697
S37,W017,unrelated,training,-1.1004086247447586,7,19,815,1,10,-0.666960026654628
S37,W018,related,training,-0.0732480440826994,5,11,795,1,11,-0.33623604649530847
S37,W019,unrelated,training,0.8377763169382735,5,58,788,1,17,1.6481078344606088
S37,W020,related,training,-0.10953246691453,6,56,639,0,13,0.3252119138233306
S37,W021,unrelated,training,0.1653741913649934,6,90,742,1,11,-0.33623604649530847
S37,W022,related,training,-1.5613246312784643,7,16,1009,1,7,-1.6591319671325866
S37,W023,unrelated,training,1.5516882128257177,4,66,558,1,18,1.9788318146199282
S37,W024,related,training,0.6676736601563552,6,52,807,1,15,0.9866598741419697
S37,W025,unrelated,training,-1.1003524346233824,6,68,810,1,9,-0.9976840068139475
S37,W026,related,training,1.2547311434192785,5,40,889,1,15,0.9866598741419697
S37,W027,unrelated,training,0.2511535240099482,6,98,884,1,11,-0.33623604649530847
S37,W028,related,training,-0.4744448584528069,6,30,675,1,10,-0.666960026654628
S37,W029,unrelated,training,-0.034955592045138,6,10,788,0,11,-0.33623604649530847
S37,W030,related,training,-1.2168271291729122,6,42,631,1,9,-0.9976840068139475
S37,W031,unrelated,training,0.714619446660419,5,101,696,1,14,0.6559358939826502
S37,W032,related,training,-1.3165830605078477,6,43,784,0,10,-0.666960026654628
S37,W033,unrelated,training,-0.21523491523936,7,49,529,1,12,-0.005512066335988933
S37,W034,related,training,-0.8773992307693209,5,107,609,1,10,-0.666960026654628
S37,W035,unrelated,training,-0.5296422482991268,8,57,848,1,11,-0.33623604649530847
S37,W036,related,training,-0.1884520533183292,7,113,611,1,13,0.3252119138233306
S37,W037,unrelated,training,-1.1890454200315383,10,106,747,1,9,-0.9976840068139475
S37,W038,related,training,0.956289262928874,5,41,645,1,16,1.3173838543012892
S37,W039,unrelated,training,-1.409803501846958,9,61,607,1,9,-0.9976840068139475
S37,W040,related,training,0.0326171911239126,7,85,794,1,14,0.6559358939826502
S37,W041,unrelated,training,2.768124509357714,4,76,440,1,19,2.3095557947792478
S37,W042,related,training,-2.051321246725728,8,111,906,1,7,-1.6591319671325866
S37,W043,unrelated,training,-0.4642735130186097,7,92,671,1,12,-0.005512066335988933
S37,W044,related,training,-0.074692481078299,5,112,648,1,11,-0.33623604649530847
S37,W045,unrelated,training,-2.8603180515178988,8,26,816,1,2,-3.312751867929184
S37,W046,related,training,0.2765126725847232,6,15,648,1,13,0.3252119138233306
S37,W047,unrelated,training,0.0194756794538221,6,29,824,1,11,-0.33623604649530847
S37,W048,related,training,0.9901168140194688,6,64,621,1,13,0.3252119138233306
S37,W049,unrelated,training,1.4263582067643383,5,117,574,1,18,1.9788318146199282
S37,W050,related,training,0.2830487228263371,5,36,537,1,16,1.3173838543012892
S37,W051,unrelated,training,0.2912642538060146,5,95,625,1,11,-0.33623604649530847
S37,W052,related,training,0.2221144455622858,6,39,556,1,14,0.6559358939826502
S37,W053,unrelated,training,1.5099166560295276,5,100,533,1,13,0.3252119138233306
S37,W054,related,training,-0.4557117009268119,7,1,818,1,10,-0.666960026654628
S37,W055,unrelated,training,-0.8565905568902926,6,65,1111,0,11,-0.33623604649530847
S37,W056,related,training,-1.5572563778362285,6,82,901,1,8,-1.328407986973267
S37,W057,unrelated,training,-0.9059093384605884,8,104,791,1,9,-0.9976840068139475
S37,W058,related,training,-1.6486942190789142,6,47,584,1,9,-0.9976840068139475
S37,W059,unrelated,training,-0.3001634484294758,6,28,599,1,12,-0.005512066335988933
S37,W060,related,training,-0.4724816193194414,5,94,571,1,12,-0.005512066335988933
S37,W061,unrelated,training,1.7395844656453046,5,120,722,1,19,2.3095557947792478
S37,W062,related,training,1.148113333746188,7,4,638,1,15,0.9866598741419697
S37,W063,unrelated,training,0.0350906934612753,6,72,653,1,15,0.9866598741419697
S37,W064,related,training,1.1068512013196057,4,80,784,1,14,0.6559358939826502
S37,W065,unrelated,training,-0.29377833954959,5,77,598,1,11,-0.33623604649530847
S37,W066,related,training,-0.8621267483079921,6,67,533,1,11,-0.33623604649530847
S37,W067,unrelated,training,-0.8004905870752745,5,13,761,1,9,-0.9976840068139475
S37,W068,related,training,-0.6822716459168946,6,84,577,1,11,-0.33623604649530847
S37,W069,unrelated,training,-2.306145484861042,8,31,927,1,6,-1.9898559472919062
S37,W070,related,training,-0.4692453518743268,6,105,761,1,10,-0.666960026654628
S37,W071,unrelated,training,-0.7186668647491127,7,5,541,0,13,0.3252119138233306
S37,W072,related,training,-1.8666945779672184,6,24,982,1,8,-1.328407986973267
S37,W073,unrelated,training,0.891632901440497,6,18,721,1,15,0.9866598741419697
S37,W074,related,training,0.0035851005184451,7,81,650,1,13,0.3252119138233306
S37,W075,unrelated,training,-0.8296935917886239,8,114,880,1,11,-0.33623604649530847
S37,W076,related,training,0.0063453267125901,6,79,748,1,11,-0.33623604649530847
S37,W077,unrelated,training,-1.3756874142011304,6,25,755,1,7,-1.6591319671325866
S37,W078,related,training,-1.493333612226836,10,12,833,0,8,-1.328407986973267
S37,W079,unrelated,training,0.1139469950564595,6,55,692,1,10,-0.666960026654628
S37,W080,related,training,0.4102184004835469,4,8,380,1,14,0.6559358939826502
S37,W081,unrelated,training,1.1191925348290213,6,96,499,1,17,1.6481078344606088
S37,W082,related,training,-0.0322703529262462,6,6,511,1,11,-0.33623604649530847
S37,W083,unrelated,training,0.1654914468887871,7,46,971,0,14,0.6559358939826502
S37,W084,related,training,0.8719147743400757,7,91,675,1,12,-0.005512066335988933
S37,W085,unrelated,training,-0.8790583874314196,7,38,525,1,13,0.3252119138233306
S37,W086,related,training,-0.7905740078936522,7,23,693,0,8,-1.328407986973267
S37,W087,unrelated,training,0.5846936512450975,6,14,603,0,12,-0.005512066335988933
S37,W088,related,training,-0.8247875085796271,5,89,592,1,9,-0.9976840068139475
S37,W089,unrelated,training,-1.4798537261722209,8,83,761,1,10,-0.666960026654628
S37,W090,related,training,-0.5298687768050517,7,20,755,1,10,-0.666960026654628
S37,W091,unrelated,training,0.0199958773569514,6,88,712,1,13,0.3252119138233306
S37,W092,related,training,0.8827875457824161,5,62,691,0,16,1.3173838543012892
S37,W093,unrelated,training,-0.3951162220036792,6,97,503,1,11,-0.33623604649530847
S37,W094,related,training,-0.2729766410664055,6,115,713,1,14,0.6559358939826502
S37,W095,unrelated,training,-0.8951685051880719,8,87,832,0,9,-0.9976840068139475
S37,W096,related,training,-0.4092407736087192,8,9,1068,1,11,-0.33623604649530847
S37,W097,unrelated,training,-0.0617302306989816,5,33,725,0,13,0.3252119138233306
S37,W098,related,training,-0.148276360874164,7,102,728,1,12,-0.005512066335988933
S37,W099,unrelated,training,-0.5593352549066585,6,32,759,1,11,-0.33623604649530847
S37,W100,related,training,0.942231995983134,6,45,671,1,14,0.6559358939826502
S37,W101,unrelated,training,-0.4764940879555429,6,69,846,0,11,-0.33623604649530847
S37,W102,related,training,0.2909020541309749,6,109,580,1,12,-0.005512066335988933
S37,W103,unrelated,training,-0.5886379098238127,8,63,920,0,9,-0.9976840068139475
S37,W104,related,training,-0.1214698405936154,5,74,561,1,11,-0.33623604649530847
S37,W105,unrelated,training,0.9039757269248688,7,93,645,1,16,1.3173838543012892
S37,W106,related,training,0.9500663306709668,5,7,828,1,14,0.6559358939826502
S37,W107,unrelated,training,-0.1048038833831658,7,119,914,1,14,0.6559358939826502
S37,W108,related,training,1.0859079831560388,6,99,550,1,17,1.6481078344606088
S37,W109,unrelated,training,1.4716210444039308,4,17,600,1,16,1.3173838543012892
S37,W110,related,training,-0.6985479929330615,5,86,858,1,12,-0.005512066335988933
S37,W111,unrelated,training,0.0810520811925241,6,103,1020,1,12,-0.005512066335988933
S37,W112,related,training,-0.9707136954003068,6,59,879,1,12,-0.005512066335988933
S37,W113,unrelated,training,0.3016402314525866,7,108,549,1,12,-0.005512066335988933
S37,W114,related,training,0.2964810364202688,6,22,675,1,13,0.3252119138233306
S37,W115,unrelated,training,0.9454197977241208,5,48,704,1,14,0.6559358939826502
S37,W116,related,training,0.5722667365127202,5,110,600,1,13,0.3252119138233306
S37,W117,unrelated,training,-0.3562583501967622,6,37,1188,1,12,-0.005512066335988933
S37,W118,related,training,0.9249426975480984,4,78,453,1,14,0.6559358939826502
S37,W119,unrelated,training,-0.2589413440745218,7,50,782,1,12,-0.005512066335988933
S37,W120,related,training,-1.6613676983867645,7,60,654,1,7,-1.6591319671325866
S38,W001,related,training,-0.9139392237197596,6,95,548,1,8,-1.328407986973267
S38,W002,unrelated,training,0.1358238092024783,6,69,822,0,15,0.9866598741419697
S38,W003,related,training,0.0968317689390009,5,89,612,1,13,0.3252119138233306
S38,W004,unrelated,training,-1.3047661789528002,8,18,912,1,8,-1.328407986973267
S38,W005,related,training,0.4824205120703297,7,114,887,1,15,0.9866598741419697
S38,W006,unrelated,training,1.5453446713553585,5,25,901,1,18,1.9788318146199282
S38,W007,related,training,-0.6150774716989514,7,2,811,1,8,-1.328407986973267
S38,W008,unrelated,training,0.7371741115453434,5,21,918,1,14,0.6559358939826502
S38,W009,related,training,0.4367971257492582,5,51,530,1,16,1.3173838543012892
S38,W010,unrelated,training,0.5628372917200654,4,57,798,0,15,0.9866598741419697
S38,W011,related,training,0.0928637611052042,5,20,731,1,16,1.3173838543012892
S38,W012,unrelated,training,-1.017174296547943,7,79,901,0,5,-2.3205799274512255
S38,W013,related,training,-0.1757199187168372,5,5,572,1,13,0.3252119138233306
S38,W014,unrelated,training,-0.4670875917863192,7,88,823,1,10,-0.666960026654628
S38,W015,related,training,0.6376366034140181,4,6,879,1,13,0.3252119138233306
S38,W016,unrelated,training,0.4758777000006875,6,55,727,1,15,0.9866598741419697
S38,W017,related,training,-1.1004086247447586,7,30,911,1,10,-0.666960026654628
S38,W018,unrelated,training,-0.0732480440826994,5,109,810,1,11,-0.33623604649530847
S38,W019,related,training,0.8377763169382735,5,87,1031,1,17,1.6481078344606088
S38,W020,unrelated,training,-0.10953246691453,6,78,533,1,13,0.3252119138233306
S38,W021,related,training,0.1653741913649934,6,75,634,1,11,-0.33623604649530847
S38,W022,unrelated,training,-1.5613246312784643,7,15,1006,1,7,-1.6591319671325866
S38,W023,related,training,1.5516882128257177,4,107,623,1,18,1.9788318146199282
S38,W024,unrelated,training,0.6676736601563552,6,53,861,1,15,0.9866598741419697
S38,W025,related,training,-1.1003524346233824,6,52,814,1,9,-0.9976840068139475
S38,W026,unrelated,training,1.2547311434192785,5,98,666,1,15,0.9866598741419697
S38,W027,related,training,0.2511535240099482,6,1,895,1,11,-0.33623604649530847
S38,W028,unrelated,training,-0.4744448584528069,6,92,908,1,10,-0.666960026654628
S38,W029,related,training,-0.034955592045138,6,64,966,1,11,-0.33623604649530847
S38,W030,unrelated,training,-1.2168271291729122,6,97,744,1,9,-0.9976840068139475
S38,W031,related,training,0.714619446660419,5,112,768,1,14,0.6559358939826502
S38,W032,unrelated,training,-1.3165830605078477,6,100,872,1,10,-0.666960026654628
S38,W033,related,training,-0.21523491523936,7,104,521,1,12,-0.005512066335988933
S38,W034,unrelated,training,-0.8773992307693209,5,37,743,1,10,-0.666960026654628
S38,W035,related,training,-0.5296422482991268,8,83,812,1,11,-0.33623604649530847
S38,W036,unrelated,training,-0.1884520533183292,7,41,631,1,13,0.3252119138233306
S38,W037,related,training,-1.1890454200315383,10,74,756,1,9,-0.9976840068139475
S38,W038,unrelated,training,0.956289262928874,5,50,741,1,16,1.3173838543012892
S38,W039,related,training,-1.409803501846958,9,94,531,1,9,-0.9976840068139475
S38,W040,unrelated,training,0.0326171911239126,7,85,805,1,14,0.6559358939826502
S38,W041,related,training,2.768124509357714,4,40,351,1,19,2.3095557947792478
S38,W042,unrelated,training,-2.051321246725728,8,49,1179,1,7,-1.6591319671325866
S38,W043,related,training,-0.4642735130186097,7,81,628,1,12,-0.005512066335988933
S38,W044,unrelated,training,-0.074692481078299,5,39,781,1,11,-0.33623604649530847
S38,W045,related,training,-2.8603180515178988,8,82,843,0,2,-3.312751867929184
S38,W046,unrelated,training,0.2765126725847232,6,24,747,1,13,0.3252119138233306
S38,W047,related,training,0.0194756794538221,6,19,888,1,11,-0.33623604649530847
S38,W048,unrelated,training,0.9901168140194688,6,70,756,1,13,0.3252119138233306
S38,W049,related,training,1.4263582067643383,5,34,874,1,18,1.9788318146199282
S38,W050,unrelated,training,0.2830487228263371,5,44,542,1,16,1.3173838543012892
S38,W051,related,training,0.2912642538060146,5,66,596,1,11,-0.33623604649530847
S38,W052,unrelated,training,0.2221144455622858,6,33,862,1,14,0.6559358939826502
S38,W053,related,training,1.5099166560295276,5,45,566,1,13,0.3252119138233306
S38,W054,unrelated,training,-0.4557117009268119,7,76,747,1,10,-0.666960026654628
S38,W055,related,training,-0.8565905568902926,6,9,1069,1,11,-0.33623604649530847
S38,W056,unrelated,training,-1.5572563778362285,6,56,963,1,8,-1.328407986973267
S38,W057,related,training,-0.9059093384605884,8,102,601,1,9,-0.9976840068139475
S38,W058,unrelated,training,-1.6486942190789142,6,13,711,0,9,-0.9976840068139475
S38,W059,related,training,-0.3001634484294758,6,28,714,0,12,-0.005512066335988933
S38,W060,unrelated,training,-0.4724816193194414,5,68,644,1,12,-0.005512066335988933
S38,W061,related,training,1.7395844656453046,5,22,766,1,19,2.3095557947792478
S38,W062,unrelated,training,1.148113333746188,7,105,557,1,15,0.9866598741419697
S38,W063,related,training,0.0350906934612753,6,72,588,1,15,0.9866598741419697
S38,W064,unrelated,training,1.1068512013196057,4,36,648,0,14,0.6559358939826502
S38,W065,related,training,-0.29377833954959,5,46,520,1,11,-0.33623604649530847
S38,W066,unrelated,training,-0.8621267483079921,6,61,740,1,11,-0.33623604649530847
S38,W067,related,training,-0.8004905870752745,5,90,753,1,9,-0.9976840068139475
S38,W068,unrelated,training,-0.6822716459168946,6,48,793,1,11,-0.33623604649530847
S38,W069,related,training,-2.306145484861042,8,110,993,0,6,-1.9898559472919062
S38,W070,unrelated,training,-0.4692453518743268,6,43,1051,1,10,-0.666960026654628
S38,W071,related,training,-0.7186668647491127,7,38,667,1,13,0.3252119138233306
S38,W072,unrelated,training,-1.8666945779672184,6,80,1189,0,8,-1.328407986973267
S38,W073,related,training,0.891632901440497,6,3,730,1,15,0.9866598741419697
S38,W074,unrelated,training,0.0035851005184451,7,71,842,1,13,0.3252119138233306
S38,W075,related,training,-0.8296935917886239,8,118,626,1,11,-0.33623604649530847
S38,W076,unrelated,training,0.0063453267125901,6,108,791,1,11,-0.33623604649530847
S38,W077,related,training,-1.3756874142011304,6,59,632,1,7,-1.6591319671325866
S38,W078,unrelated,training,-1.493333612226836,10,31,838,1,8,-1.328407986973267
S38,W079,related,training,0.1139469950564595,6,60,753,0,10,-0.666960026654628
S38,W080,unrelated,training,0.4102184004835469,4,62,445,1,14,0.6559358939826502
S38,W081,related,training,1.1191925348290213,6,26,523,1,17,1.6481078344606088
S38,W082,unrelated,training,-0.0322703529262462,6,7,588,1,11,-0.33623604649530847
S38,W083,related,training,0.1654914468887871,7,77,1074,1,14,0.6559358939826502
S38,W084,unrelated,training,0.8719147743400757,7,65,680,1,12,-0.005512066335988933
S38,W085,related,training,-0.8790583874314196,7,23,598,1,13,0.3252119138233306
S38,W086,unrelated,training,-0.7905740078936522,7,111,756,1,8,-1.328407986973267
S38,W087,related,training,0.5846936512450975,6,67,457,1,12,-0.005512066335988933
S38,W088,unrelated,training,-0.8247875085796271,5,86,633,1,9,-0.9976840068139475
S38,W089,related,training,-1.4798537261722209,8,8,731,1,10,-0.666960026654628
S38,W090,unrelated,training,-0.5298687768050517,7,103,819,1,10,-0.666960026654628
S38,W091,related,training,0.0199958773569514,6,63,746,1,13,0.3252119138233306
S38,W092,unrelated,training,0.8827875457824161,5,116,757,1,16,1.3173838543012892
S38,W093,related,training,-0.3951162220036792,6,101,664,1,11,-0.33623604649530847
S38,W094,unrelated,training,-0.2729766410664055,6,27,844,1,14,0.6559358939826502
S38,W095,related,training,-0.8951685051880719,8,16,907,1,9,-0.9976840068139475
S38,W096,unrelated,training,-0.4092407736087192,8,11,1076,1,11,-0.33623604649530847
S38,W097,related,training,-0.0617302306989816,5,93,816,1,13,0.3252119138233306
S38,W098,unrelated,training,-0.148276360874164,7,17,615,1,12,-0.005512066335988933
S38,W099,related,training,-0.5593352549066585,6,120,627,1,11,-0.33623604649530847
S38,W100,unrelated,training,0.942231995983134,6,29,829,1,14,0.6559358939826502
S38,W101,related,training,-0.4764940879555429,6,10,802,1,11,-0.33623604649530847
S38,W102,unrelated,training,0.2909020541309749,6,54,572,1,12,-0.005512066335988933
S38,W103,related,training,-0.5886379098238127,8,91,720,1,9,-0.9976840068139475
S38,W104,unrelated,training,-0.1214698405936154,5,4,672,1,11,-0.33623604649530847
S38,W105,related,training,0.9039757269248688,7,12,690,1,16,1.3173838543012892
S38,W106,unrelated,training,0.9500663306709668,5,119,661,1,14,0.6559358939826502
S38,W107,related,training,-0.1048038833831658,7,117,636,1,14,0.6559358939826502
S38,W108,unrelated,training,1.0859079831560388,6,73,570,1,17,1.6481078344606088
S38,W109,related,training,1.4716210444039308,4,14,545,1,16,1.3173838543012892
S38,W110,unrelated,training,-0.6985479929330615,5,115,1106,1,12,-0.005512066335988933
S38,W111,related,training,0.0810520811925241,6,99,827,1,12,-0.005512066335988933
S38,W112,unrelated,training,-0.9707136954003068,6,106,780,1,12,-0.005512066335988933
S38,W113,related,training,0.3016402314525866,7,58,550,1,12,-0.005512066335988933
S38,W114,unrelated,training,0.2964810364202688,6,84,794,1,13,0.3252119138233306
S38,W115,related,training,0.9454197977241208,5,32,571,1,14,0.6559358939826502
S38,W116,unrelated,training,0.5722667365127202,5,42,775,1,13,0.3252119138233306
S38,W117,related,training,-0.3562583501967622,6,96,1020,1,12,-0.005512066335988933
S38,W118,unrelated,training,0.9249426975480984,4,113,610,1,14,0.6559358939826502
S38,W119,related,training,-0.2589413440745218,7,47,725,1,12,-0.005512066335988933
S38,W120,unrelated,training,-1.6613676983867645,7,35,784,1,7,-1.6591319671325866
S39,W001,unrelated,training,-0.9139392237197596,6,89,444,1,8,-1.328407986973267
S39,W002,related,training,0.1358238092024783,6,106,371,1,15,0.9866598741419697
S39,W003,unrelated,training,0.0968317689390009,5,103,492,1,13,0.3252119138233306
S39,W004,related,training,-1.3047661789528002,8,50,408,1,8,-1.328407986973267
S39,W005,unrelated,training,0.4824205120703297,7,97,489,1,15,0.9866598741419697
S39,W006,related,training,1.5453446713553585,5,42,631,1,18,1.9788318146199282
S39,W007,unrelated,training,-0.6150774716989514,7,85,705,1,8,-1.328407986973267
S39,W008,related,training,0.7371741115453434,5,10,469,1,14,0.6559358939826502
S39,W009,unrelated,training,0.4367971257492582,5,66,358,1,16,1.3173838543012892
S39,W010,related,training,0.5628372917200654,4,68,444,1,15,0.9866598741419697
S39,W011,unrelated,training,0.0928637611052042,5,1,505,1,16,1.3173838543012892
S39,W012,related,training,-1.017174296547943,7,34,525,1,5,-2.3205799274512255
S39,W013,unrelated,training,-0.1757199187168372,5,24,460,1,13,0.3252119138233306
S39,W014,related,training,-0.4670875917863192,7,15,459,0,10,-0.666960026654628
S39,W015,unrelated,training,0.6376366034140181,4,83,832,0,13,0.3252119138233306
S39,W016,related,training,0.4758777000006875,6,96,404,1,15,0.9866598741419697
S39,W017,unrelated,training,-1.1004086247447586,7,52,674,1,10,-0.666960026654628
S39,W018,related,training,-0.0732480440826994,5,55,423,1,11,-0.33623604649530847
S39,W019,unrelated,training,0.8377763169382735,5,48,570,0,17,1.6481078344606088
S39,W020,related,training,-0.10953246691453,6,110,377,1,13,0.3252119138233306
S39,W021,unrelated,training,0.1653741913649934,6,86,493,1,11,-0.33623604649530847
S39,W022,related,training,-1.5613246312784643,7,5,672,1,7,-1.6591319671325866
S39,W023,unrelated,training,1.5516882128257177,4,38,352,1,18,1.9788318146199282
S39,W024,related,training,0.6676736601563552,6,46,488,1,15,0.9866598741419697
S39,W025,unrelated,training,-1.1003524346233824,6,111,755,0,9,-0.9976840068139475
S39,W026,related,training,1.2547311434192785,5,119,568,1,15,0.9866598741419697
S39,W027,unrelated,training,0.2511535240099482,6,78,774,1,11,-0.33623604649530847
S39,W028,related,training,-0.4744448584528069,6,79,483,1,10,-0.666960026654628
S39,W029,unrelated,training,-0.034955592045138,6,33,613,0,11,-0.33623604649530847
S39,W030,related,training,-1.2168271291729122,6,56,409,1,9,-0.9976840068139475
S39,W031,unrelated,training,0.714619446660419,5,118,533,1,14,0.6559358939826502
S39,W032,related,training,-1.3165830605078477,6,80,528,1,10,-0.666960026654628
S39,W033,unrelated,training,-0.21523491523936,7,120,490,1,12,-0.005512066335988933
S39,W034,related,training,-0.8773992307693209,5,12,395,1,10,-0.666960026654628
S39,W035,unrelated,training,-0.5296422482991268,8,67,511,1,11,-0.33623604649530847
S39,W036,related,training,-0.1884520533183292,7,115,479,1,13,0.3252119138233306
S39,W037,unrelated,training,-1.1890454200315383,10,63,570,1,9,-0.9976840068139475
S39,W038,related,training,0.956289262928874,5,117,405,1,16,1.3173838543012892
S39,W039,unrelated,training,-1.409803501846958,9,61,519,1,9,-0.9976840068139475
S39,W040,related,training,0.0326171911239126,7,73,486,1,14,0.6559358939826502
S39,W041,unrelated,training,2.768124509357714,4,9,269,1,19,2.3095557947792478
S39,W042,related,training,-2.051321246725728,8,31,492,1,7,-1.6591319671325866
S39,W043,unrelated,training,-0.4642735130186097,7,37,401,1,12,-0.005512066335988933
S39,W044,related,training,-0.074692481078299,5,21,475,1,11,-0.33623604649530847
S39,W045,unrelated,training,-2.8603180515178988,8,25,796,0,2,-3.312751867929184
S39,W046,related,training,0.2765126725847232,6,58,413,1,13,0.3252119138233306
S39,W047,unrelated,training,0.0194756794538221,6,84,728,1,11,-0.33623604649530847
S39,W048,related,training,0.9901168140194688,6,8,402,1,13,0.3252119138233306
S39,W049,unrelated,training,1.4263582067643383,5,47,485,1,18,1.9788318146199282
S39,W050,related,training,0.2830487228263371,5,112,382,1,16,1.3173838543012892
S39,W051,unrelated,training,0.2912642538060146,5,64,452,1,11,-0.33623604649530847
S39,W052,related,training,0.2221144455622858,6,88,456,1,14,0.6559358939826502
S39,W053,unrelated,training,1.5099166560295276,5,19,423,1,13,0.3252119138233306
S39,W054,related,training,-0.4557117009268119,7,28,559,1,10,-0.666960026654628
S39,W055,unrelated,training,-0.8565905568902926,6,41,943,1,11,-0.33623604649530847
S39,W056,related,training,-1.5572563778362285,6,39,639,1,8,-1.328407986973267
S39,W057,unrelated,training,-0.9059093384605884,8,72,608,1,9,-0.9976840068139475
S39,W058,related,training,-1.6486942190789142,6,104,360,1,9,-0.9976840068139475
S39,W059,unrelated,training,-0.3001634484294758,6,69,427,1,12,-0.005512066335988933
S39,W060,related,training,-0.4724816193194414,5,100,404,0,12,-0.005512066335988933
S39,W061,unrelated,training,1.7395844656453046,5,45,465,1,19,2.3095557947792478
S39,W062,related,training,1.148113333746188,7,91,396,1,15,0.9866598741419697
S39,W063,unrelated,training,0.0350906934612753,6,29,449,1,15,0.9866598741419697
S39,W064,related,training,1.1068512013196057,4,107,444,1,14,0.6559358939826502
S39,W065,unrelated,training,-0.29377833954959,5,74,415,1,11,-0.33623604649530847
S39,W066,related,training,-0.8621267483079921,6,4,405,1,11,-0.33623604649530847
S39,W067,unrelated,training,-0.8004905870752745,5,57,528,1,9,-0.9976840068139475
S39,W068,related,training,-0.6822716459168946,6,43,344,1,11,-0.33623604649530847
S39,W069,unrelated,training,-2.306145484861042,8,51,827,0,6,-1.9898559472919062
S39,W070,related,training,-0.4692453518743268,6,20,422,1,10,-0.666960026654628
S39,W071,unrelated,training,-0.7186668647491127,7,7,479,1,13,0.3252119138233306
S39,W072,related,training,-1.8666945779672184,6,44,666,1,8,-1.328407986973267
S39,W073,unrelated,training,0.891632901440497,6,94,610,1,15,0.9866598741419697
S39,W074,related,training,0.0035851005184451,7,90,484,1,13,0.3252119138233306
S39,W075,unrelated,training,-0.8296935917886239,8,87,525,1,11,-0.33623604649530847
S39,W076,related,training,0.0063453267125901,6,36,416,1,11,-0.33623604649530847
S39,W077,unrelated,training,-1.3756874142011304,6,17,482,1,7,-1.6591319671325866
S39,W078,related,training,-1.493333612226836,10,75,493,0,8,-1.328407986973267
S39,W079,unrelated,training,0.1139469950564595,6,101,536,1,10,-0.666960026654628
S39,W080,related,training,0.4102184004835469,4,16,239,1,14,0.6559358939826502
S39,W081,unrelated,training,1.1191925348290213,6,32,463,1,17,1.6481078344606088
S39,W082,related,training,-0.0322703529262462,6,77,378,1,11,-0.33623604649530847
S39,W083,unrelated,training,0.1654914468887871,7,14,772,1,14,0.6559358939826502
S39,W084,related,training,0.8719147743400757,7,22,459,1,12,-0.005512066335988933
S39,W085,unrelated,training,-0.8790583874314196,7,98,414,1,13,0.3252119138233306
S39,W086,related,training,-0.7905740078936522,7,92,434,1,8,-1.328407986973267
S39,W087,unrelated,training,0.5846936512450975,6,26,351,1,12,-0.005512066335988933
S39,W088,related,training,-0.8247875085796271,5,116,416,1,9,-0.9976840068139475
S39,W089,unrelated,training,-1.4798537261722209,8,93,540,0,10,-0.666960026654628
S39,W090,related,training,-0.5298687768050517,7,114,467,1,10,-0.666960026654628
S39,W091,unrelated,training,0.0199958773569514,6,76,448,1,13,0.3252119138233306
S39,W092,related,training,0.8827875457824161,5,99,418,0,16,1.3173838543012892
S39,W093,unrelated,training,-0.3951162220036792,6,62,496,1,11,-0.33623604649530847
S39,W094,related,training,-0.2729766410664055,6,35,464,1,14,0.6559358939826502
S39,W095,unrelated,training,-0.8951685051880719,8,60,594,1,9,-0.9976840068139475
S39,W096,related,training,-0.4092407736087192,8,2,797,0,11,-0.33623604649530847
S39,W097,unrelated,training,-0.0617302306989816,5,18,515,1,13,0.3252119138233306
S39,W098,related,training,-0.148276360874164,7,13,417,1,12,-0.005512066335988933
S39,W099,unrelated,training,-0.5593352549066585,6,23,422,1,11,-0.33623604649530847
S39,W100,related,training,0.942231995983134,6,65,548,1,14,0.6559358939826502
S39,W101,unrelated,training,-0.4764940879555429,6,3,579,1,11,-0.33623604649530847
S39,W102,related,training,0.2909020541309749,6,27,389,1,12,-0.005512066335988933
S39,W103,unrelated,training,-0.5886379098238127,8,109,663,1,9,-0.9976840068139475
S39,W104,related,training,-0.1214698405936154,5,53,326,1,11,-0.33623604649530847
S39,W105,unrelated,training,0.9039757269248688,7,59,391,1,16,1.3173838543012892
S39,W106,related,training,0.9500663306709668,5,11,520,1,14,0.6559358939826502
S39,W107,unrelated,training,-0.1048038833831658,7,30,520,0,14,0.6559358939826502
S39,W108,related,training,1.0859079831560388,6,102,303,1,17,1.6481078344606088
S39,W109,unrelated,training,1.4716210444039308,4,6,594,1,16,1.3173838543012892
S39,W110,related,training,-0.6985479929330615,5,113,675,1,12,-0.005512066335988933
S39,W111,unrelated,training,0.0810520811925241,6,82,677,1,12,-0.005512066335988933
S39,W112,related,training,-0.9707136954003068,6,40,395,0,12,-0.005512066335988933
S39,W113,unrelated,training,0.3016402314525866,7,49,411,1,12,-0.005512066335988933
S39,W114,related,training,0.2964810364202688,6,95,468,1,13,0.3252119138233306
S39,W115,unrelated,training,0.9454197977241208,5,54,507,1,14,0.6559358939826502
S39,W116,related,training,0.5722667365127202,5,70,414,1,13,0.3252119138233306
S39,W117,unrelated,training,-0.3562583501967622,6,81,695,1,12,-0.005512066335988933
S39,W118,related,training,0.9249426975480984,4,71,368,1,14,0.6559358939826502
S39,W119,unrelated,training,-0.2589413440745218,7,105,578,1,12,-0.005512066335988933
S39,W120,related,training,-1.6613676983867645,7,108,382,1,7,-1.6591319671325866
S40,W001,related,training,-0.9139392237197596,6,58,544,1,8,-1.328407986973267
S40,W002,unrelated,training,0.1358238092024783,6,40,549,1,15,0.9866598741419697
S40,W003,related,training,0.0968317689390009,5,6,617,1,13,0.3252119138233306
S40,W004,unrelated,training,-1.3047661789528002,8,120,767,1,8,-1.328407986973267
S40,W005,related,training,0.4824205120703297,7,85,597,1,15,0.9866598741419697
S40,W006,unrelated,training,1.5453446713553585,5,46,623,1,18,1.9788318146199282
S40,W007,related,training,-0.6150774716989514,7,89,784,1,8,-1.328407986973267
S40,W008,unrelated,training,0.7371741115453434,5,100,1109,1,14,0.6559358939826502
S40,W009,related,training,0.4367971257492582,5,41,501,1,16,1.3173838543012892
S40,W010,unrelated,training,0.5628372917200654,4,93,581,1,15,0.9866598741419697
S40,W011,related,training,0.0928637611052042,5,28,529,1,16,1.3173838543012892
S40,W012,unrelated,training,-1.017174296547943,7,103,680,1,5,-2.3205799274512255
S40,W013,related,training,-0.1757199187168372,5,52,601,1,13,0.3252119138233306
S40,W014,unrelated,training,-0.4670875917863192,7,62,645,0,10,-0.666960026654628
S40,W015,related,training,0.6376366034140181,4,78,798,1,13,0.3252119138233306
S40,W016,unrelated,training,0.4758777000006875,6,50,540,1,15,0.9866598741419697
S40,W017,related,training,-1.1004086247447586,7,43,761,1,10,-0.666960026654628
S40,W018,unrelated,training,-0.0732480440826994,5,19,680,1,11,-0.33623604649530847
S40,W019,related,training,0.8377763169382735,5,75,673,1,17,1.6481078344606088
S40,W020,unrelated,training,-0.10953246691453,6,3,612,1,13,0.3252119138233306
S40,W021,related,training,0.1653741913649934,6,80,653,1,11,-0.33623604649530847
S40,W022,unrelated,training,-1.5613246312784643,7,92,1128,1,7,-1.6591319671325866
S40,W023,related,training,1.5516882128257177,4,72,580,1,18,1.9788318146199282
S40,W024,unrelated,training,0.6676736601563552,6,87,753,1,15,0.9866598741419697
S40,W025,related,training,-1.1003524346233824,6,110,641,1,9,-0.9976840068139475
S40,W026,unrelated,training,1.2547311434192785,5,94,724,1,15,0.9866598741419697
S40,W027,related,training,0.2511535240099482,6,11,689,1,11,-0.33623604649530847
S40,W028,unrelated,training,-0.4744448584528069,6,76,639,1,10,-0.666960026654628
S40,W029,related,training,-0.034955592045138,6,91,993,1,11,-0.33623604649530847
S40,W030,unrelated,training,-1.2168271291729122,6,79,542,1,9,-0.9976840068139475
S40,W031,related,training,0.714619446660419,5,61,758,1,14,0.6559358939826502
S40,W032,unrelated,training,-1.3165830605078477,6,57,659,1,10,-0.666960026654628
S40,W033,related,training,-0.21523491523936,7,101,472,1,12,-0.005512066335988933
S40,W034,unrelated,training,-0.8773992307693209,5,81,541,1,10,-0.666960026654628
S40,W035,related,training,-0.5296422482991268,8,71,639,1,11,-0.33623604649530847
S40,W036,unrelated,training,-0.1884520533183292,7,63,489,1,13,0.3252119138233306
S40,W037,related,training,-1.1890454200315383,10,13,786,1,9,-0.9976840068139475
S40,W038,unrelated,training,0.956289262928874,5,48,700,1,16,1.3173838543012892
S40,W039,related,training,-1.409803501846958,9,7,510,1,9,-0.9976840068139475
S40,W040,unrelated,training,0.0326171911239126,7,53,759,1,14,0.6559358939826502
S40,W041,related,training,2.768124509357714,4,88,341,0,19,2.3095557947792478
S40,W042,unrelated,training,-2.051321246725728,8,86,911,1,7,-1.6591319671325866
S40,W043,related,training,-0.4642735130186097,7,69,731,1,12,-0.005512066335988933
S40,W044,unrelated,training,-0.074692481078299,5,12,765,1,11,-0.33623604649530847
S40,W045,related,training,-2.8603180515178988,8,106,867,0,2,-3.312751867929184
S40,W046,unrelated,training,0.2765126725847232,6,32,638,1,13,0.3252119138233306
S40,W047,related,training,0.0194756794538221,6,73,803,1,11,-0.33623604649530847
S40,W048,unrelated,training,0.9901168140194688,6,14,541,1,13,0.3252119138233306
S40,W049,related,training,1.4263582067643383,5,90,688,1,18,1.9788318146199282
S40,W050,unrelated,training,0.2830487228263371,5,39,463,1,16,1.3173838543012892
S40,W051,related,training,0.2912642538060146,5,59,556,1,11,-0.33623604649530847
S40,W052,unrelated,training,0.2221144455622858,6,96,637,1,14,0.6559358939826502
S40,W053,related,training,1.5099166560295276,5,74,516,1,13,0.3252119138233306
S40,W054,unrelated,training,-0.4557117009268119,7,65,677,0,10,-0.666960026654628
S40,W055,related,training,-0.8565905568902926,6,35,1035,0,11,-0.33623604649530847
S40,W056,unrelated,training,-1.5572563778362285,6,26,862,1,8,-1.328407986973267
S40,W057,related,training,-0.9059093384605884,8,113,609,1,9,-0.9976840068139475
S40,W058,unrelated,training,-1.6486942190789142,6,117,624,1,9,-0.9976840068139475
S40,W059,related,training,-0.3001634484294758,6,34,528,1,12,-0.005512066335988933
S40,W060,unrelated,training,-0.4724816193194414,5,42,577,0,12,-0.005512066335988933
S40,W061,related,training,1.7395844656453046,5,5,548,1,19,2.3095557947792478
S40,W062,unrelated,training,1.148113333746188,7,114,592,1,15,0.9866598741419697
S40,W063,related,training,0.0350906934612753,6,82,481,1,15,0.9866598741419697
S40,W064,unrelated,training,1.1068512013196057,4,115,654,1,14,0.6559358939826502
S40,W065,related,training,-0.29377833954959,5,10,460,1,11,-0.33623604649530847
S40,W066,unrelated,training,-0.8621267483079921,6,70,621,1,11,-0.33623604649530847
S40,W067,related,training,-0.8004905870752745,5,107,804,1,9,-0.9976840068139475
S40,W068,unrelated,training,-0.6822716459168946,6,2,538,1,11,-0.33623604649530847
S40,W069,related,training,-2.306145484861042,8,77,717,0,6,-1.9898559472919062
S40,W070,unrelated,training,-0.4692453518743268,6,66,723,1,10,-0.666960026654628
S40,W071,related,training,-0.7186668647491127,7,104,469,1,13,0.3252119138233306
S40,W072,unrelated,training,-1.8666945779672184,6,116,948,1,8,-1.328407986973267
S40,W073,related,training,0.891632901440497,6,109,678,0,15,0.9866598741419697
S40,W074,unrelated,training,0.0035851005184451,7,83,632,1,13,0.3252119138233306
S40,W075,related,training,-0.8296935917886239,8,33,763,1,11,-0.33623604649530847
S40,W076,unrelated,training,0.0063453267125901,6,45,602,1,11,-0.33623604649530847
S40,W077,related,training,-1.3756874142011304,6,24,553,1,7,-1.6591319671325866
S40,W078,unrelated,training,-1.493333612226836,10,29,845,1,8,-1.328407986973267
S40,W079,related,training,0.1139469950564595,6,54,611,1,10,-0.666960026654628
S40,W080,unrelated,training,0.4102184004835469,4,49,356,0,14,0.6559358939826502
S40,W081,related,training,1.1191925348290213,6,20,504,1,17,1.6481078344606088
S40,W082,unrelated,training,-0.0322703529262462,6,55,571,1,11,-0.33623604649530847
S40,W083,related,training,0.1654914468887871,7,25,890,1,14,0.6559358939826502
S40,W084,unrelated,training,0.8719147743400757,7,16,552,1,12,-0.005512066335988933
S40,W085,related,training,-0.8790583874314196,7,56,420,1,13,0.3252119138233306
S40,W086,unrelated,training,-0.7905740078936522,7,60,579,1,8,-1.328407986973267
S40,W087,related,training,0.5846936512450975,6,105,422,1,12,-0.005512066335988933
S40,W088,unrelated,training,-0.8247875085796271,5,68,700,1,9,-0.9976840068139475
S40,W089,related,training,-1.4798537261722209,8,37,540,1,10,-0.666960026654628
S40,W090,unrelated,training,-0.5298687768050517,7,47,756,1,10,-0.666960026654628
S40,W091,related,training,0.0199958773569514,6,99,522,1,13,0.3252119138233306
S40,W092,unrelated,training,0.8827875457824161,5,112,606,1,16,1.3173838543012892
S40,W093,related,training,-0.3951162220036792,6,4,445,1,11,-0.33623604649530847
S40,W094,unrelated,training,-0.2729766410664055,6,36,676,1,14,0.6559358939826502
S40,W095,related,training,-0.8951685051880719,8,17,882,0,9,-0.9976840068139475
S40,W096,unrelated,training,-0.4092407736087192,8,30,1220,1,11,-0.33623604649530847
S40,W097,related,training,-0.0617302306989816,5,27,615,1,13,0.3252119138233306
S40,W098,unrelated,training,-0.148276360874164,7,44,683,1,12,-0.005512066335988933
S40,W099,related,training,-0.5593352549066585,6,98,685,1,11,-0.33623604649530847
S40,W100,unrelated,training,0.942231995983134,6,51,736,1,14,0.6559358939826502
S40,W101,related,training,-0.4764940879555429,6,8,736,1,11,-0.33623604649530847
S40,W102,unrelated,training,0.2909020541309749,6,108,597,1,12,-0.005512066335988933
S40,W103,related,training,-0.5886379098238127,8,111,742,1,9,-0.9976840068139475
S40,W104,unrelated,training,-0.1214698405936154,5,119,459,1,11,-0.33623604649530847
S40,W105,related,training,0.9039757269248688,7,84,519,1,16,1.3173838543012892
S40,W106,unrelated,training,0.9500663306709668,5,38,613,0,14,0.6559358939826502
S40,W107,related,training,-0.1048038833831658,7,67,634,1,14,0.6559358939826502
S40,W108,unrelated,training,1.0859079831560388,6,18,542,1,17,1.6481078344606088
S40,W109,related,training,1.4716210444039308,4,102,689,1,16,1.3173838543012892
S40,W110,unrelated,training,-0.6985479929330615,5,64,999,1,12,-0.005512066335988933
S40,W111,related,training,0.0810520811925241,6,21,874,1,12,-0.005512066335988933
S40,W112,unrelated,training,-0.9707136954003068,6,22,709,1,12,-0.005512066335988933
S40,W113,related,training,0.3016402314525866,7,97,428,1,12,-0.005512066335988933
S40,W114,unrelated,training,0.2964810364202688,6,1,724,1,13,0.3252119138233306
S40,W115,related,training,0.9454197977241208,5,95,640,1,14,0.6559358939826502
S40,W116,unrelated,training,0.5722667365127202,5,23,607,1,13,0.3252119138233306
S40,W117,related,training,-0.3562583501967622,6,9,942,1,12,-0.005512066335988933
S40,W118,unrelated,training,0.9249426975480984,4,31,470,1,14,0.6559358939826502
S40,W119,related,training,-0.2589413440745218,7,118,681,1,12,-0.005512066335988933
S40,W120,unrelated,training,-1.6613676983867645,7,15,763,1,7,-1.6591319671325866
S41,W001,unrelated,training,-0.9139392237197596,6,22,636,1,8,-1.328407986973267
S41,W002,related,training,0.1358238092024783,6,7,507,1,15,0.9866598741419697
S41,W003,unrelated,training,0.0968317689390009,5,9,569,1,13,0.3252119138233306
S41,W004,related,training,-1.3047661789528002,8,27,530,1,8,-1.328407986973267
S41,W005,unrelated,training,0.4824205120703297,7,86,623,1,15,0.9866598741419697
S41,W006,related,training,1.5453446713553585,5,112,621,1,18,1.9788318146199282
S41,W007,unrelated,training,-0.6150774716989514,7,12,714,1,8,-1.328407986973267
S41,W008,related,training,0.7371741115453434,5,81,662,1,14,0.6559358939826502
S41,W009,unrelated,training,0.4367971257492582,5,95,511,1,16,1.3173838543012892
S41,W010,related,training,0.5628372917200654,4,74,491,1,15,0.9866598741419697
S41,W011,unrelated,training,0.0928637611052042,5,65,591,1,16,1.3173838543012892
S41,W012,related,training,-1.017174296547943,7,19,770,0,5,-2.3205799274512255
S41,W013,unrelated,training,-0.1757199187168372,5,107,591,0,13,0.3252119138233306
S41,W014,related,training,-0.4670875917863192,7,21,531,1,10,-0.666960026654628
S41,W015,unrelated,training,0.6376366034140181,4,43,856,1,13,0.3252119138233306
S41,W016,related,training,0.4758777000006875,6,117,563,1,15,0.9866598741419697
S41,W017,unrelated,training,-1.1004086247447586,7,51,846,1,10,-0.666960026654628
S41,W018,related,training,-0.0732480440826994,5,70,502,1,11,-0.33623604649530847
S41,W019,unrelated,training,0.8377763169382735,5,87,771,1,17,1.6481078344606088
S41,W020,related,training,-0.10953246691453,6,34,496,1,13,0.3252119138233306
S41,W021,unrelated,training,0.1653741913649934,6,66,671,1,11,-0.33623604649530847
S41,W022,related,training,-1.5613246312784643,7,26,813,0,7,-1.6591319671325866
S41,W023,unrelated,training,1.5516882128257177,4,33,592,1,18,1.9788318146199282
S41,W024,related,training,0.6676736601563552,6,109,596,0,15,0.9866598741419697
S41,W025,unrelated,training,-1.1003524346233824,6,16,755,1,9,-0.9976840068139475
S41,W026,related,training,1.2547311434192785,5,102,653,1,15,0.9866598741419697
S41,W027,unrelated,training,0.2511535240099482,6,45,856,1,11,-0.33623604649530847
S41,W028,related,training,-0.4744448584528069,6,111,747,1,10,-0.666960026654628
S41,W029,unrelated,training,-0.034955592045138,6,53,572,1,11,-0.33623604649530847
S41,W030,related,training,-1.2168271291729122,6,97,482,1,9,-0.9976840068139475
S41,W031,unrelated,training,0.714619446660419,5,2,778,1,14,0.6559358939826502
S41,W032,related,training,-1.3165830605078477,6,54,697,1,10,-0.666960026654628
S41,W033,unrelated,training,-0.21523491523936,7,108,707,1,12,-0.005512066335988933
S41,W034,related,training,-0.8773992307693209,5,106,359,1,10,-0.666960026654628
S41,W035,unrelated,training,-0.5296422482991268,8,32,882,1,11,-0.33623604649530847
S41,W036,related,training,-0.1884520533183292,7,100,427,1,13,0.3252119138233306
S41,W037,unrelated,training,-1.1890454200315383,10,6,776,1,9,-0.9976840068139475
S41,W038,related,training,0.956289262928874,5,56,473,1,16,1.3173838543012892
S41,W039,unrelated,training,-1.409803501846958,9,8,593,1,9,-0.9976840068139475
S41,W040,related,training,0.0326171911239126,7,94,616,1,14,0.6559358939826502
S41,W041,unrelated,training,2.768124509357714,4,5,335,1,19,2.3095557947792478
S41,W042,related,training,-2.051321246725728,8,82,718,1,7,-1.6591319671325866
S41,W043,unrelated,training,-0.4642735130186097,7,30,649,1,12,-0.005512066335988933
S41,W044,related,training,-0.074692481078299,5,46,631,1,11,-0.33623604649530847
S41,W045,unrelated,training,-2.8603180515178988,8,28,990,0,2,-3.312751867929184
S41,W046,related,training,0.2765126725847232,6,67,573,1,13,0.3252119138233306
S41,W047,unrelated,training,0.0194756794538221,6,4,893,1,11,-0.33623604649530847
S41,W048,related,training,0.9901168140194688,6,41,519,1,13,0.3252119138233306
S41,W049,unrelated,training,1.4263582067643383,5,52,642,1,18,1.9788318146199282
S41,W050,related,training,0.2830487228263371,5,79,522,1,16,1.3173838543012892
S41,W051,unrelated,training,0.2912642538060146,5,105,769,1,11,-0.33623604649530847
S41,W052,related,training,0.2221144455622858,6,57,534,1,14,0.6559358939826502
S41,W053,unrelated,training,1.5099166560295276,5,10,568,1,13,0.3252119138233306
S41,W054,related,training,-0.4557117009268119,7,88,551,0,10,-0.666960026654628
S41,W055,unrelated,training,-0.8565905568902926,6,24,1059,1,11,-0.33623604649530847
S41,W056,related,training,-1.5572563778362285,6,50,632,1,8,-1.328407986973267
S41,W057,unrelated,training,-0.9059093384605884,8,80,628,1,9,-0.9976840068139475
S41,W058,related,training,-1.6486942190789142,6,17,529,1,9,-0.9976840068139475
S41,W059,unrelated,training,-0.3001634484294758,6,18,453,1,12,-0.005512066335988933
S41,W060,related,training,-0.4724816193194414,5,83,533,1,12,-0.005512066335988933
S41,W061,unrelated,training,1.7395844656453046,5,37,509,1,19,2.3095557947792478
S41,W062,related,training,1.148113333746188,7,63,520,1,15,0.9866598741419697
S41,W063,unrelated,training,0.0350906934612753,6,64,502,1,15,0.9866598741419697
S41,W064,related,training,1.1068512013196057,4,39,471,1,14,0.6559358939826502
S41,W065,unrelated,training,-0.29377833954959,5,103,485,1,11,-0.33623604649530847
S41,W066,related,training,-0.8621267483079921,6,96,455,1,11,-0.33623604649530847
S41,W067,unrelated,training,-0.8004905870752745,5,61,694,1,9,-0.9976840068139475
S41,W068,related,training,-0.6822716459168946,6,101,533,1,11,-0.33623604649530847
S41,W069,unrelated,training,-2.306145484861042,8,75,1047,1,6,-1.9898559472919062
S41,W070,related,training,-0.4692453518743268,6,85,587,1,10,-0.666960026654628
S41,W071,unrelated,training,-0.7186668647491127,7,35,572,1,13,0.3252119138233306
S41,W072,related,training,-1.8666945779672184,6,84,908,0,8,-1.328407986973267
S41,W073,unrelated,training,0.891632901440497,6,29,653,1,15,0.9866598741419697
S41,W074,related,training,0.0035851005184451,7,20,565,1,13,0.3252119138233306
S41,W075,unrelated,training,-0.8296935917886239,8,3,599,1,11,-0.33623604649530847
S41,W076,related,training,0.0063453267125901,6,25,706,1,11,-0.33623604649530847
S41,W077,unrelated,training,-1.3756874142011304,6,13,705,0,7,-1.6591319671325866
S41,W078,related,training,-1.493333612226836,10,60,630,1,8,-1.328407986973267
S41,W079,unrelated,training,0.1139469950564595,6,77,623,1,10,-0.666960026654628
S41,W080,related,training,0.4102184004835469,4,76,355,1,14,0.6559358939826502
S41,W081,unrelated,training,1.1191925348290213,6,49,498,1,17,1.6481078344606088
S41,W082,related,training,-0.0322703529262462,6,99,490,1,11,-0.33623604649530847
S41,W083,unrelated,training,0.1654914468887871,7,36,848,1,14,0.6559358939826502
S41,W084,related,training,0.8719147743400757,7,98,493,1,12,-0.005512066335988933
S41,W085,unrelated,training,-0.8790583874314196,7,120,434,1,13,0.3252119138233306
S41,W086,related,training,-0.7905740078936522,7,114,555,1,8,-1.328407986973267
S41,W087,unrelated,training,0.5846936512450975,6,68,503,1,12,-0.005512066335988933
S41,W088,related,training,-0.8247875085796271,5,59,481,1,9,-0.9976840068139475
S41,W089,unrelated,training,-1.4798537261722209,8,15,680,1,10,-0.666960026654628
S41,W090,related,training,-0.5298687768050517,7,72,579,1,10,-0.666960026654628
S41,W091,unrelated,training,0.0199958773569514,6,73,553,1,13,0.3252119138233306
S41,W092,related,training,0.8827875457824161,5,71,465,1,16,1.3173838543012892
S41,W093,unrelated,training,-0.3951162220036792,6,44,588,1,11,-0.33623604649530847
S41,W094,related,training,-0.2729766410664055,6,115,548,1,14,0.6559358939826502
S41,W095,unrelated,training,-0.8951685051880719,8,14,940,1,9,-0.9976840068139475
S41,W096,related,training,-0.4092407736087192,8,42,913,1,11,-0.33623604649530847
S41,W097,unrelated,training,-0.0617302306989816,5,110,549,1,13,0.3252119138233306
S41,W098,related,training,-0.148276360874164,7,113,555,1,12,-0.005512066335988933
S41,W099,unrelated,training,-0.5593352549066585,6,23,860,1,11,-0.33623604649530847
S41,W100,related,training,0.942231995983134,6,90,520,1,14,0.6559358939826502
S41,W101,unrelated,training,-0.4764940879555429,6,116,822,1,11,-0.33623604649530847
S41,W102,related,training,0.2909020541309749,6,118,546,1,12,-0.005512066335988933
S41,W103,unrelated,training,-0.5886379098238127,8,58,687,1,9,-0.9976840068139475
S41,W104,related,training,-0.1214698405936154,5,93,397,1,11,-0.33623604649530847
S41,W105,unrelated,training,0.9039757269248688,7,31,716,1,16,1.3173838543012892
S41,W106,related,training,0.9500663306709668,5,119,640,1,14,0.6559358939826502
S41,W107,unrelated,training,-0.1048038833831658,7,48,607,1,14,0.6559358939826502
S41,W108,related,training,1.0859079831560388,6,62,425,1,17,1.6481078344606088
S41,W109,unrelated,training,1.4716210444039308,4,89,523,1,16,1.3173838543012892
S41,W110,related,training,-0.6985479929330615,5,92,737,0,12,-0.005512066335988933
S41,W111,unrelated,training,0.0810520811925241,6,11,805,1,12,-0.005512066335988933
S41,W112,related,training,-0.9707136954003068,6,40,645,1,12,-0.005512066335988933
S41,W113,unrelated,training,0.3016402314525866,7,104,471,1,12,-0.005512066335988933
S41,W114,related,training,0.2964810364202688,6,1,541,1,13,0.3252119138233306
S41,W115,unrelated,training,0.9454197977241208,5,47,673,1,14,0.6559358939826502
S41,W116,related,training,0.5722667365127202,5,69,608,1,13,0.3252119138233306
S41,W117,unrelated,training,-0.3562583501967622,6,38,1309,1,12,-0.005512066335988933
S41,W118,related,training,0.9249426975480984,4,78,472,1,14,0.6559358939826502
S41,W119,unrelated,training,-0.2589413440745218,7,55,629,1,12,-0.005512066335988933
S41,W120,related,training,-1.6613676983867645,7,91,463,1,7,-1.6591319671325866
S42,W001,related,training,-0.9139392237197596,6,105,334,1,8,-1.328407986973267
S42,W002,unrelated,training,0.1358238092024783,6,27,542,1,15,0.9866598741419697
S42,W003,related,training,0.0968317689390009,5,98,436,1,13,0.3252119138233306
S42,W004,unrelated,training,-1.3047661789528002,8,120,594,1,8,-1.328407986973267
S42,W005,related,training,0.4824205120703297,7,78,524,1,15,0.9866598741419697
S42,W006,unrelated,training,1.5453446713553585,5,44,615,1,18,1.9788318146199282
S42,W007,related,training,-0.6150774716989514,7,68,593,1,8,-1.328407986973267
S42,W008,unrelated,training,0.7371741115453434,5,41,729,1,14,0.6559358939826502
S42,W009,related,training,0.4367971257492582,5,52,377,1,16,1.3173838543012892
S42,W010,unrelated,training,0.5628372917200654,4,32,423,1,15,0.9866598741419697
S42,W011,related,training,0.0928637611052042,5,8,696,1,16,1.3173838543012892
S42,W012,unrelated,training,-1.017174296547943,7,90,716,1,5,-2.3205799274512255
S42,W013,related,training,-0.1757199187168372,5,111,458,1,13,0.3252119138233306
S42,W014,unrelated,training,-0.4670875917863192,7,66,545,1,10,-0.666960026654628
S42,W015,related,training,0.6376366034140181,4,33,687,1,13,0.3252119138233306
S42,W016,unrelated,training,0.4758777000006875,6,79,546,0,15,0.9866598741419697
S42,W017,related,training,-1.1004086247447586,7,108,625,1,10,-0.666960026654628
S42,W018,unrelated,training,-0.0732480440826994,5,20,452,1,11,-0.33623604649530847
S42,W019,related,training,0.8377763169382735,5,112,833,1,17,1.6481078344606088
S42,W020,unrelated,training,-0.10953246691453,6,73,335,1,13,0.3252119138233306
S42,W021,related,training,0.1653741913649934,6,80,531,1,11,-0.33623604649530847
S42,W022,unrelated,training,-1.5613246312784643,7,59,819,1,7,-1.6591319671325866
S42,W023,related,training,1.5516882128257177,4,50,514,1,18,1.9788318146199282
S42,W024,unrelated,training,0.6676736601563552,6,10,538,1,15,0.9866598741419697
S42,W025,related,training,-1.1003524346233824,6,116,667,1,9,-0.9976840068139475
S42,W026,unrelated,training,1.2547311434192785,5,15,653,1,15,0.9866598741419697
S42,W027,related,training,0.2511535240099482,6,16,600,1,11,-0.33623604649530847
S42,W028,unrelated,training,-0.4744448584528069,6,51,538,1,10,-0.666960026654628
S42,W029,related,training,-0.034955592045138,6,36,523,1,11,-0.33623604649530847
S42,W030,unrelated,training,-1.2168271291729122,6,82,504,1,9,-0.9976840068139475
S42,W031,related,training,0.714619446660419,5,87,708,1,14,0.6559358939826502
S42,W032,unrelated,training,-1.3165830605078477,6,92,635,1,10,-0.666960026654628
S42,W033,related,training,-0.21523491523936,7,35,475,1,12,-0.005512066335988933
S42,W034,unrelated,training,-0.8773992307693209,5,88,489,1,10,-0.666960026654628
S42,W035,related,training,-0.5296422482991268,8,71,636,1,11,-0.33623604649530847
S42,W036,unrelated,training,-0.1884520533183292,7,69,446,1,13,0.3252119138233306
S42,W037,related,training,-1.1890454200315383,10,117,622,1,9,-0.9976840068139475
S42,W038,unrelated,training,0.956289262928874,5,29,559,1,16,1.3173838543012892
S42,W039,related,training,-1.409803501846958,9,1,526,1,9,-0.9976840068139475
S42,W040,unrelated,training,0.0326171911239126,7,104,549,1,14,0.6559358939826502
S42,W041,related,training,2.768124509357714,4,43,311,1,19,2.3095557947792478
S42,W042,unrelated,training,-2.051321246725728,8,95,775,1,7,-1.6591319671325866
S42,W043,related,training,-0.4642735130186097,7,85,439,1,12,-0.005512066335988933
S42,W044,unrelated,training,-0.074692481078299,5,114,467,1,11,-0.33623604649530847
S42,W045,related,training,-2.8603180515178988,8,25,653,1,2,-3.312751867929184
S42,W046,unrelated,training,0.2765126725847232,6,60,448,1,13,0.3252119138233306
S42,W047,related,training,0.0194756794538221,6,58,607,1,11,-0.33623604649530847
S42,W048,unrelated,training,0.9901168140194688,6,2,560,1,13,0.3252119138233306
S42,W049,related,training,1.4263582067643383,5,24,529,1,18,1.9788318146199282
S42,W050,unrelated,training,0.2830487228263371,5,109,494,1,16,1.3173838543012892
S42,W051,related,training,0.2912642538060146,5,39,521,1,11,-0.33623604649530847
S42,W052,unrelated,training,0.2221144455622858,6,45,583,1,14,0.6559358939826502
S42,W053,related,training,1.5099166560295276,5,65,488,1,13,0.3252119138233306
S42,W054,unrelated,training,-0.4557117009268119,7,38,513,1,10,-0.666960026654628
S42,W055,related,training,-0.8565905568902926,6,64,856,1,11,-0.33623604649530847
S42,W056,unrelated,training,-1.5572563778362285,6,4,686,1,8,-1.328407986973267
S42,W057,related,training,-0.9059093384605884,8,63,388,1,9,-0.9976840068139475
S42,W058,unrelated,training,-1.6486942190789142,6,46,473,1,9,-0.9976840068139475
S42,W059,related,training,-0.3001634484294758,6,100,444,1,12,-0.005512066335988933
S42,W060,unrelated,training,-0.4724816193194414,5,94,559,1,12,-0.005512066335988933
S42,W061,related,training,1.7395844656453046,5,11,508,1,19,2.3095557947792478
S42,W062,unrelated,training,1.148113333746188,7,23,540,1,15,0.9866598741419697
S42,W063,related,training,0.0350906934612753,6,81,493,1,15,0.9866598741419697
S42,W064,unrelated,training,1.1068512013196057,4,5,514,1,14,0.6559358939826502
S42,W065,related,training,-0.29377833954959,5,6,396,1,11,-0.33623604649530847
S42,W066,unrelated,training,-0.8621267483079921,6,93,523,1,11,-0.33623604649530847
S42,W067,related,training,-0.8004905870752745,5,9,614,1,9,-0.9976840068139475
S42,W068,unrelated,training,-0.6822716459168946,6,96,482,1,11,-0.33623604649530847
S42,W069,related,training,-2.306145484861042,8,75,751,1,6,-1.9898559472919062
S42,W070,unrelated,training,-0.4692453518743268,6,47,654,1,10,-0.666960026654628
S42,W071,related,training,-0.7186668647491127,7,110,481,1,13,0.3252119138233306
S42,W072,unrelated,training,-1.8666945779672184,6,53,870,1,8,-1.328407986973267
S42,W073,related,training,0.891632901440497,6,30,625,1,15,0.9866598741419697
S42,W074,unrelated,training,0.0035851005184451,7,31,605,0,13,0.3252119138233306
S42,W075,related,training,-0.8296935917886239,8,37,490,1,11,-0.33623604649530847
S42,W076,unrelated,training,0.0063453267125901,6,102,600,1,11,-0.33623604649530847
S42,W077,related,training,-1.3756874142011304,6,14,493,1,7,-1.6591319671325866
S42,W078,unrelated,training,-1.493333612226836,10,83,640,1,8,-1.328407986973267
S42,W079,related,training,0.1139469950564595,6,106,552,1,10,-0.666960026654628
S42,W080,unrelated,training,0.4102184004835469,4,57,284,1,14,0.6559358939826502
S42,W081,related,training,1.1191925348290213,6,67,423,1,17,1.6481078344606088
S42,W082,unrelated,training,-0.0322703529262462,6,55,529,1,11,-0.33623604649530847
S42,W083,related,training,0.1654914468887871,7,77,691,1,14,0.6559358939826502
S42,W084,unrelated,training,0.8719147743400757,7,62,496,1,12,-0.005512066335988933
S42,W085,related,training,-0.8790583874314196,7,61,344,1,13,0.3252119138233306
S42,W086,unrelated,training,-0.7905740078936522,7,76,549,1,8,-1.328407986973267
S42,W087,related,training,0.5846936512450975,6,91,357,1,12,-0.005512066335988933
S42,W088,unrelated,training,-0.8247875085796271,5,84,612,1,9,-0.9976840068139475
S42,W089,related,training,-1.4798537261722209,8,7,519,1,10,-0.666960026654628
S42,W090,unrelated,training,-0.5298687768050517,7,34,600,1,10,-0.666960026654628
S42,W091,related,training,0.0199958773569514,6,119,553,1,13,0.3252119138233306
S42,W092,unrelated,training,0.8827875457824161,5,48,540,1,16,1.3173838543012892
S42,W093,related,training,-0.3951162220036792,6,19,383,1,11,-0.33623604649530847
S42,W094,unrelated,training,-0.2729766410664055,6,101,593,1,14,0.6559358939826502
S42,W095,related,training,-0.8951685051880719,8,74,566,1,9,-0.9976840068139475
S42,W096,unrelated,training,-0.4092407736087192,8,115,845,1,11,-0.33623604649530847
S42,W097,related,training,-0.0617302306989816,5,3,521,1,13,0.3252119138233306
S42,W098,unrelated,training,-0.148276360874164,7,22,511,1,12,-0.005512066335988933
S42,W099,related,training,-0.5593352549066585,6,89,537,1,11,-0.33623604649530847
S42,W100,unrelated,training,0.942231995983134,6,12,627,1,14,0.6559358939826502
S42,W101,related,training,-0.4764940879555429,6,86,666,1,11,-0.33623604649530847
S42,W102,unrelated,training,0.2909020541309749,6,40,574,1,12,-0.005512066335988933
S42,W103,related,training,-0.5886379098238127,8,118,581,1,9,-0.9976840068139475
S42,W104,unrelated,training,-0.1214698405936154,5,103,488,1,11,-0.33623604649530847
S42,W105,related,training,0.9039757269248688,7,13,504,0,16,1.3173838543012892
S42,W106,unrelated,training,0.9500663306709668,5,49,639,1,14,0.6559358939826502
S42,W107,related,training,-0.1048038833831658,7,54,416,1,14,0.6559358939826502
S42,W108,unrelated,training,1.0859079831560388,6,72,403,1,17,1.6481078344606088
S42,W109,related,training,1.4716210444039308,4,21,429,0,16,1.3173838543012892
S42,W110,unrelated,training,-0.6985479929330615,5,113,770,0,12,-0.005512066335988933
S42,W111,related,training,0.0810520811925241,6,99,595,1,12,-0.005512066335988933
S42,W112,unrelated,training,-0.9707136954003068,6,107,533,0,12,-0.005512066335988933
S42,W113,related,training,0.3016402314525866,7,18,423,1,12,-0.005512066335988933
S42,W114,unrelated,training,0.2964810364202688,6,42,606,0,13,0.3252119138233306
S42,W115,related,training,0.9454197977241208,5,17,536,1,14,0.6559358939826502
S42,W116,unrelated,training,0.5722667365127202,5,26,537,1,13,0.3252119138233306
S42,W117,related,training,-0.3562583501967622,6,28,654,1,12,-0.005512066335988933
S42,W118,unrelated,training,0.9249426975480984,4,97,381,1,14,0.6559358939826502
S42,W119,related,training,-0.2589413440745218,7,70,620,1,12,-0.005512066335988933
S42,W120,unrelated,training,-1.6613676983867645,7,56,554,1,7,-1.6591319671325866
S43,W001,unrelated,training,-0.9139392237197596,6,84,433,1,8,-1.328407986973267
S43,W002,related,training,0.1358238092024783,6,21,412,1,15,0.9866598741419697
S43,W003,unrelated,training,0.0968317689390009,5,101,442,1,13,0.3252119138233306
S43,W004,related,training,-1.3047661789528002,8,55,579,1,8,-1.328407986973267
S43,W005,unrelated,training,0.4824205120703297,7,82,514,1,15,0.9866598741419697
S43,W006,related,training,1.5453446713553585,5,105,707,1,18,1.9788318146199282
S43,W007,unrelated,training,-0.6150774716989514,7,92,715,1,8,-1.328407986973267
S43,W008,related,training,0.7371741115453434,5,91,686,1,14,0.6559358939826502
S43,W009,unrelated,training,0.4367971257492582,5,32,317,1,16,1.3173838543012892
S43,W010,related,training,0.5628372917200654,4,18,483,1,15,0.9866598741419697
S43,W011,unrelated,training,0.0928637611052042,5,114,622,1,16,1.3173838543012892
S43,W012,related,training,-1.017174296547943,7,67,674,1,5,-2.3205799274512255
S43,W013,unrelated,training,-0.1757199187168372,5,52,541,1,13,0.3252119138233306
S43,W014,related,training,-0.4670875917863192,7,53,602,1,10,-0.666960026654628
S43,W015,unrelated,training,0.6376366034140181,4,109,751,1,13,0.3252119138233306
S43,W016,related,training,0.4758777000006875,6,8,481,1,15,0.9866598741419697
S43,W017,unrelated,training,-1.1004086247447586,7,25,721,1,10,-0.666960026654628
S43,W018,related,training,-0.0732480440826994,5,110,540,0,11,-0.33623604649530847
S43,W019,unrelated,training,0.8377763169382735,5,69,760,1,17,1.6481078344606088
S43,W020,related,training,-0.10953246691453,6,75,339,1,13,0.3252119138233306
S43,W021,unrelated,training,0.1653741913649934,6,112,409,1,11,-0.33623604649530847
S43,W022,related,training,-1.5613246312784643,7,3,757,1,7,-1.6591319671325866
S43,W023,unrelated,training,1.5516882128257177,4,41,444,1,18,1.9788318146199282
S43,W024,related,training,0.6676736601563552,6,37,708,1,15,0.9866598741419697
S43,W025,unrelated,training,-1.1003524346233824,6,49,678,1,9,-0.9976840068139475
S43,W026,related,training,1.2547311434192785,5,9,778,1,15,0.9866598741419697
S43,W027,unrelated,training,0.2511535240099482,6,38,725,0,11,-0.33623604649530847
S43,W028,related,training,-0.4744448584528069,6,50,615,1,10,-0.666960026654628
S43,W029,unrelated,training,-0.034955592045138,6,107,566,1,11,-0.33623604649530847
S43,W030,related,training,-1.2168271291729122,6,61,407,1,9,-0.9976840068139475
S43,W031,unrelated,training,0.714619446660419,5,54,572,1,14,0.6559358939826502
S43,W032,related,training,-1.3165830605078477,6,36,598,1,10,-0.666960026654628
S43,W033,unrelated,training,-0.21523491523936,7,45,474,1,12,-0.005512066335988933
S43,W034,related,training,-0.8773992307693209,5,106,361,1,10,-0.666960026654628
S43,W035,unrelated,training,-0.5296422482991268,8,23,702,1,11,-0.33623604649530847
S43,W036,related,training,-0.1884520533183292,7,4,593,1,13,0.3252119138233306
S43,W037,unrelated,training,-1.1890454200315383,10,71,578,1,9,-0.9976840068139475
S43,W038,related,training,0.956289262928874,5,116,466,1,16,1.3173838543012892
S43,W039,unrelated,training,-1.409803501846958,9,66,450,1,9,-0.9976840068139475
S43,W040,related,training,0.0326171911239126,7,31,517,1,14,0.6559358939826502
S43,W041,unrelated,training,2.768124509357714,4,93,323,1,19,2.3095557947792478
S43,W042,related,training,-2.051321246725728,8,83,811,1,7,-1.6591319671325866
S43,W043,unrelated,training,-0.4642735130186097,7,120,541,1,12,-0.005512066335988933
S43,W044,related,training,-0.074692481078299,5,85,545,1,11,-0.33623604649530847
S43,W045,unrelated,training,-2.8603180515178988,8,88,719,1,2,-3.312751867929184
S43,W046,related,training,0.2765126725847232,6,90,597,1,13,0.3252119138233306
S43,W047,unrelated,training,0.0194756794538221,6,16,848,1,11,-0.33623604649530847
S43,W048,related,training,0.9901168140194688,6,99,497,1,13,0.3252119138233306
S43,W049,unrelated,training,1.4263582067643383,5,42,506,1,18,1.9788318146199282
S43,W050,related,training,0.2830487228263371,5,57,371,1,16,1.3173838543012892
S43,W051,unrelated,training,0.2912642538060146,5,60,556,1,11,-0.33623604649530847
S43,W052,related,training,0.2221144455622858,6,100,622,1,14,0.6559358939826502
S43,W053,unrelated,training,1.5099166560295276,5,58,541,1,13,0.3252119138233306
S43,W054,related,training,-0.4557117009268119,7,118,573,0,10,-0.666960026654628
S43,W055,unrelated,training,-0.8565905568902926,6,27,801,1,11,-0.33623604649530847
S43,W056,related,training,-1.5572563778362285,6,33,689,1,8,-1.328407986973267
S43,W057,unrelated,training,-0.9059093384605884,8,26,553,1,9,-0.9976840068139475
S43,W058,related,training,-1.6486942190789142,6,30,408,1,9,-0.9976840068139475
S43,W059,unrelated,training,-0.3001634484294758,6,63,369,0,12,-0.005512066335988933
S43,W060,related,training,-0.4724816193194414,5,11,403,1,12,-0.005512066335988933
S43,W061,unrelated,training,1.7395844656453046,5,28,548,1,19,2.3095557947792478
S43,W062,related,training,1.148113333746188,7,115,457,1,15,0.9866598741419697
S43,W063,unrelated,training,0.0350906934612753,6,29,470,1,15,0.9866598741419697
S43,W064,related,training,1.1068512013196057,4,78,455,1,14,0.6559358939826502
S43,W065,unrelated,training,-0.29377833954959,5,12,459,1,11,-0.33623604649530847
S43,W066,related,training,-0.8621267483079921,6,74,546,1,11,-0.33623604649530847
S43,W067,unrelated,training,-0.8004905870752745,5,79,625,1,9,-0.9976840068139475
S43,W068,related,training,-0.6822716459168946,6,40,483,1,11,-0.33623604649530847
S43,W069,unrelated,training,-2.306145484861042,8,34,897,1,6,-1.9898559472919062
S43,W070,related,training,-0.4692453518743268,6,48,457,1,10,-0.666960026654628
S43,W071,unrelated,training,-0.7186668647491127,7,111,436,1,13,0.3252119138233306
S43,W072,related,training,-1.8666945779672184,6,7,756,0,8,-1.328407986973267
S43,W073,unrelated,training,0.891632901440497,6,47,473,1,15,0.9866598741419697
S43,W074,related,training,0.0035851005184451,7,43,503,1,13,0.3252119138233306
S43,W075,unrelated,training,-0.8296935917886239,8,95,627,0,11,-0.33623604649530847
S43,W076,related,training,0.0063453267125901,6,104,563,1,11,-0.33623604649530847
S43,W077,unrelated,training,-1.3756874142011304,6,70,528,1,7,-1.6591319671325866
S43,W078,related,training,-1.493333612226836,10,103,670,0,8,-1.328407986973267
S43,W079,unrelated,training,0.1139469950564595,6,17,584,1,10,-0.666960026654628
S43,W080,related,training,0.4102184004835469,4,117,273,1,14,0.6559358939826502
S43,W081,unrelated,training,1.1191925348290213,6,6,411,1,17,1.6481078344606088
S43,W082,related,training,-0.0322703529262462,6,80,522,1,11,-0.33623604649530847
S43,W083,unrelated,training,0.1654914468887871,7,86,857,1,14,0.6559358939826502
S43,W084,related,training,0.8719147743400757,7,56,697,1,12,-0.005512066335988933
S43,W085,unrelated,training,-0.8790583874314196,7,108,369,1,13,0.3252119138233306
S43,W086,related,training,-0.7905740078936522,7,62,449,1,8,-1.328407986973267
S43,W087,unrelated,training,0.5846936512450975,6,51,300,0,12,-0.005512066335988933
S43,W088,related,training,-0.8247875085796271,5,102,601,1,9,-0.9976840068139475
S43,W089,unrelated,training,-1.4798537261722209,8,77,775,0,10,-0.666960026654628
S43,W090,related,training,-0.5298687768050517,7,46,664,1,10,-0.666960026654628
S43,W091,unrelated,training,0.0199958773569514,6,5,530,1,13,0.3252119138233306
S43,W092,related,training,0.8827875457824161,5,89,582,1,16,1.3173838543012892
S43,W093,unrelated,training,-0.3951162220036792,6,10,482,1,11,-0.33623604649530847
S43,W094,related,training,-0.2729766410664055,6,44,488,1,14,0.6559358939826502
S43,W095,unrelated,training,-0.8951685051880719,8,15,772,0,9,-0.9976840068139475
S43,W096,related,training,-0.4092407736087192,8,2,880,0,11,-0.33623604649530847
S43,W097,unrelated,training,-0.0617302306989816,5,13,455,1,13,0.3252119138233306
S43,W098,related,training,-0.148276360874164,7,119,478,1,12,-0.005512066335988933
S43,W099,unrelated,training,-0.5593352549066585,6,39,520,1,11,-0.33623604649530847
S43,W100,related,training,0.942231995983134,6,73,512,1,14,0.6559358939826502
S43,W101,unrelated,training,-0.4764940879555429,6,68,730,1,11,-0.33623604649530847
S43,W102,related,training,0.2909020541309749,6,98,586,1,12,-0.005512066335988933
S43,W103,unrelated,training,-0.5886379098238127,8,24,643,1,9,-0.9976840068139475
S43,W104,related,training,-0.1214698405936154,5,94,429,1,11,-0.33623604649530847
S43,W105,unrelated,training,0.9039757269248688,7,87,441,1,16,1.3173838543012892
S43,W106,related,training,0.9500663306709668,5,59,609,1,14,0.6559358939826502
S43,W107,unrelated,training,-0.1048038833831658,7,65,544,1,14,0.6559358939826502
S43,W108,related,training,1.0859079831560388,6,96,395,1,17,1.6481078344606088
S43,W109,unrelated,training,1.4716210444039308,4,35,557,1,16,1.3173838543012892
S43,W110,related,training,-0.6985479929330615,5,14,775,1,12,-0.005512066335988933
S43,W111,unrelated,training,0.0810520811925241,6,76,695,1,12,-0.005512066335988933
S43,W112,related,training,-0.9707136954003068,6,81,564,1,12,-0.005512066335988933
S43,W113,unrelated,training,0.3016402314525866,7,113,564,1,12,-0.005512066335988933
S43,W114,related,training,0.2964810364202688,6,97,583,1,13,0.3252119138233306
S43,W115,unrelated,training,0.9454197977241208,5,72,489,1,14,0.6559358939826502
S43,W116,related,training,0.5722667365127202,5,19,461,1,13,0.3252119138233306
S43,W117,unrelated,training,-0.3562583501967622,6,22,800,1,12,-0.005512066335988933
S43,W118,related,training,0.9249426975480984,4,20,316,1,14,0.6559358939826502
S43,W119,unrelated,training,-0.2589413440745218,7,64,653,1,12,-0.005512066335988933
S43,W120,related,training,-1.6613676983867645,7,1,487,1,7,-1.6591319671325866
S44,W001,related,training,-0.9139392237197596,6,97,415,1,8,-1.328407986973267
S44,W002,unrelated,training,0.1358238092024783,6,82,446,1,15,0.9866598741419697
S44,W003,related,training,0.0968317689390009,5,67,496,1,13,0.3252119138233306
S44,W004,unrelated,training,-1.3047661789528002,8,100,550,0,8,-1.328407986973267
S44,W005,related,training,0.4824205120703297,7,87,406,1,15,0.9866598741419697
S44,W006,unrelated,training,1.5453446713553585,5,88,605,1,18,1.9788318146199282
S44,W007,related,training,-0.6150774716989514,7,72,575,1,8,-1.328407986973267
S44,W008,unrelated,training,0.7371741115453434,5,23,687,1,14,0.6559358939826502
S44,W009,related,training,0.4367971257492582,5,32,313,1,16,1.3173838543012892
S44,W010,unrelated,training,0.5628372917200654,4,45,435,1,15,0.9866598741419697
S44,W011,related,training,0.0928637611052042,5,119,459,1,16,1.3173838543012892
S44,W012,unrelated,training,-1.017174296547943,7,37,644,1,5,-2.3205799274512255
S44,W013,related,training,-0.1757199187168372,5,94,500,1,13,0.3252119138233306
S44,W014,unrelated,training,-0.4670875917863192,7,33,608,1,10,-0.666960026654628
S44,W015,related,training,0.6376366034140181,4,105,641,1,13,0.3252119138233306
S44,W016,unrelated,training,0.4758777000006875,6,26,490,1,15,0.9866598741419697
S44,W017,related,training,-1.1004086247447586,7,38,605,0,10,-0.666960026654628
S44,W018,unrelated,training,-0.0732480440826994,5,57,435,1,11,-0.33623604649530847
S44,W019,related,training,0.8377763169382735,5,46,487,1,17,1.6481078344606088
S44,W020,unrelated,training,-0.10953246691453,6,15,396,1,13,0.3252119138233306
S44,W021,related,training,0.1653741913649934,6,91,581,1,11,-0.33623604649530847
S44,W022,unrelated,training,-1.5613246312784643,7,17,914,1,7,-1.6591319671325866
S44,W023,related,training,1.5516882128257177,4,31,484,1,18,1.9788318146199282
S44,W024,unrelated,training,0.6676736601563552,6,90,622,1,15,0.9866598741419697
S44,W025,related,training,-1.1003524346233824,6,44,504,1,9,-0.9976840068139475
S44,W026,unrelated,training,1.2547311434192785,5,18,678,1,15,0.9866598741419697
S44,W027,related,training,0.2511535240099482,6,113,779,1,11,-0.33623604649530847
S44,W028,unrelated,training,-0.4744448584528069,6,35,621,1,10,-0.666960026654628
S44,W029,related,training,-0.034955592045138,6,68,543,1,11,-0.33623604649530847
S44,W030,unrelated,training,-1.2168271291729122,6,13,477,1,9,-0.9976840068139475
S44,W031,related,training,0.714619446660419,5,101,600,1,14,0.6559358939826502
S44,W032,unrelated,training,-1.3165830605078477,6,120,707,1,10,-0.666960026654628
S44,W033,related,training,-0.21523491523936,7,81,403,1,12,-0.005512066335988933
S44,W034,unrelated,training,-0.8773992307693209,5,9,479,0,10,-0.666960026654628
S44,W035,related,training,-0.5296422482991268,8,84,527,1,11,-0.33623604649530847
S44,W036,unrelated,training,-0.1884520533183292,7,55,524,1,13,0.3252119138233306
S44,W037,related,training,-1.1890454200315383,10,106,558,1,9,-0.9976840068139475
S44,W038,unrelated,training,0.956289262928874,5,47,553,1,16,1.3173838543012892
S44,W039,related,training,-1.409803501846958,9,53,427,1,9,-0.9976840068139475
S44,W040,unrelated,training,0.0326171911239126,7,71,607,1,14,0.6559358939826502
S44,W041,related,training,2.768124509357714,4,7,305,1,19,2.3095557947792478
S44,W042,unrelated,training,-2.051321246725728,8,6,877,1,7,-1.6591319671325866
S44,W043,related,training,-0.4642735130186097,7,102,534,1,12,-0.005512066335988933
S44,W044,unrelated,training,-0.074692481078299,5,66,532,1,11,-0.33623604649530847
S44,W045,related,training,-2.8603180515178988,8,3,541,1,2,-3.312751867929184
S44,W046,unrelated,training,0.2765126725847232,6,70,436,1,13,0.3252119138233306
S44,W047,related,training,0.0194756794538221,6,69,575,1,11,-0.33623604649530847
S44,W048,unrelated,training,0.9901168140194688,6,73,394,1,13,0.3252119138233306
S44,W049,related,training,1.4263582067643383,5,78,387,1,18,1.9788318146199282
S44,W050,unrelated,training,0.2830487228263371,5,25,409,0,16,1.3173838543012892
S44,W051,related,training,0.2912642538060146,5,51,458,1,11,-0.33623604649530847
S44,W052,unrelated,training,0.2221144455622858,6,77,507,1,14,0.6559358939826502
S44,W053,related,training,1.5099166560295276,5,58,464,1,13,0.3252119138233306
S44,W054,unrelated,training,-0.4557117009268119,7,36,551,1,10,-0.666960026654628
S44,W055,related,training,-0.8565905568902926,6,52,680,1,11,-0.33623604649530847
S44,W056,unrelated,training,-1.5572563778362285,6,11,629,1,8,-1.328407986973267
S44,W057,related,training,-0.9059093384605884,8,34,445,1,9,-0.9976840068139475
S44,W058,unrelated,training,-1.6486942190789142,6,64,488,1,9,-0.9976840068139475
S44,W059,related,training,-0.3001634484294758,6,107,441,1,12,-0.005512066335988933
S44,W060,unrelated,training,-0.4724816193194414,5,49,473,1,12,-0.005512066335988933
S44,W061,related,training,1.7395844656453046,5,63,458,1,19,2.3095557947792478
S44,W062,unrelated,training,1.148113333746188,7,79,427,1,15,0.9866598741419697
S44,W063,related,training,0.0350906934612753,6,85,455,1,15,0.9866598741419697
S44,W064,unrelated,training,1.1068512013196057,4,104,353,1,14,0.6559358939826502
S44,W065,related,training,-0.29377833954959,5,4,368,1,11,-0.33623604649530847
S44,W066,unrelated,training,-0.8621267483079921,6,16,453,1,11,-0.33623604649530847
S44,W067,related,training,-0.8004905870752745,5,116,592,1,9,-0.9976840068139475
S44,W068,unrelated,training,-0.6822716459168946,6,75,495,1,11,-0.33623604649530847
S44,W069,related,training,-2.306145484861042,8,24,718,1,6,-1.9898559472919062
S44,W070,unrelated,training,-0.4692453518743268,6,22,641,1,10,-0.666960026654628
S44,W071,related,training,-0.7186668647491127,7,48,422,1,13,0.3252119138233306
S44,W072,unrelated,training,-1.8666945779672184,6,65,604,1,8,-1.328407986973267
S44,W073,related,training,0.891632901440497,6,80,498,1,15,0.9866598741419697
S44,W074,unrelated,training,0.0035851005184451,7,54,556,0,13,0.3252119138233306
S44,W075,related,training,-0.8296935917886239,8,30,543,1,11,-0.33623604649530847
S44,W076,unrelated,training,0.0063453267125901,6,14,497,1,11,-0.33623604649530847
S44,W077,related,training,-1.3756874142011304,6,62,510,1,7,-1.6591319671325866
S44,W078,unrelated,training,-1.493333612226836,10,40,730,0,8,-1.328407986973267
S44,W079,related,training,0.1139469950564595,6,41,550,1,10,-0.666960026654628
S44,W080,unrelated,training,0.4102184004835469,4,61,236,1,14,0.6559358939826502
S44,W081,related,training,1.1191925348290213,6,89,336,1,17,1.6481078344606088
S44,W082,unrelated,training,-0.0322703529262462,6,12,421,1,11,-0.33623604649530847
S44,W083,related,training,0.1654914468887871,7,74,873,1,14,0.6559358939826502
S44,W084,unrelated,training,0.8719147743400757,7,83,535,1,12,-0.005512066335988933
S44,W085,related,training,-0.8790583874314196,7,114,427,1,13,0.3252119138233306
S44,W086,unrelated,training,-0.7905740078936522,7,28,573,1,8,-1.328407986973267
S44,W087,related,training,0.5846936512450975,6,118,291,1,12,-0.005512066335988933
S44,W088,unrelated,training,-0.8247875085796271,5,117,612,1,9,-0.9976840068139475
S44,W089,related,training,-1.4798537261722209,8,96,485,0,10,-0.666960026654628
S44,W090,unrelated,training,-0.5298687768050517,7,93,641,1,10,-0.666960026654628
S44,W091,related,training,0.0199958773569514,6,20,351,1,13,0.3252119138233306
S44,W092,unrelated,training,0.8827875457824161,5,112,523,1,16,1.3173838543012892
S44,W093,related,training,-0.3951162220036792,6,50,390,1,11,-0.33623604649530847
S44,W094,unrelated,training,-0.2729766410664055,6,2,601,1,14,0.6559358939826502
S44,W095,related,training,-0.8951685051880719,8,110,592,1,9,-0.9976840068139475
S44,W096,unrelated,training,-0.4092407736087192,8,98,758,1,11,-0.33623604649530847
S44,W097,related,training,-0.0617302306989816,5,95,538,1,13,0.3252119138233306
S44,W098,unrelated,training,-0.148276360874164,7,27,538,1,12,-0.005512066335988933
S44,W099,related,training,-0.5593352549066585,6,76,495,1,11,-0.33623604649530847
S44,W100,unrelated,training,0.942231995983134,6,43,616,0,14,0.6559358939826502
S44,W101,related,training,-0.4764940879555429,6,86,621,1,11,-0.33623604649530847
S44,W102,unrelated,training,0.2909020541309749,6,99,505,1,12,-0.005512066335988933
S44,W103,related,training,-0.5886379098238127,8,29,592,1,9,-0.9976840068139475
S44,W104,unrelated,training,-0.1214698405936154,5,8,366,0,11,-0.33623604649530847
S44,W105,related,training,0.9039757269248688,7,92,506,1,16,1.3173838543012892
S44,W106,unrelated,training,0.9500663306709668,5,103,584,1,14,0.6559358939826502
S44,W107,related,training,-0.1048038833831658,7,19,469,1,14,0.6559358939826502
S44,W108,unrelated,training,1.0859079831560388,6,10,438,1,17,1.6481078344606088
S44,W109,related,training,1.4716210444039308,4,60,410,1,16,1.3173838543012892
S44,W110,unrelated,training,-0.6985479929330615,5,109,666,1,12,-0.005512066335988933
S44,W111,related,training,0.0810520811925241,6,108,555,0,12,-0.005512066335988933
S44,W112,unrelated,training,-0.9707136954003068,6,56,522,1,12,-0.005512066335988933
S44,W113,related,training,0.3016402314525866,7,39,362,1,12,-0.005512066335988933
S44,W114,unrelated,training,0.2964810364202688,6,5,620,1,13,0.3252119138233306
S44,W115,related,training,0.9454197977241208,5,21,413,1,14,0.6559358939826502
S44,W116,unrelated,training,0.5722667365127202,5,111,448,1,13,0.3252119138233306
S44,W117,related,training,-0.3562583501967622,6,115,613,1,12,-0.005512066335988933
S44,W118,unrelated,training,0.9249426975480984,4,59,365,1,14,0.6559358939826502
S44,W119,related,training,-0.2589413440745218,7,1,584,1,12,-0.005512066335988933
S44,W120,unrelated,training,-1.6613676983867645,7,42,541,1,7,-1.6591319671325866
S45,W001,unrelated,training,-0.9139392237197596,6,42,464,0,8,-1.328407986973267
S45,W002,related,training,0.1358238092024783,6,70,402,1,15,0.9866598741419697
S45,W003,unrelated,training,0.0968317689390009,5,118,476,1,13,0.3252119138233306
S45,W004,related,training,-1.3047661789528002,8,92,650,1,8,-1.328407986973267
S45,W005,unrelated,training,0.4824205120703297,7,110,542,1,15,0.9866598741419697
S45,W006,related,training,1.5453446713553585,5,103,672,1,18,1.9788318146199282
S45,W007,unrelated,training,-0.6150774716989514,7,109,540,1,8,-1.328407986973267
S45,W008,related,training,0.7371741115453434,5,99,621,1,14,0.6559358939826502
S45,W009,unrelated,training,0.4367971257492582,5,11,410,1,16,1.3173838543012892
S45,W010,related,training,0.5628372917200654,4,88,404,1,15,0.9866598741419697
S45,W011,unrelated,training,0.0928637611052042,5,64,483,1,16,1.3173838543012892
S45,W012,related,training,-1.017174296547943,7,119,537,1,5,-2.3205799274512255
S45,W013,unrelated,training,-0.1757199187168372,5,69,489,1,13,0.3252119138233306
S45,W014,related,training,-0.4670875917863192,7,67,440,0,10,-0.666960026654628
S45,W015,unrelated,training,0.6376366034140181,4,1,732,1,13,0.3252119138233306
S45,W016,related,training,0.4758777000006875,6,68,445,1,15,0.9866598741419697
S45,W017,unrelated,training,-1.1004086247447586,7,46,762,1,10,-0.666960026654628
S45,W018,related,training,-0.0732480440826994,5,100,408,1,11,-0.33623604649530847
S45,W019,unrelated,training,0.8377763169382735,5,31,738,1,17,1.6481078344606088
S45,W020,related,training,-0.10953246691453,6,18,399,1,13,0.3252119138233306
S45,W021,unrelated,training,0.1653741913649934,6,4,619,1,11,-0.33623604649530847
S45,W022,related,training,-1.5613246312784643,7,104,746,1,7,-1.6591319671325866
S45,W023,unrelated,training,1.5516882128257177,4,45,511,1,18,1.9788318146199282
S45,W024,related,training,0.6676736601563552,6,73,658,1,15,0.9866598741419697
S45,W025,unrelated,training,-1.1003524346233824,6,52,659,1,9,-0.9976840068139475
S45,W026,related,training,1.2547311434192785,5,75,613,1,15,0.9866598741419697
S45,W027,unrelated,training,0.2511535240099482,6,16,842,1,11,-0.33623604649530847
S45,W028,related,training,-0.4744448584528069,6,39,588,1,10,-0.666960026654628
S45,W029,unrelated,training,-0.034955592045138,6,95,573,1,11,-0.33623604649530847
S45,W030,related,training,-1.2168271291729122,6,72,486,1,9,-0.9976840068139475
S45,W031,unrelated,training,0.714619446660419,5,10,773,1,14,0.6559358939826502
S45,W032,related,training,-1.3165830605078477,6,43,492,1,10,-0.666960026654628
S45,W033,unrelated,training,-0.21523491523936,7,117,424,1,12,-0.005512066335988933
S45,W034,related,training,-0.8773992307693209,5,29,455,1,10,-0.666960026654628
S45,W035,unrelated,training,-0.5296422482991268,8,35,638,1,11,-0.33623604649530847
S45,W036,related,training,-0.1884520533183292,7,50,543,1,13,0.3252119138233306
S45,W037,unrelated,training,-1.1890454200315383,10,86,621,1,9,-0.9976840068139475
S45,W038,related,training,0.956289262928874,5,80,488,1,16,1.3173838543012892
S45,W039,unrelated,training,-1.409803501846958,9,2,676,1,9,-0.9976840068139475
S45,W040,related,training,0.0326171911239126,7,85,596,1,14,0.6559358939826502
S45,W041,unrelated,training,2.768124509357714,4,15,345,1,19,2.3095557947792478
S45,W042,related,training,-2.051321246725728,8,63,601,1,7,-1.6591319671325866
S45,W043,unrelated,training,-0.4642735130186097,7,21,712,1,12,-0.005512066335988933
S45,W044,related,training,-0.074692481078299,5,17,618,1,11,-0.33623604649530847
S45,W045,unrelated,training,-2.8603180515178988,8,62,774,1,2,-3.312751867929184
S45,W046,related,training,0.2765126725847232,6,49,458,1,13,0.3252119138233306
S45,W047,unrelated,training,0.0194756794538221,6,26,731,1,11,-0.33623604649530847
S45,W048,related,training,0.9901168140194688,6,48,491,1,13,0.3252119138233306
S45,W049,unrelated,training,1.4263582067643383,5,36,507,0,18,1.9788318146199282
S45,W050,related,training,0.2830487228263371,5,5,430,1,16,1.3173838543012892
S45,W051,unrelated,training,0.2912642538060146,5,84,588,1,11,-0.33623604649530847
S45,W052,related,training,0.2221144455622858,6,97,554,1,14,0.6559358939826502
S45,W053,unrelated,training,1.5099166560295276,5,24,475,1,13,0.3252119138233306
S45,W054,related,training,-0.4557117009268119,7,81,616,1,10,-0.666960026654628
S45,W055,unrelated,training,-0.8565905568902926,6,28,929,1,11,-0.33623604649530847
S45,W056,related,training,-1.5572563778362285,6,108,692,1,8,-1.328407986973267
S45,W057,unrelated,training,-0.9059093384605884,8,38,650,1,9,-0.9976840068139475
S45,W058,related,training,-1.6486942190789142,6,56,462,1,9,-0.9976840068139475
S45,W059,unrelated,training,-0.3001634484294758,6,7,503,1,12,-0.005512066335988933
S45,W060,related,training,-0.4724816193194414,5,60,419,1,12,-0.005512066335988933
S45,W061,unrelated,training,1.7395844656453046,5,102,515,1,19,2.3095557947792478
S45,W062,related,training,1.148113333746188,7,96,391,1,15,0.9866598741419697
S45,W063,unrelated,training,0.0350906934612753,6,34,554,1,15,0.9866598741419697
S45,W064,related,training,1.1068512013196057,4,8,517,1,14,0.6559358939826502
S45,W065,unrelated,training,-0.29377833954959,5,44,425,1,11,-0.33623604649530847
S45,W066,related,training,-0.8621267483079921,6,112,473,1,11,-0.33623604649530847
S45,W067,unrelated,training,-0.8004905870752745,5,71,656,0,9,-0.9976840068139475
S45,W068,related,training,-0.6822716459168946,6,78,502,1,11,-0.33623604649530847
S45,W069,unrelated,training,-2.306145484861042,8,22,938,1,6,-1.9898559472919062
S45,W070,related,training,-0.4692453518743268,6,101,456,1,10,-0.666960026654628
S45,W071,unrelated,training,-0.7186668647491127,7,65,444,1,13,0.3252119138233306
S45,W072,related,training,-1.8666945779672184,6,40,593,1,8,-1.328407986973267
S45,W073,unrelated,training,0.891632901440497,6,107,633,1,15,0.9866598741419697
S45,W074,related,training,0.0035851005184451,7,25,477,1,13,0.3252119138233306
S45,W075,unrelated,training,-0.8296935917886239,8,59,604,1,11,-0.33623604649530847
S45,W076,related,training,0.0063453267125901,6,77,577,1,11,-0.33623604649530847
S45,W077,unrelated,training,-1.3756874142011304,6,115,632,1,7,-1.6591319671325866
S45,W078,related,training,-1.493333612226836,10,61,677,1,8,-1.328407986973267
S45,W079,unrelated,training,0.1139469950564595,6,91,669,1,10,-0.666960026654628
S45,W080,related,training,0.4102184004835469,4,37,319,1,14,0.6559358939826502
S45,W081,unrelated,training,1.1191925348290213,6,89,431,1,17,1.6481078344606088
S45,W082,related,training,-0.0322703529262462,6,54,364,0,11,-0.33623604649530847
S45,W083,unrelated,training,0.1654914468887871,7,111,744,1,14,0.6559358939826502
S45,W084,related,training,0.8719147743400757,7,12,485,1,12,-0.005512066335988933
S45,W085,unrelated,training,-0.8790583874314196,7,93,440,1,13,0.3252119138233306
S45,W086,related,training,-0.7905740078936522,7,79,519,1,8,-1.328407986973267
S45,W087,unrelated,training,0.5846936512450975,6,57,391,1,12,-0.005512066335988933
S45,W088,related,training,-0.8247875085796271,5,6,521,1,9,-0.9976840068139475
S45,W089,unrelated,training,-1.4798537261722209,8,47,692,1,10,-0.666960026654628
S45,W090,related,training,-0.5298687768050517,7,98,488,1,10,-0.666960026654628
S45,W091,unrelated,training,0.0199958773569514,6,82,467,1,13,0.3252119138233306
S45,W092,related,training,0.8827875457824161,5,23,517,1,16,1.3173838543012892
S45,W093,unrelated,training,-0.3951162220036792,6,120,512,1,11,-0.33623604649530847
S45,W094,related,training,-0.2729766410664055,6,105,579,0,14,0.6559358939826502
S45,W095,unrelated,training,-0.8951685051880719,8,30,754,1,9,-0.9976840068139475
S45,W096,related,training,-0.4092407736087192,8,66,849,1,11,-0.33623604649530847
S45,W097,unrelated,training,-0.0617302306989816,5,83,561,1,13,0.3252119138233306
S45,W098,related,training,-0.148276360874164,7,58,448,1,12,-0.005512066335988933
S45,W099,unrelated,training,-0.5593352549066585,6,33,591,1,11,-0.33623604649530847
S45,W100,related,training,0.942231995983134,6,32,595,1,14,0.6559358939826502
S45,W101,unrelated,training,-0.4764940879555429,6,3,721,1,11,-0.33623604649530847
S45,W102,related,training,0.2909020541309749,6,87,384,1,12,-0.005512066335988933
S45,W103,unrelated,training,-0.5886379098238127,8,113,567,1,9,-0.9976840068139475
S45,W104,related,training,-0.1214698405936154,5,106,407,1,11,-0.33623604649530847
S45,W105,unrelated,training,0.9039757269248688,7,19,473,1,16,1.3173838543012892
S45,W106,related,training,0.9500663306709668,5,20,588,1,14,0.6559358939826502
S45,W107,unrelated,training,-0.1048038833831658,7,13,557,1,14,0.6559358939826502
S45,W108,related,training,1.0859079831560388,6,51,321,1,17,1.6481078344606088
S45,W109,unrelated,training,1.4716210444039308,4,76,578,1,16,1.3173838543012892
S45,W110,related,training,-0.6985479929330615,5,53,730,0,12,-0.005512066335988933
S45,W111,unrelated,training,0.0810520811925241,6,55,750,1,12,-0.005512066335988933
S45,W112,related,training,-0.9707136954003068,6,116,514,0,12,-0.005512066335988933
S45,W113,unrelated,training,0.3016402314525866,7,41,437,1,12,-0.005512066335988933
S45,W114,related,training,0.2964810364202688,6,114,466,1,13,0.3252119138233306
S45,W115,unrelated,training,0.9454197977241208,5,90,519,1,14,0.6559358939826502
S45,W116,related,training,0.5722667365127202,5,9,495,1,13,0.3252119138233306
S45,W117,unrelated,training,-0.3562583501967622,6,74,769,1,12,-0.005512066335988933
S45,W118,related,training,0.9249426975480984,4,14,413,1,14,0.6559358939826502
S45,W119,unrelated,training,-0.2589413440745218,7,27,650,1,12,-0.005512066335988933
S45,W120,related,training,-1.6613676983867645,7,94,492,1,7,-1.6591319671325866
S46,W001,related,training,-0.9139392237197596,6,90,536,1,8,-1.328407986973267
S46,W002,unrelated,training,0.1358238092024783,6,41,656,1,15,0.9866598741419697
S46,W003,related,training,0.0968317689390009,5,87,751,1,13,0.3252119138233306
S46,W004,unrelated,training,-1.3047661789528002,8,103,926,1,8,-1.328407986973267
S46,W005,related,training,0.4824205120703297,7,108,763,1,15,0.9866598741419697
S46,W006,unrelated,training,1.5453446713553585,5,91,803,1,18,1.9788318146199282
S46,W007,related,training,-0.6150774716989514,7,31,856,0,8,-1.328407986973267
S46,W008,unrelated,training,0.7371741115453434,5,86,1170,1,14,0.6559358939826502
S46,W009,related,training,0.4367971257492582,5,61,529,1,16,1.3173838543012892
S46,W010,unrelated,training,0.5628372917200654,4,5,570,1,15,0.9866598741419697
S46,W011,related,training,0.0928637611052042,5,4,688,1,16,1.3173838543012892
S46,W012,unrelated,training,-1.017174296547943,7,2,934,1,5,-2.3205799274512255
S46,W013,related,training,-0.1757199187168372,5,12,753,1,13,0.3252119138233306
S46,W014,unrelated,training,-0.4670875917863192,7,83,884,1,10,-0.666960026654628
S46,W015,related,training,0.6376366034140181,4,51,1110,1,13,0.3252119138233306
S46,W016,unrelated,training,0.4758777000006875,6,43,585,1,15,0.9866598741419697
S46,W017,related,training,-1.1004086247447586,7,49,762,1,10,-0.666960026654628
S46,W018,unrelated,training,-0.0732480440826994,5,102,658,1,11,-0.33623604649530847
S46,W019,related,training,0.8377763169382735,5,95,933,1,17,1.6481078344606088
S46,W020,unrelated,training,-0.10953246691453,6,57,499,1,13,0.3252119138233306
S46,W021,related,training,0.1653741913649934,6,37,721,1,11,-0.33623604649530847
S46,W022,unrelated,training,-1.5613246312784643,7,56,1073,1,7,-1.6591319671325866
S46,W023,related,training,1.5516882128257177,4,98,719,1,18,1.9788318146199282
S46,W024,unrelated,training,0.6676736601563552,6,42,756,1,15,0.9866598741419697
S46,W025,related,training,-1.1003524346233824,6,107,869,1,9,-0.9976840068139475
S46,W026,unrelated,training,1.2547311434192785,5,71,708,1,15,0.9866598741419697
S46,W027,related,training,0.2511535240099482,6,27,1109,1,11,-0.33623604649530847
S46,W028,unrelated,training,-0.4744448584528069,6,35,821,0,10,-0.666960026654628
S46,W029,related,training,-0.034955592045138,6,1,880,1,11,-0.33623604649530847
S46,W030,unrelated,training,-1.2168271291729122,6,100,506,1,9,-0.9976840068139475
S46,W031,related,training,0.714619446660419,5,6,908,1,14,0.6559358939826502
S46,W032,unrelated,training,-1.3165830605078477,6,105,668,1,10,-0.666960026654628
S46,W033,related,training,-0.21523491523936,7,94,653,1,12,-0.005512066335988933
S46,W034,unrelated,training,-0.8773992307693209,5,112,574,1,10,-0.666960026654628
S46,W035,related,training,-0.5296422482991268,8,17,658,1,11,-0.33623604649530847
S46,W036,unrelated,training,-0.1884520533183292,7,50,659,1,13,0.3252119138233306
S46,W037,related,training,-1.1890454200315383,10,64,913,1,9,-0.9976840068139475
S46,W038,unrelated,training,0.956289262928874,5,84,655,1,16,1.3173838543012892
S46,W039,related,training,-1.409803501846958,9,24,596,1,9,-0.9976840068139475
S46,W040,unrelated,training,0.0326171911239126,7,73,752,1,14,0.6559358939826502
S46,W041,related,training,2.768124509357714,4,20,408,1,19,2.3095557947792478
S46,W042,unrelated,training,-2.051321246725728,8,116,1027,1,7,-1.6591319671325866
S46,W043,related,training,-0.4642735130186097,7,62,655,1,12,-0.005512066335988933
S46,W044,unrelated,training,-0.074692481078299,5,60,662,1,11,-0.33623604649530847
S46,W045,related,training,-2.8603180515178988,8,32,922,1,2,-3.312751867929184
S46,W046,unrelated,training,0.2765126725847232,6,88,615,1,13,0.3252119138233306
S46,W047,related,training,0.0194756794538221,6,18,1043,1,11,-0.33623604649530847
S46,W048,unrelated,training,0.9901168140194688,6,111,583,1,13,0.3252119138233306
S46,W049,related,training,1.4263582067643383,5,30,730,1,18,1.9788318146199282
S46,W050,unrelated,training,0.2830487228263371,5,104,534,1,16,1.3173838543012892
S46,W051,related,training,0.2912642538060146,5,65,814,1,11,-0.33623604649530847
S46,W052,unrelated,training,0.2221144455622858,6,72,712,1,14,0.6559358939826502
S46,W053,related,training,1.5099166560295276,5,120,711,1,13,0.3252119138233306
S46,W054,unrelated,training,-0.4557117009268119,7,70,717,1,10,-0.666960026654628
S46,W055,related,training,-0.8565905568902926,6,8,1369,1,11,-0.33623604649530847
S46,W056,unrelated,training,-1.5572563778362285,6,66,862,1,8,-1.328407986973267
S46,W057,related,training,-0.9059093384605884,8,15,764,1,9,-0.9976840068139475
S46,W058,unrelated,training,-1.6486942190789142,6,9,554,1,9,-0.9976840068139475
S46,W059,related,training,-0.3001634484294758,6,74,683,1,12,-0.005512066335988933
S46,W060,unrelated,training,-0.4724816193194414,5,96,560,1,12,-0.005512066335988933
S46,W061,related,training,1.7395844656453046,5,44,925,1,19,2.3095557947792478
S46,W062,unrelated,training,1.148113333746188,7,115,617,1,15,0.9866598741419697
S46,W063,related,training,0.0350906934612753,6,25,552,1,15,0.9866598741419697
S46,W064,unrelated,training,1.1068512013196057,4,81,557,1,14,0.6559358939826502
S46,W065,related,training,-0.29377833954959,5,63,552,1,11,-0.33623604649530847
S46,W066,unrelated,training,-0.8621267483079921,6,119,790,1,11,-0.33623604649530847
S46,W067,related,training,-0.8004905870752745,5,79,893,1,9,-0.9976840068139475
S46,W068,unrelated,training,-0.6822716459168946,6,113,613,1,11,-0.33623604649530847
S46,W069,related,training,-2.306145484861042,8,97,978,1,6,-1.9898559472919062
S46,W070,unrelated,training,-0.4692453518743268,6,80,549,1,10,-0.666960026654628
S46,W071,related,training,-0.7186668647491127,7,33,581,1,13,0.3252119138233306
S46,W072,unrelated,training,-1.8666945779672184,6,13,865,1,8,-1.328407986973267
S46,W073,related,training,0.891632901440497,6,77,774,1,15,0.9866598741419697
S46,W074,unrelated,training,0.0035851005184451,7,110,699,1,13,0.3252119138233306
S46,W075,related,training,-0.8296935917886239,8,53,648,1,11,-0.33623604649530847
S46,W076,unrelated,training,0.0063453267125901,6,75,782,1,11,-0.33623604649530847
S46,W077,related,training,-1.3756874142011304,6,117,618,1,7,-1.6591319671325866
S46,W078,unrelated,training,-1.493333612226836,10,55,926,1,8,-1.328407986973267
S46,W079,related,training,0.1139469950564595,6,16,819,1,10,-0.666960026654628
S46,W080,unrelated,training,0.4102184004835469,4,118,367,1,14,0.6559358939826502
S46,W081,related,training,1.1191925348290213,6,26,607,1,17,1.6481078344606088
S46,W082,unrelated,training,-0.0322703529262462,6,34,627,1,11,-0.33623604649530847
S46,W083,related,training,0.1654914468887871,7,10,1294,1,14,0.6559358939826502
S46,W084,unrelated,training,0.8719147743400757,7,99,597,1,12,-0.005512066335988933
S46,W085,related,training,-0.8790583874314196,7,36,545,1,13,0.3252119138233306
S46,W086,unrelated,training,-0.7905740078936522,7,38,650,1,8,-1.328407986973267
S46,W087,related,training,0.5846936512450975,6,40,564,1,12,-0.005512066335988933
S46,W088,unrelated,training,-0.8247875085796271,5,29,575,1,9,-0.9976840068139475
S46,W089,related,training,-1.4798537261722209,8,54,920,1,10,-0.666960026654628
S46,W090,unrelated,training,-0.5298687768050517,7,68,694,1,10,-0.666960026654628
S46,W091,related,training,0.0199958773569514,6,48,630,1,13,0.3252119138233306
S46,W092,unrelated,training,0.8827875457824161,5,69,694,1,16,1.3173838543012892
S46,W093,related,training,-0.3951162220036792,6,52,553,1,11,-0.33623604649530847
S46,W094,unrelated,training,-0.2729766410664055,6,14,632,1,14,0.6559358939826502
S46,W095,related,training,-0.8951685051880719,8,23,789,1,9,-0.9976840068139475
S46,W096,unrelated,training,-0.4092407736087192,8,39,1085,1,11,-0.33623604649530847
S46,W097,related,training,-0.0617302306989816,5,46,856,1,13,0.3252119138233306
S46,W098,unrelated,training,-0.148276360874164,7,67,496,1,12,-0.005512066335988933
S46,W099,related,training,-0.5593352549066585,6,85,692,1,11,-0.33623604649530847
S46,W100,unrelated,training,0.942231995983134,6,11,754,1,14,0.6559358939826502
S46,W101,related,training,-0.4764940879555429,6,3,912,1,11,-0.33623604649530847
S46,W102,unrelated,training,0.2909020541309749,6,76,641,1,12,-0.005512066335988933
S46,W103,related,training,-0.5886379098238127,8,7,741,1,9,-0.9976840068139475
S46,W104,unrelated,training,-0.1214698405936154,5,45,535,1,11,-0.33623604649530847
S46,W105,related,training,0.9039757269248688,7,47,642,1,16,1.3173838543012892
S46,W106,unrelated,training,0.9500663306709668,5,101,674,1,14,0.6559358939826502
S46,W107,related,training,-0.1048038833831658,7,92,715,1,14,0.6559358939826502
S46,W108,unrelated,training,1.0859079831560388,6,58,512,1,17,1.6481078344606088
S46,W109,related,training,1.4716210444039308,4,19,722,1,16,1.3173838543012892
S46,W110,unrelated,training,-0.6985479929330615,5,89,981,1,12,-0.005512066335988933
S46,W111,related,training,0.0810520811925241,6,28,1060,1,12,-0.005512066335988933
S46,W112,unrelated,training,-0.9707136954003068,6,109,593,1,12,-0.005512066335988933
S46,W113,related,training,0.3016402314525866,7,59,503,1,12,-0.005512066335988933
S46,W114,unrelated,training,0.2964810364202688,6,82,749,1,13,0.3252119138233306
S46,W115,related,training,0.9454197977241208,5,106,792,1,14,0.6559358939826502
S46,W116,unrelated,training,0.5722667365127202,5,114,668,1,13,0.3252119138233306
S46,W117,related,training,-0.3562583501967622,6,93,999,1,12,-0.005512066335988933
S46,W118,unrelated,training,0.9249426975480984,4,22,543,1,14,0.6559358939826502
S46,W119,related,training,-0.2589413440745218,7,78,797,1,12,-0.005512066335988933
S46,W120,unrelated,training,-1.6613676983867645,7,21,678,1,7,-1.6591319671325866
S47,W001,unrelated,training,-0.9139392237197596,6,48,762,1,8,-1.328407986973267
S47,W002,related,training,0.1358238092024783,6,96,536,1,15,0.9866598741419697
S47,W003,unrelated,training,0.0968317689390009,5,74,617,1,13,0.3252119138233306
S47,W004,related,training,-1.3047661789528002,8,61,693,1,8,-1.328407986973267
S47,W005,unrelated,training,0.4824205120703297,7,97,695,1,15,0.9866598741419697
S47,W006,related,training,1.5453446713553585,5,35,741,1,18,1.9788318146199282
S47,W007,unrelated,training,-0.6150774716989514,7,119,904,1,8,-1.328407986973267
S47,W008,related,training,0.7371741115453434,5,36,807,1,14,0.6559358939826502
S47,W009,unrelated,training,0.4367971257492582,5,43,391,1,16,1.3173838543012892
S47,W010,related,training,0.5628372917200654,4,45,516,1,15,0.9866598741419697
S47,W011,unrelated,training,0.0928637611052042,5,56,688,1,16,1.3173838543012892
S47,W012,related,training,-1.017174296547943,7,84,760,1,5,-2.3205799274512255
S47,W013,unrelated,training,-0.1757199187168372,5,3,737,1,13,0.3252119138233306
S47,W014,related,training,-0.4670875917863192,7,67,660,1,10,-0.666960026654628
S47,W015,unrelated,training,0.6376366034140181,4,65,800,1,13,0.3252119138233306
S47,W016,related,training,0.4758777000006875,6,14,600,1,15,0.9866598741419697
S47,W017,unrelated,training,-1.1004086247447586,7,85,880,1,10,-0.666960026654628
S47,W018,related,training,-0.0732480440826994,5,88,544,1,11,-0.33623604649530847
S47,W019,unrelated,training,0.8377763169382735,5,118,916,1,17,1.6481078344606088
S47,W020,related,training,-0.10953246691453,6,79,412,1,13,0.3252119138233306
S47,W021,unrelated,training,0.1653741913649934,6,22,731,1,11,-0.33623604649530847
S47,W022,related,training,-1.5613246312784643,7,24,765,0,7,-1.6591319671325866
S47,W023,unrelated,training,1.5516882128257177,4,29,584,1,18,1.9788318146199282
S47,W024,related,training,0.6676736601563552,6,83,657,1,15,0.9866598741419697
S47,W025,unrelated,training,-1.1003524346233824,6,42,840,1,9,-0.9976840068139475
S47,W026,related,training,1.2547311434192785,5,90,625,1,15,0.9866598741419697
S47,W027,unrelated,training,0.2511535240099482,6,59,911,1,11,-0.33623604649530847
S47,W028,related,training,-0.4744448584528069,6,49,602,1,10,-0.666960026654628
S47,W029,unrelated,training,-0.034955592045138,6,8,871,1,11,-0.33623604649530847
S47,W030,related,training,-1.2168271291729122,6,115,465,1,9,-0.9976840068139475
S47,W031,unrelated,training,0.714619446660419,5,92,794,1,14,0.6559358939826502
S47,W032,related,training,-1.3165830605078477,6,30,631,1,10,-0.666960026654628
S47,W033,unrelated,training,-0.21523491523936,7,5,613,1,12,-0.005512066335988933
S47,W034,related,training,-0.8773992307693209,5,37,498,0,10,-0.666960026654628
S47,W035,unrelated,training,-0.5296422482991268,8,13,1163,1,11,-0.33623604649530847
S47,W036,related,training,-0.1884520533183292,7,54,584,1,13,0.3252119138233306
S47,W037,unrelated,training,-1.1890454200315383,10,103,789,1,9,-0.9976840068139475
S47,W038,related,training,0.956289262928874,5,113,552,1,16,1.3173838543012892
S47,W039,unrelated,training,-1.409803501846958,9,105,753,1,9,-0.9976840068139475
S47,W040,related,training,0.0326171911239126,7,101,665,0,14,0.6559358939826502
S47,W041,unrelated,training,2.768124509357714,4,71,349,1,19,2.3095557947792478
S47,W042,related,training,-2.051321246725728,8,38,701,0,7,-1.6591319671325866
S47,W043,unrelated,training,-0.4642735130186097,7,104,655,0,12,-0.005512066335988933
S47,W044,related,training,-0.074692481078299,5,32,688,1,11,-0.33623604649530847
S47,W045,unrelated,training,-2.8603180515178988,8,86,860,0,2,-3.312751867929184
S47,W046,related,training,0.2765126725847232,6,46,626,1,13,0.3252119138233306
S47,W047,unrelated,training,0.0194756794538221,6,10,983,1,11,-0.33623604649530847
S47,W048,related,training,0.9901168140194688,6,41,660,1,13,0.3252119138233306
S47,W049,unrelated,training,1.4263582067643383,5,69,803,1,18,1.9788318146199282
S47,W050,related,training,0.2830487228263371,5,117,447,1,16,1.3173838543012892
S47,W051,unrelated,training,0.2912642538060146,5,21,550,1,11,-0.33623604649530847
S47,W052,related,training,0.2221144455622858,6,53,641,1,14,0.6559358939826502
S47,W053,unrelated,training,1.5099166560295276,5,95,544,0,13,0.3252119138233306
S47,W054,related,training,-0.4557117009268119,7,34,780,1,10,-0.666960026654628
S47,W055,unrelated,training,-0.8565905568902926,6,108,1152,1,11,-0.33623604649530847
S47,W056,related,training,-1.5572563778362285,6,81,814,1,8,-1.328407986973267
S47,W057,unrelated,training,-0.9059093384605884,8,76,596,0,9,-0.9976840068139475
S47,W058,related,training,-1.6486942190789142,6,66,550,1,9,-0.9976840068139475
S47,W059,unrelated,training,-0.3001634484294758,6,33,507,1,12,-0.005512066335988933
S47,W060,related,training,-0.4724816193194414,5,39,561,1,12,-0.005512066335988933
S47,W061,unrelated,training,1.7395844656453046,5,27,732,1,19,2.3095557947792478
S47,W062,related,training,1.148113333746188,7,120,615,1,15,0.9866598741419697
S47,W063,unrelated,training,0.0350906934612753,6,72,607,1,15,0.9866598741419697
S47,W064,related,training,1.1068512013196057,4,20,504,1,14,0.6559358939826502
S47,W065,unrelated,training,-0.29377833954959,5,89,461,1,11,-0.33623604649530847
S47,W066,related,training,-0.8621267483079921,6,94,734,1,11,-0.33623604649530847
S47,W067,unrelated,training,-0.8004905870752745,5,68,925,1,9,-0.9976840068139475
S47,W068,related,training,-0.6822716459168946,6,112,614,1,11,-0.33623604649530847
S47,W069,unrelated,training,-2.306145484861042,8,16,1212,1,6,-1.9898559472919062
S47,W070,related,training,-0.4692453518743268,6,99,630,1,10,-0.666960026654628
S47,W071,unrelated,training,-0.7186668647491127,7,80,728,0,13,0.3252119138233306
S47,W072,related,training,-1.8666945779672184,6,82,827,1,8,-1.328407986973267
S47,W073,unrelated,training,0.891632901440497,6,114,517,1,15,0.9866598741419697
S47,W074,related,training,0.0035851005184451,7,116,611,1,13,0.3252119138233306
S47,W075,unrelated,training,-0.8296935917886239,8,75,817,1,11,-0.33623604649530847
S47,W076,related,training,0.0063453267125901,6,64,690,1,11,-0.33623604649530847
S47,W077,unrelated,training,-1.3756874142011304,6,4,656,1,7,-1.6591319671325866
S47,W078,related,training,-1.493333612226836,10,87,756,1,8,-1.328407986973267
S47,W079,unrelated,training,0.1139469950564595,6,58,722,1,10,-0.666960026654628
S47,W080,related,training,0.4102184004835469,4,25,354,1,14,0.6559358939826502
S47,W081,unrelated,training,1.1191925348290213,6,44,604,1,17,1.6481078344606088
S47,W082,related,training,-0.0322703529262462,6,107,470,1,11,-0.33623604649530847
S47,W083,unrelated,training,0.1654914468887871,7,40,1064,0,14,0.6559358939826502
S47,W084,related,training,0.8719147743400757,7,78,573,1,12,-0.005512066335988933
S47,W085,unrelated,training,-0.8790583874314196,7,6,555,1,13,0.3252119138233306
S47,W086,related,training,-0.7905740078936522,7,31,594,1,8,-1.328407986973267
S47,W087,unrelated,training,0.5846936512450975,6,63,501,1,12,-0.005512066335988933
S47,W088,related,training,-0.8247875085796271,5,60,632,1,9,-0.9976840068139475
S47,W089,unrelated,training,-1.4798537261722209,8,111,856,1,10,-0.666960026654628
S47,W090,related,training,-0.5298687768050517,7,11,737,1,10,-0.666960026654628
S47,W091,unrelated,training,0.0199958773569514,6,51,647,1,13,0.3252119138233306
S47,W092,related,training,0.8827875457824161,5,7,709,1,16,1.3173838543012892
S47,W093,unrelated,training,-0.3951162220036792,6,47,599,0,11,-0.33623604649530847
S47,W094,related,training,-0.2729766410664055,6,23,604,0,14,0.6559358939826502
S47,W095,unrelated,training,-0.8951685051880719,8,26,737,1,9,-0.9976840068139475
S47,W096,related,training,-0.4092407736087192,8,50,1207,1,11,-0.33623604649530847
S47,W097,unrelated,training,-0.0617302306989816,5,28,623,1,13,0.3252119138233306
S47,W098,related,training,-0.148276360874164,7,1,551,1,12,-0.005512066335988933
S47,W099,unrelated,training,-0.5593352549066585,6,109,722,1,11,-0.33623604649530847
S47,W100,related,training,0.942231995983134,6,57,643,1,14,0.6559358939826502
S47,W101,unrelated,training,-0.4764940879555429,6,18,828,0,11,-0.33623604649530847
S47,W102,related,training,0.2909020541309749,6,110,471,1,12,-0.005512066335988933
S47,W103,unrelated,training,-0.5886379098238127,8,2,851,1,9,-0.9976840068139475
S47,W104,related,training,-0.1214698405936154,5,12,465,1,11,-0.33623604649530847
S47,W105,unrelated,training,0.9039757269248688,7,100,581,1,16,1.3173838543012892
S47,W106,related,training,0.9500663306709668,5,77,672,1,14,0.6559358939826502
S47,W107,unrelated,training,-0.1048038833831658,7,62,728,1,14,0.6559358939826502
S47,W108,related,training,1.0859079831560388,6,73,410,1,17,1.6481078344606088
S47,W109,unrelated,training,1.4716210444039308,4,15,576,1,16,1.3173838543012892
S47,W110,related,training,-0.6985479929330615,5,98,917,1,12,-0.005512066335988933
S47,W111,unrelated,training,0.0810520811925241,6,52,911,0,12,-0.005512066335988933
S47,W112,related,training,-0.9707136954003068,6,91,601,1,12,-0.005512066335988933
S47,W113,unrelated,training,0.3016402314525866,7,17,604,1,12,-0.005512066335988933
S47,W114,related,training,0.2964810364202688,6,19,551,1,13,0.3252119138233306
S47,W115,unrelated,training,0.9454197977241208,5,55,536,1,14,0.6559358939826502
S47,W116,related,training,0.5722667365127202,5,102,641,1,13,0.3252119138233306
S47,W117,unrelated,training,-0.3562583501967622,6,106,916,1,12,-0.005512066335988933
S47,W118,related,training,0.9249426975480984,4,93,465,1,14,0.6559358939826502
S47,W119,unrelated,training,-0.2589413440745218,7,9,833,1,12,-0.005512066335988933
S47,W120,related,training,-1.6613676983867645,7,70,549,1,7,-1.6591319671325866
S48,W001,related,training,-0.9139392237197596,6,95,466,1,8,-1.328407986973267
S48,W002,unrelated,training,0.1358238092024783,6,63,452,1,15,0.9866598741419697
S48,W003,related,training,0.0968317689390009,5,14,600,0,13,0.3252119138233306
S48,W004,unrelated,training,-1.3047661789528002,8,19,608,1,8,-1.328407986973267
S48,W005,related,training,0.4824205120703297,7,43,450,1,15,0.9866598741419697
S48,W006,unrelated,training,1.5453446713553585,5,17,638,1,18,1.9788318146199282
S48,W007,related,training,-0.6150774716989514,7,107,750,1,8,-1.328407986973267
S48,W008,unrelated,training,0.7371741115453434,5,103,689,1,14,0.6559358939826502
S48,W009,related,training,0.4367971257492582,5,99,385,1,16,1.3173838543012892
S48,W010,unrelated,training,0.5628372917200654,4,98,444,1,15,0.9866598741419697
S48,W011,related,training,0.0928637611052042,5,83,481,1,16,1.3173838543012892
S48,W012,unrelated,training,-1.017174296547943,7,84,638,1,5,-2.3205799274512255
S48,W013,related,training,-0.1757199187168372,5,113,636,1,13,0.3252119138233306
S48,W014,unrelated,training,-0.4670875917863192,7,69,726,0,10,-0.666960026654628
S48,W015,related,training,0.6376366034140181,4,105,685,1,13,0.3252119138233306
S48,W016,unrelated,training,0.4758777000006875,6,34,495,1,15,0.9866598741419697
S48,W017,related,training,-1.1004086247447586,7,9,666,1,10,-0.666960026654628
S48,W018,unrelated,training,-0.0732480440826994,5,64,615,1,11,-0.33623604649530847
S48,W019,related,training,0.8377763169382735,5,48,648,1,17,1.6481078344606088
S48,W020,unrelated,training,-0.10953246691453,6,12,469,0,13,0.3252119138233306
S48,W021,related,training,0.1653741913649934,6,117,544,1,11,-0.33623604649530847
S48,W022,unrelated,training,-1.5613246312784643,7,45,969,1,7,-1.6591319671325866
S48,W023,related,training,1.5516882128257177,4,27,426,1,18,1.9788318146199282
S48,W024,unrelated,training,0.6676736601563552,6,66,600,1,15,0.9866598741419697
S48,W025,related,training,-1.1003524346233824,6,62,672,1,9,-0.9976840068139475
S48,W026,unrelated,training,1.2547311434192785,5,94,839,1,15,0.9866598741419697
S48,W027,related,training,0.2511535240099482,6,35,724,1,11,-0.33623604649530847
S48,W028,unrelated,training,-0.4744448584528069,6,114,625,1,10,-0.666960026654628
S48,W029,related,training,-0.034955592045138,6,31,629,1,11,-0.33623604649530847
S48,W030,unrelated,training,-1.2168271291729122,6,60,641,1,9,-0.9976840068139475
S48,W031,related,training,0.714619446660419,5,116,605,1,14,0.6559358939826502
S48,W032,unrelated,training,-1.3165830605078477,6,58,755,1,10,-0.666960026654628
S48,W033,related,training,-0.21523491523936,7,6,441,1,12,-0.005512066335988933
S48,W034,unrelated,training,-0.8773992307693209,5,52,537,1,10,-0.666960026654628
S48,W035,related,training,-0.5296422482991268,8,81,730,1,11,-0.33623604649530847
S48,W036,unrelated,training,-0.1884520533183292,7,24,526,0,13,0.3252119138233306
S48,W037,related,training,-1.1890454200315383,10,79,644,1,9,-0.9976840068139475
S48,W038,unrelated,training,0.956289262928874,5,29,549,1,16,1.3173838543012892
S48,W039,related,training,-1.409803501846958,9,38,502,1,9,-0.9976840068139475
S48,W040,unrelated,training,0.0326171911239126,7,92,561,1,14,0.6559358939826502
S48,W041,related,training,2.768124509357714,4,89,326,1,19,2.3095557947792478
S48,W042,unrelated,training,-2.051321246725728,8,23,919,0,7,-1.6591319671325866
S48,W043,related,training,-0.4642735130186097,7,25,509,1,12,-0.005512066335988933
S48,W044,unrelated,training,-0.074692481078299,5,21,508,1,11,-0.33623604649530847
S48,W045,related,training,-2.8603180515178988,8,33,721,1,2,-3.312751867929184
S48,W046,unrelated,training,0.2765126725847232,6,61,598,1,13,0.3252119138233306
S48,W047,related,training,0.0194756794538221,6,59,703,1,11,-0.33623604649530847
S48,W048,unrelated,training,0.9901168140194688,6,22,524,1,13,0.3252119138233306
S48,W049,related,training,1.4263582067643383,5,56,468,1,18,1.9788318146199282
S48,W050,unrelated,training,0.2830487228263371,5,82,512,1,16,1.3173838543012892
S48,W051,related,training,0.2912642538060146,5,10,482,1,11,-0.33623604649530847
S48,W052,unrelated,training,0.2221144455622858,6,118,574,1,14,0.6559358939826502
S48,W053,related,training,1.5099166560295276,5,70,504,1,13,0.3252119138233306
S48,W054,unrelated,training,-0.4557117009268119,7,46,627,1,10,-0.666960026654628
S48,W055,related,training,-0.8565905568902926,6,47,867,1,11,-0.33623604649530847
S48,W056,unrelated,training,-1.5572563778362285,6,39,766,1,8,-1.328407986973267
S48,W057,related,training,-0.9059093384605884,8,90,626,1,9,-0.9976840068139475
S48,W058,unrelated,training,-1.6486942190789142,6,86,478,1,9,-0.9976840068139475
S48,W059,related,training,-0.3001634484294758,6,88,506,1,12,-0.005512066335988933
S48,W060,unrelated,training,-0.4724816193194414,5,44,449,1,12,-0.005512066335988933
S48,W061,related,training,1.7395844656453046,5,108,470,1,19,2.3095557947792478
S48,W062,unrelated,training,1.148113333746188,7,74,380,1,15,0.9866598741419697
S48,W063,related,training,0.0350906934612753,6,11,532,1,15,0.9866598741419697
S48,W064,unrelated,training,1.1068512013196057,4,50,468,1,14,0.6559358939826502
S48,W065,related,training,-0.29377833954959,5,2,482,1,11,-0.33623604649530847
S48,W066,unrelated,training,-0.8621267483079921,6,41,662,1,11,-0.33623604649530847
S48,W067,related,training,-0.8004905870752745,5,30,698,1,9,-0.9976840068139475
S48,W068,unrelated,training,-0.6822716459168946,6,67,542,1,11,-0.33623604649530847
S48,W069,related,training,-2.306145484861042,8,28,890,1,6,-1.9898559472919062
S48,W070,unrelated,training,-0.4692453518743268,6,104,530,1,10,-0.666960026654628
S48,W071,related,training,-0.7186668647491127,7,42,464,1,13,0.3252119138233306
S48,W072,unrelated,training,-1.8666945779672184,6,40,930,1,8,-1.328407986973267
S48,W073,related,training,0.891632901440497,6,73,699,1,15,0.9866598741419697
S48,W074,unrelated,training,0.0035851005184451,7,106,682,1,13,0.3252119138233306
S48,W075,related,training,-0.8296935917886239,8,51,533,1,11,-0.33623604649530847
S48,W076,unrelated,training,0.0063453267125901,6,101,657,0,11,-0.33623604649530847
S48,W077,related,training,-1.3756874142011304,6,54,650,1,7,-1.6591319671325866
S48,W078,unrelated,training,-1.493333612226836,10,100,580,0,8,-1.328407986973267
S48,W079,related,training,0.1139469950564595,6,3,563,1,10,-0.666960026654628
S48,W080,unrelated,training,0.4102184004835469,4,120,313,1,14,0.6559358939826502
S48,W081,related,training,1.1191925348290213,6,5,444,1,17,1.6481078344606088
S48,W082,unrelated,training,-0.0322703529262462,6,68,527,1,11,-0.33623604649530847
S48,W083,related,training,0.1654914468887871,7,102,866,1,14,0.6559358939826502
S48,W084,unrelated,training,0.8719147743400757,7,75,644,1,12,-0.005512066335988933
S48,W085,related,training,-0.8790583874314196,7,26,425,1,13,0.3252119138233306
S48,W086,unrelated,training,-0.7905740078936522,7,115,694,1,8,-1.328407986973267
S48,W087,related,training,0.5846936512450975,6,18,319,1,12,-0.005512066335988933
S48,W088,unrelated,training,-0.8247875085796271,5,72,583,1,9,-0.9976840068139475
S48,W089,related,training,-1.4798537261722209,8,96,598,1,10,-0.666960026654628
S48,W090,unrelated,training,-0.5298687768050517,7,53,709,1,10,-0.666960026654628
S48,W091,related,training,0.0199958773569514,6,57,461,1,13,0.3252119138233306
S48,W092,unrelated,training,0.8827875457824161,5,91,495,1,16,1.3173838543012892
S48,W093,related,training,-0.3951162220036792,6,65,475,1,11,-0.33623604649530847
S48,W094,unrelated,training,-0.2729766410664055,6,32,618,1,14,0.6559358939826502
S48,W095,related,training,-0.8951685051880719,8,76,641,1,9,-0.9976840068139475
S48,W096,unrelated,training,-0.4092407736087192,8,77,870,0,11,-0.33623604649530847
S48,W097,related,training,-0.0617302306989816,5,37,591,1,13,0.3252119138233306
S48,W098,unrelated,training,-0.148276360874164,7,93,475,1,12,-0.005512066335988933
S48,W099,related,training,-0.5593352549066585,6,80,640,1,11,-0.33623604649530847
S48,W100,unrelated,training,0.942231995983134,6,1,714,1,14,0.6559358939826502
S48,W101,related,training,-0.4764940879555429,6,55,820,1,11,-0.33623604649530847
S48,W102,unrelated,training,0.2909020541309749,6,49,526,1,12,-0.005512066335988933
S48,W103,related,training,-0.5886379098238127,8,87,522,1,9,-0.9976840068139475
S48,W104,unrelated,training,-0.1214698405936154,5,8,501,1,11,-0.33623604649530847
S48,W105,related,training,0.9039757269248688,7,7,550,0,16,1.3173838543012892
S48,W106,unrelated,training,0.9500663306709668,5,109,582,1,14,0.6559358939826502
S48,W107,related,training,-0.1048038833831658,7,78,667,1,14,0.6559358939826502
S48,W108,unrelated,training,1.0859079831560388,6,16,473,1,17,1.6481078344606088
S48,W109,related,training,1.4716210444039308,4,112,474,0,16,1.3173838543012892
S48,W110,unrelated,training,-0.6985479929330615,5,97,846,1,12,-0.005512066335988933
S48,W111,related,training,0.0810520811925241,6,119,883,1,12,-0.005512066335988933
S48,W112,unrelated,training,-0.9707136954003068,6,85,599,1,12,-0.005512066335988933
S48,W113,related,training,0.3016402314525866,7,111,428,1,12,-0.005512066335988933
S48,W114,unrelated,training,0.2964810364202688,6,13,586,1,13,0.3252119138233306
S48,W115,related,training,0.9454197977241208,5,110,520,1,14,0.6559358939826502
S48,W116,unrelated,training,0.5722667365127202,5,71,564,1,13,0.3252119138233306
S48,W117,related,training,-0.3562583501967622,6,4,756,1,12,-0.005512066335988933
S48,W118,unrelated,training,0.9249426975480984,4,15,420,1,14,0.6559358939826502
S48,W119,related,training,-0.2589413440745218,7,20,557,1,12,-0.005512066335988933
S48,W120,unrelated,training,-1.6613676983867645,7,36,520,1,7,-1.6591319671325866
S49,W001,unrelated,training,-0.9139392237197596,6,110,673,1,8,-1.328407986973267
S49,W002,related,training,0.1358238092024783,6,93,376,1,15,0.9866598741419697
S49,W003,unrelated,training,0.0968317689390009,5,39,568,1,13,0.3252119138233306
S49,W004,related,training,-1.3047661789528002,8,43,715,1,8,-1.328407986973267
S49,W005,unrelated,training,0.4824205120703297,7,66,626,1,15,0.9866598741419697
S49,W006,related,training,1.5453446713553585,5,23,683,1,18,1.9788318146199282
S49,W007,unrelated,training,-0.6150774716989514,7,68,829,1,8,-1.328407986973267
S49,W008,related,training,0.7371741115453434,5,74,880,1,14,0.6559358939826502
S49,W009,unrelated,training,0.4367971257492582,5,6,537,1,16,1.3173838543012892
S49,W010,related,training,0.5628372917200654,4,80,481,1,15,0.9866598741419697
S49,W011,unrelated,training,0.0928637611052042,5,36,643,1,16,1.3173838543012892
S49,W012,related,training,-1.017174296547943,7,11,767,0,5,-2.3205799274512255
S49,W013,unrelated,training,-0.1757199187168372,5,107,710,1,13,0.3252119138233306
S49,W014,related,training,-0.4670875917863192,7,99,613,1,10,-0.666960026654628
S49,W015,unrelated,training,0.6376366034140181,4,106,867,1,13,0.3252119138233306
S49,W016,related,training,0.4758777000006875,6,2,580,1,15,0.9866598741419697
S49,W017,unrelated,training,-1.1004086247447586,7,52,664,1,10,-0.666960026654628
S49,W018,related,training,-0.0732480440826994,5,78,569,1,11,-0.33623604649530847
S49,W019,unrelated,training,0.8377763169382735,5,7,852,1,17,1.6481078344606088
S49,W020,related,training,-0.10953246691453,6,41,439,1,13,0.3252119138233306
S49,W021,unrelated,training,0.1653741913649934,6,55,529,1,11,-0.33623604649530847
S49,W022,related,training,-1.5613246312784643,7,53,792,1,7,-1.6591319671325866
S49,W023,unrelated,training,1.5516882128257177,4,14,550,1,18,1.9788318146199282
S49,W024,related,training,0.6676736601563552,6,34,660,1,15,0.9866598741419697
S49,W025,unrelated,training,-1.1003524346233824,6,85,858,1,9,-0.9976840068139475
S49,W026,related,training,1.2547311434192785,5,103,727,1,15,0.9866598741419697
S49,W027,unrelated,training,0.2511535240099482,6,29,820,0,11,-0.33623604649530847
S49,W028,related,training,-0.4744448584528069,6,63,724,1,10,-0.666960026654628
S49,W029,unrelated,training,-0.034955592045138,6,88,770,1,11,-0.33623604649530847
S49,W030,related,training,-1.2168271291729122,6,45,448,1,9,-0.9976840068139475
S49,W031,unrelated,training,0.714619446660419,5,91,871,1,14,0.6559358939826502
S49,W032,related,training,-1.3165830605078477,6,79,637,1,10,-0.666960026654628
S49,W033,unrelated,training,-0.21523491523936,7,82,555,1,12,-0.005512066335988933
S49,W034,related,training,-0.8773992307693209,5,3,548,1,10,-0.666960026654628
S49,W035,unrelated,training,-0.5296422482991268,8,114,650,1,11,-0.33623604649530847
S49,W036,related,training,-0.1884520533183292,7,65,426,1,13,0.3252119138233306
S49,W037,unrelated,training,-1.1890454200315383,10,56,851,1,9,-0.9976840068139475
S49,W038,related,training,0.956289262928874,5,61,563,1,16,1.3173838543012892
S49,W039,unrelated,training,-1.409803501846958,9,50,704,1,9,-0.9976840068139475
S49,W040,related,training,0.0326171911239126,7,24,634,1,14,0.6559358939826502
S49,W041,unrelated,training,2.768124509357714,4,62,307,1,19,2.3095557947792478
S49,W042,related,training,-2.051321246725728,8,118,676,1,7,-1.6591319671325866
S49,W043,unrelated,training,-0.4642735130186097,7,120,724,1,12,-0.005512066335988933
S49,W044,related,training,-0.074692481078299,5,25,565,1,11,-0.33623604649530847
S49,W045,unrelated,training,-2.8603180515178988,8,4,722,0,2,-3.312751867929184
S49,W046,related,training,0.2765126725847232,6,21,583,1,13,0.3252119138233306
S49,W047,unrelated,training,0.0194756794538221,6,98,830,1,11,-0.33623604649530847
S49,W048,related,training,0.9901168140194688,6,9,475,1,13,0.3252119138233306
S49,W049,unrelated,training,1.4263582067643383,5,26,647,1,18,1.9788318146199282
S49,W050,related,training,0.2830487228263371,5,13,620,1,16,1.3173838543012892
S49,W051,unrelated,training,0.2912642538060146,5,96,724,1,11,-0.33623604649530847
S49,W052,related,training,0.2221144455622858,6,111,535,1,14,0.6559358939826502
S49,W053,unrelated,training,1.5099166560295276,5,58,554,1,13,0.3252119138233306
S49,W054,related,training,-0.4557117009268119,7,87,651,1,10,-0.666960026654628
S49,W055,unrelated,training,-0.8565905568902926,6,46,830,1,11,-0.33623604649530847
S49,W056,related,training,-1.5572563778362285,6,49,719,1,8,-1.328407986973267
S49,W057,unrelated,training,-0.9059093384605884,8,47,760,1,9,-0.9976840068139475
S49,W058,related,training,-1.6486942190789142,6,72,442,1,9,-0.9976840068139475
S49,W059,unrelated,training,-0.3001634484294758,6,94,745,1,12,-0.005512066335988933
S49,W060,related,training,-0.4724816193194414,5,70,533,1,12,-0.005512066335988933
S49,W061,unrelated,training,1.7395844656453046,5,90,531,1,19,2.3095557947792478
S49,W062,related,training,1.148113333746188,7,10,588,1,15,0.9866598741419697
S49,W063,unrelated,training,0.0350906934612753,6,97,593,1,15,0.9866598741419697
S49,W064,related,training,1.1068512013196057,4,86,443,1,14,0.6559358939826502
S49,W065,unrelated,training,-0.29377833954959,5,116,578,1,11,-0.33623604649530847
S49,W066,related,training,-0.8621267483079921,6,31,552,0,11,-0.33623604649530847
S49,W067,unrelated,training,-0.8004905870752745,5,81,827,1,9,-0.9976840068139475
S49,W068,related,training,-0.6822716459168946,6,119,522,1,11,-0.33623604649530847
S49,W069,unrelated,training,-2.306145484861042,8,28,979,1,6,-1.9898559472919062
S49,W070,related,training,-0.4692453518743268,6,75,623,1,10,-0.666960026654628
S49,W071,unrelated,training,-0.7186668647491127,7,104,565,1,13,0.3252119138233306
S49,W072,related,training,-1.8666945779672184,6,57,663,1,8,-1.328407986973267
S49,W073,unrelated,training,0.891632901440497,6,44,636,1,15,0.9866598741419697
S49,W074,related,training,0.0035851005184451,7,76,556,1,13,0.3252119138233306
S49,W075,unrelated,training,-0.8296935917886239,8,37,685,1,11,-0.33623604649530847
S49,W076,related,training,0.0063453267125901,6,92,566,1,11,-0.33623604649530847
S49,W077,unrelated,training,-1.3756874142011304,6,102,638,1,7,-1.6591319671325866
S49,W078,related,training,-1.493333612226836,10,89,664,1,8,-1.328407986973267
S49,W079,unrelated,training,0.1139469950564595,6,51,716,1,10,-0.666960026654628
S49,W080,related,training,0.4102184004835469,4,15,280,1,14,0.6559358939826502
S49,W081,unrelated,training,1.1191925348290213,6,30,550,1,17,1.6481078344606088
S49,W082,related,training,-0.0322703529262462,6,32,461,1,11,-0.33623604649530847
S49,W083,unrelated,training,0.1654914468887871,7,35,1035,1,14,0.6559358939826502
S49,W084,related,training,0.8719147743400757,7,71,479,1,12,-0.005512066335988933
S49,W085,unrelated,training,-0.8790583874314196,7,1,566,1,13,0.3252119138233306
S49,W086,related,training,-0.7905740078936522,7,42,600,1,8,-1.328407986973267
S49,W087,unrelated,training,0.5846936512450975,6,48,487,1,12,-0.005512066335988933
S49,W088,related,training,-0.8247875085796271,5,83,532,1,9,-0.9976840068139475
S49,W089,unrelated,training,-1.4798537261722209,8,84,829,1,10,-0.666960026654628
S49,W090,related,training,-0.5298687768050517,7,59,616,1,10,-0.666960026654628
S49,W091,unrelated,training,0.0199958773569514,6,109,626,0,13,0.3252119138233306
S49,W092,related,training,0.8827875457824161,5,67,475,1,16,1.3173838543012892
S49,W093,unrelated,training,-0.3951162220036792,6,60,622,1,11,-0.33623604649530847
S49,W094,related,training,-0.2729766410664055,6,108,667,1,14,0.6559358939826502
S49,W095,unrelated,training,-0.8951685051880719,8,33,802,1,9,-0.9976840068139475
S49,W096,related,training,-0.4092407736087192,8,18,764,1,11,-0.33623604649530847
S49,W097,unrelated,training,-0.0617302306989816,5,8,820,1,13,0.3252119138233306
S49,W098,related,training,-0.148276360874164,7,113,510,1,12,-0.005512066335988933
S49,W099,unrelated,training,-0.5593352549066585,6,12,955,1,11,-0.33623604649530847
S49,W100,related,training,0.942231995983134,6,73,587,1,14,0.6559358939826502
S49,W101,unrelated,training,-0.4764940879555429,6,16,734,1,11,-0.33623604649530847
S49,W102,related,training,0.2909020541309749,6,112,607,1,12,-0.005512066335988933
S49,W103,unrelated,training,-0.5886379098238127,8,40,564,1,9,-0.9976840068139475
S49,W104,related,training,-0.1214698405936154,5,38,562,1,11,-0.33623604649530847
S49,W105,unrelated,training,0.9039757269248688,7,69,656,1,16,1.3173838543012892
S49,W106,related,training,0.9500663306709668,5,105,613,1,14,0.6559358939826502
S49,W107,unrelated,training,-0.1048038833831658,7,77,666,1,14,0.6559358939826502
S49,W108,related,training,1.0859079831560388,6,100,424,1,17,1.6481078344606088
S49,W109,unrelated,training,1.4716210444039308,4,54,668,1,16,1.3173838543012892
S49,W110,related,training,-0.6985479929330615,5,95,768,1,12,-0.005512066335988933
S49,W111,unrelated,training,0.0810520811925241,6,20,916,1,12,-0.005512066335988933
S49,W112,related,training,-0.9707136954003068,6,19,663,1,12,-0.005512066335988933
S49,W113,unrelated,training,0.3016402314525866,7,101,547,1,12,-0.005512066335988933
S49,W114,related,training,0.2964810364202688,6,5,600,1,13,0.3252119138233306
S49,W115,unrelated,training,0.9454197977241208,5,17,553,1,14,0.6559358939826502
S49,W116,related,training,0.5722667365127202,5,22,507,1,13,0.3252119138233306
S49,W117,unrelated,training,-0.3562583501967622,6,27,755,1,12,-0.005512066335988933
S49,W118,related,training,0.9249426975480984,4,117,385,1,14,0.6559358939826502
S49,W119,unrelated,training,-0.2589413440745218,7,115,744,1,12,-0.005512066335988933
S49,W120,related,training,-1.6613676983867645,7,64,629,1,7,-1.6591319671325866
S50,W001,related,training,-0.9139392237197596,6,113,629,1,8,-1.328407986973267
S50,W002,unrelated,training,0.1358238092024783,6,37,595,0,15,0.9866598741419697
S50,W003,related,training,0.0968317689390009,5,116,737,1,13,0.3252119138233306
S50,W004,unrelated,training,-1.3047661789528002,8,39,675,1,8,-1.328407986973267
S50,W005,related,training,0.4824205120703297,7,66,654,1,15,0.9866598741419697
S50,W006,unrelated,training,1.5453446713553585,5,42,712,1,18,1.9788318146199282
S50,W007,related,training,-0.6150774716989514,7,16,880,1,8,-1.328407986973267
S50,W008,unrelated,training,0.7371741115453434,5,97,751,1,14,0.6559358939826502
S50,W009,related,training,0.4367971257492582,5,75,439,1,16,1.3173838543012892
S50,W010,unrelated,training,0.5628372917200654,4,93,489,1,15,0.9866598741419697
S50,W011,related,training,0.0928637611052042,5,36,596,1,16,1.3173838543012892
S50,W012,unrelated,training,-1.017174296547943,7,103,653,1,5,-2.3205799274512255
S50,W013,related,training,-0.1757199187168372,5,108,656,1,13,0.3252119138233306
S50,W014,unrelated,training,-0.4670875917863192,7,34,765,1,10,-0.666960026654628
S50,W015,related,training,0.6376366034140181,4,44,1029,1,13,0.3252119138233306
S50,W016,unrelated,training,0.4758777000006875,6,70,671,1,15,0.9866598741419697
S50,W017,related,training,-1.1004086247447586,7,88,776,1,10,-0.666960026654628
S50,W018,unrelated,training,-0.0732480440826994,5,50,550,1,11,-0.33623604649530847
S50,W019,related,training,0.8377763169382735,5,49,635,1,17,1.6481078344606088
S50,W020,unrelated,training,-0.10953246691453,6,76,517,1,13,0.3252119138233306
S50,W021,related,training,0.1653741913649934,6,53,665,1,11,-0.33623604649530847
S50,W022,unrelated,training,-1.5613246312784643,7,11,853,0,7,-1.6591319671325866
S50,W023,related,training,1.5516882128257177,4,109,554,1,18,1.9788318146199282
S50,W024,unrelated,training,0.6676736601563552,6,98,804,1,15,0.9866598741419697
S50,W025,related,training,-1.1003524346233824,6,2,977,1,9,-0.9976840068139475
S50,W026,unrelated,training,1.2547311434192785,5,4,955,1,15,0.9866598741419697
S50,W027,related,training,0.2511535240099482,6,10,1107,1,11,-0.33623604649530847
S50,W028,unrelated,training,-0.4744448584528069,6,51,614,1,10,-0.666960026654628
S50,W029,related,training,-0.034955592045138,6,86,867,0,11,-0.33623604649530847
S50,W030,unrelated,training,-1.2168271291729122,6,30,610,1,9,-0.9976840068139475
S50,W031,related,training,0.714619446660419,5,91,828,1,14,0.6559358939826502
S50,W032,unrelated,training,-1.3165830605078477,6,48,778,1,10,-0.666960026654628
S50,W033,related,training,-0.21523491523936,7,47,630,1,12,-0.005512066335988933
S50,W034,unrelated,training,-0.8773992307693209,5,52,604,1,10,-0.666960026654628
S50,W035,related,training,-0.5296422482991268,8,85,735,1,11,-0.33623604649530847
S50,W036,unrelated,training,-0.1884520533183292,7,57,591,1,13,0.3252119138233306
S50,W037,related,training,-1.1890454200315383,10,31,686,1,9,-0.9976840068139475
S50,W038,unrelated,training,0.956289262928874,5,104,515,1,16,1.3173838543012892
S50,W039,related,training,-1.409803501846958,9,55,512,1,9,-0.9976840068139475
S50,W040,unrelated,training,0.0326171911239126,7,114,621,1,14,0.6559358939826502
S50,W041,related,training,2.768124509357714,4,60,382,1,19,2.3095557947792478
S50,W042,unrelated,training,-2.051321246725728,8,43,786,1,7,-1.6591319671325866
S50,W043,related,training,-0.4642735130186097,7,68,709,1,12,-0.005512066335988933
S50,W044,unrelated,training,-0.074692481078299,5,65,840,1,11,-0.33623604649530847
S50,W045,related,training,-2.8603180515178988,8,9,762,1,2,-3.312751867929184
S50,W046,unrelated,training,0.2765126725847232,6,6,590,1,13,0.3252119138233306
S50,W047,related,training,0.0194756794538221,6,18,805,1,11,-0.33623604649530847
S50,W048,unrelated,training,0.9901168140194688,6,32,480,1,13,0.3252119138233306
S50,W049,related,training,1.4263582067643383,5,73,582,1,18,1.9788318146199282
S50,W050,unrelated,training,0.2830487228263371,5,45,576,1,16,1.3173838543012892
S50,W051,related,training,0.2912642538060146,5,79,675,1,11,-0.33623604649530847
S50,W052,unrelated,training,0.2221144455622858,6,7,711,1,14,0.6559358939826502
S50,W053,related,training,1.5099166560295276,5,82,665,1,13,0.3252119138233306
S50,W054,unrelated,training,-0.4557117009268119,7,87,725,1,10,-0.666960026654628
S50,W055,related,training,-0.8565905568902926,6,80,1092,1,11,-0.33623604649530847
S50,W056,unrelated,training,-1.5572563778362285,6,38,785,1,8,-1.328407986973267
S50,W057,related,training,-0.9059093384605884,8,59,637,0,9,-0.9976840068139475
S50,W058,unrelated,training,-1.6486942190789142,6,5,549,1,9,-0.9976840068139475
S50,W059,related,training,-0.3001634484294758,6,56,569,1,12,-0.005512066335988933
S50,W060,unrelated,training,-0.4724816193194414,5,35,617,1,12,-0.005512066335988933
S50,W061,related,training,1.7395844656453046,5,3,651,1,19,2.3095557947792478
S50,W062,unrelated,training,1.148113333746188,7,19,591,1,15,0.9866598741419697
S50,W063,related,training,0.0350906934612753,6,111,542,1,15,0.9866598741419697
S50,W064,unrelated,training,1.1068512013196057,4,77,512,1,14,0.6559358939826502
S50,W065,related,training,-0.29377833954959,5,115,482,1,11,-0.33623604649530847
S50,W066,unrelated,training,-0.8621267483079921,6,99,600,1,11,-0.33623604649530847
S50,W067,related,training,-0.8004905870752745,5,67,791,1,9,-0.9976840068139475
S50,W068,unrelated,training,-0.6822716459168946,6,95,600,1,11,-0.33623604649530847
S50,W069,related,training,-2.306145484861042,8,13,981,1,6,-1.9898559472919062
S50,W070,unrelated,training,-0.4692453518743268,6,100,631,1,10,-0.666960026654628
S50,W071,related,training,-0.7186668647491127,7,26,595,1,13,0.3252119138233306
S50,W072,unrelated,training,-1.8666945779672184,6,1,891,1,8,-1.328407986973267
S50,W073,related,training,0.891632901440497,6,74,792,1,15,0.9866598741419697
S50,W074,unrelated,training,0.0035851005184451,7,107,499,1,13,0.3252119138233306
S50,W075,related,training,-0.8296935917886239,8,83,651,1,11,-0.33623604649530847
S50,W076,unrelated,training,0.0063453267125901,6,17,584,1,11,-0.33623604649530847
S50,W077,related,training,-1.3756874142011304,6,41,691,1,7,-1.6591319671325866
S50,W078,unrelated,training,-1.493333612226836,10,94,744,1,8,-1.328407986973267
S50,W079,related,training,0.1139469950564595,6,61,681,1,10,-0.666960026654628
S50,W080,unrelated,training,0.4102184004835469,4,119,333,1,14,0.6559358939826502
S50,W081,related,training,1.1191925348290213,6,20,566,1,17,1.6481078344606088
S50,W082,unrelated,training,-0.0322703529262462,6,117,539,1,11,-0.33623604649530847
S50,W083,related,training,0.1654914468887871,7,15,1143,1,14,0.6559358939826502
S50,W084,unrelated,training,0.8719147743400757,7,40,589,1,12,-0.005512066335988933
S50,W085,related,training,-0.8790583874314196,7,28,528,1,13,0.3252119138233306
S50,W086,unrelated,training,-0.7905740078936522,7,92,673,1,8,-1.328407986973267
S50,W087,related,training,0.5846936512450975,6,63,502,1,12,-0.005512066335988933
S50,W088,unrelated,training,-0.8247875085796271,5,106,645,1,9,-0.9976840068139475
S50,W089,related,training,-1.4798537261722209,8,78,792,1,10,-0.666960026654628
S50,W090,unrelated,training,-0.5298687768050517,7,112,634,1,10,-0.666960026654628
S50,W091,related,training,0.0199958773569514,6,8,584,1,13,0.3252119138233306
S50,W092,unrelated,training,0.8827875457824161,5,118,480,1,16,1.3173838543012892
S50,W093,related,training,-0.3951162220036792,6,24,542,1,11,-0.33623604649530847
S50,W094,unrelated,training,-0.2729766410664055,6,27,709,1,14,0.6559358939826502
S50,W095,related,training,-0.8951685051880719,8,89,753,1,9,-0.9976840068139475
S50,W096,unrelated,training,-0.4092407736087192,8,101,891,1,11,-0.33623604649530847
S50,W097,related,training,-0.0617302306989816,5,64,669,1,13,0.3252119138233306
S50,W098,unrelated,training,-0.148276360874164,7,69,545,1,12,-0.005512066335988933
S50,W099,related,training,-0.5593352549066585,6,72,830,1,11,-0.33623604649530847
S50,W100,unrelated,training,0.942231995983134,6,14,645,1,14,0.6559358939826502
S50,W101,related,training,-0.4764940879555429,6,25,787,1,11,-0.33623604649530847
S50,W102,unrelated,training,0.2909020541309749,6,102,563,1,12,-0.005512066335988933
S50,W103,related,training,-0.5886379098238127,8,62,727,1,9,-0.9976840068139475
S50,W104,unrelated,training,-0.1214698405936154,5,58,434,1,11,-0.33623604649530847
S50,W105,related,training,0.9039757269248688,7,33,734,1,16,1.3173838543012892
S50,W106,unrelated,training,0.9500663306709668,5,81,711,1,14,0.6559358939826502
S50,W107,related,training,-0.1048038833831658,7,46,625,1,14,0.6559358939826502
S50,W108,unrelated,training,1.0859079831560388,6,96,427,1,17,1.6481078344606088
S50,W109,related,training,1.4716210444039308,4,21,583,1,16,1.3173838543012892
S50,W110,unrelated,training,-0.6985479929330615,5,120,940,1,12,-0.005512066335988933
S50,W111,related,training,0.0810520811925241,6,22,1005,0,12,-0.005512066335988933
S50,W112,unrelated,training,-0.9707136954003068,6,84,760,1,12,-0.005512066335988933
S50,W113,related,training,0.3016402314525866,7,71,621,1,12,-0.005512066335988933
S50,W114,unrelated,training,0.2964810364202688,6,29,554,1,13,0.3252119138233306
S50,W115,related,training,0.9454197977241208,5,54,636,1,14,0.6559358939826502
S50,W116,unrelated,training,0.5722667365127202,5,105,592,1,13,0.3252119138233306
S50,W117,related,training,-0.3562583501967622,6,90,792,1,12,-0.005512066335988933
S50,W118,unrelated,training,0.9249426975480984,4,110,485,1,14,0.6559358939826502
S50,W119,related,training,-0.2589413440745218,7,12,771,1,12,-0.005512066335988933
S50,W120,unrelated,training,-1.6613676983867645,7,23,636,0,7,-1.6591319671325866
S51,W001,unrelated,training,-0.9139392237197596,6,113,550,1,8,-1.328407986973267
S51,W002,related,training,0.1358238092024783,6,95,482,0,15,0.9866598741419697
S51,W003,unrelated,training,0.0968317689390009,5,57,492,1,13,0.3252119138233306
S51,W004,related,training,-1.3047661789528002,8,67,510,1,8,-1.328407986973267
S51,W005,unrelated,training,0.4824205120703297,7,84,622,1,15,0.9866598741419697
S51,W006,related,training,1.5453446713553585,5,102,603,1,18,1.9788318146199282
S51,W007,unrelated,training,-0.6150774716989514,7,74,726,0,8,-1.328407986973267
S51,W008,related,training,0.7371741115453434,5,63,833,1,14,0.6559358939826502
S51,W009,unrelated,training,0.4367971257492582,5,3,442,0,16,1.3173838543012892
S51,W010,related,training,0.5628372917200654,4,120,446,1,15,0.9866598741419697
S51,W011,unrelated,training,0.0928637611052042,5,7,718,1,16,1.3173838543012892
S51,W012,related,training,-1.017174296547943,7,85,723,1,5,-2.3205799274512255
S51,W013,unrelated,training,-0.1757199187168372,5,14,507,1,13,0.3252119138233306
S51,W014,related,training,-0.4670875917863192,7,32,579,1,10,-0.666960026654628
S51,W015,unrelated,training,0.6376366034140181,4,77,603,1,13,0.3252119138233306
S51,W016,related,training,0.4758777000006875,6,30,582,1,15,0.9866598741419697
S51,W017,unrelated,training,-1.1004086247447586,7,29,823,1,10,-0.666960026654628
S51,W018,related,training,-0.0732480440826994,5,94,667,1,11,-0.33623604649530847
S51,W019,unrelated,training,0.8377763169382735,5,78,808,1,17,1.6481078344606088
S51,W020,related,training,-0.10953246691453,6,59,351,0,13,0.3252119138233306
S51,W021,unrelated,training,0.1653741913649934,6,101,669,0,11,-0.33623604649530847
S51,W022,related,training,-1.5613246312784643,7,103,826,1,7,-1.6591319671325866
S51,W023,unrelated,training,1.5516882128257177,4,36,465,1,18,1.9788318146199282
S51,W024,related,training,0.6676736601563552,6,89,649,1,15,0.9866598741419697
S51,W025,unrelated,training,-1.1003524346233824,6,18,702,1,9,-0.9976840068139475
S51,W026,related,training,1.2547311434192785,5,53,936,1,15,0.9866598741419697
S51,W027,unrelated,training,0.2511535240099482,6,106,1077,0,11,-0.33623604649530847
S51,W028,related,training,-0.4744448584528069,6,72,671,0,10,-0.666960026654628
S51,W029,unrelated,training,-0.034955592045138,6,90,649,1,11,-0.33623604649530847
S51,W030,related,training,-1.2168271291729122,6,79,408,1,9,-0.9976840068139475
S51,W031,unrelated,training,0.714619446660419,5,75,816,1,14,0.6559358939826502
S51,W032,related,training,-1.3165830605078477,6,112,639,1,10,-0.666960026654628
S51,W033,unrelated,training,-0.21523491523936,7,114,641,1,12,-0.005512066335988933
S51,W034,related,training,-0.8773992307693209,5,47,510,1,10,-0.666960026654628
S51,W035,unrelated,training,-0.5296422482991268,8,25,632,0,11,-0.33623604649530847
S51,W036,related,training,-0.1884520533183292,7,46,468,1,13,0.3252119138233306
S51,W037,unrelated,training,-1.1890454200315383,10,49,628,1,9,-0.9976840068139475
S51,W038,related,training,0.956289262928874,5,52,558,1,16,1.3173838543012892
S51,W039,unrelated,training,-1.409803501846958,9,58,519,1,9,-0.9976840068139475
S51,W040,related,training,0.0326171911239126,7,107,711,1,14,0.6559358939826502
S51,W041,unrelated,training,2.768124509357714,4,8,271,1,19,2.3095557947792478
S51,W042,related,training,-2.051321246725728,8,80,698,0,7,-1.6591319671325866
S51,W043,unrelated,training,-0.4642735130186097,7,109,596,1,12,-0.005512066335988933
S51,W044,related,training,-0.074692481078299,5,86,640,0,11,-0.33623604649530847
S51,W045,unrelated,training,-2.8603180515178988,8,37,721,0,2,-3.312751867929184
S51,W046,related,training,0.2765126725847232,6,13,595,1,13,0.3252119138233306
S51,W047,unrelated,training,0.0194756794538221,6,20,894,1,11,-0.33623604649530847
S51,W048,related,training,0.9901168140194688,6,19,564,1,13,0.3252119138233306
S51,W049,unrelated,training,1.4263582067643383,5,41,546,0,18,1.9788318146199282
S51,W050,related,training,0.2830487228263371,5,26,429,1,16,1.3173838543012892
S51,W051,unrelated,training,0.2912642538060146,5,65,570,0,11,-0.33623604649530847
S51,W052,related,training,0.2221144455622858,6,5,561,1,14,0.6559358939826502
S51,W053,unrelated,training,1.5099166560295276,5,116,542,1,13,0.3252119138233306
S51,W054,related,training,-0.4557117009268119,7,93,659,1,10,-0.666960026654628
S51,W055,unrelated,training,-0.8565905568902926,6,34,1071,1,11,-0.33623604649530847
S51,W056,related,training,-1.5572563778362285,6,2,691,1,8,-1.328407986973267
S51,W057,unrelated,training,-0.9059093384605884,8,21,611,1,9,-0.9976840068139475
S51,W058,related,training,-1.6486942190789142,6,54,512,1,9,-0.9976840068139475
S51,W059,unrelated,training,-0.3001634484294758,6,82,523,1,12,-0.005512066335988933
S51,W060,related,training,-0.4724816193194414,5,111,448,1,12,-0.005512066335988933
S51,W061,unrelated,training,1.7395844656453046,5,23,593,1,19,2.3095557947792478
S51,W062,related,training,1.148113333746188,7,66,480,0,15,0.9866598741419697
S51,W063,unrelated,training,0.0350906934612753,6,88,567,1,15,0.9866598741419697
S51,W064,related,training,1.1068512013196057,4,56,388,1,14,0.6559358939826502
S51,W065,unrelated,training,-0.29377833954959,5,76,517,1,11,-0.33623604649530847
S51,W066,related,training,-0.8621267483079921,6,60,467,0,11,-0.33623604649530847
S51,W067,unrelated,training,-0.8004905870752745,5,43,762,1,9,-0.9976840068139475
S51,W068,related,training,-0.6822716459168946,6,35,556,1,11,-0.33623604649530847
S51,W069,unrelated,training,-2.306145484861042,8,119,901,0,6,-1.9898559472919062
S51,W070,related,training,-0.4692453518743268,6,100,558,1,10,-0.666960026654628
S51,W071,unrelated,training,-0.7186668647491127,7,1,547,1,13,0.3252119138233306
S51,W072,related,training,-1.8666945779672184,6,118,966,1,8,-1.328407986973267
S51,W073,unrelated,training,0.891632901440497,6,17,610,1,15,0.9866598741419697
S51,W074,related,training,0.0035851005184451,7,69,597,1,13,0.3252119138233306
S51,W075,unrelated,training,-0.8296935917886239,8,40,698,1,11,-0.33623604649530847
S51,W076,related,training,0.0063453267125901,6,81,554,1,11,-0.33623604649530847
S51,W077,unrelated,training,-1.3756874142011304,6,99,785,1,7,-1.6591319671325866
S51,W078,related,training,-1.493333612226836,10,108,720,0,8,-1.328407986973267
S51,W079,unrelated,training,0.1139469950564595,6,22,669,0,10,-0.666960026654628
S51,W080,related,training,0.4102184004835469,4,6,343,1,14,0.6559358939826502
S51,W081,unrelated,training,1.1191925348290213,6,9,420,1,17,1.6481078344606088
S51,W082,related,training,-0.0322703529262462,6,105,445,1,11,-0.33623604649530847
S51,W083,unrelated,training,0.1654914468887871,7,98,861,1,14,0.6559358939826502
S51,W084,related,training,0.8719147743400757,7,83,667,1,12,-0.005512066335988933
S51,W085,unrelated,training,-0.8790583874314196,7,87,436,1,13,0.3252119138233306
S51,W086,related,training,-0.7905740078936522,7,39,572,1,8,-1.328407986973267
S51,W087,unrelated,training,0.5846936512450975,6,117,320,1,12,-0.005512066335988933
S51,W088,related,training,-0.8247875085796271,5,55,602,1,9,-0.9976840068139475
S51,W089,unrelated,training,-1.4798537261722209,8,68,565,1,10,-0.666960026654628
S51,W090,related,training,-0.5298687768050517,7,42,691,1,10,-0.666960026654628
S51,W091,unrelated,training,0.0199958773569514,6,45,482,1,13,0.3252119138233306
S51,W092,related,training,0.8827875457824161,5,12,510,1,16,1.3173838543012892
S51,W093,unrelated,training,-0.3951162220036792,6,104,520,1,11,-0.33623604649530847
S51,W094,related,training,-0.2729766410664055,6,4,663,1,14,0.6559358939826502
S51,W095,unrelated,training,-0.8951685051880719,8,27,646,0,9,-0.9976840068139475
S51,W096,related,training,-0.4092407736087192,8,15,950,1,11,-0.33623604649530847
S51,W097,unrelated,training,-0.0617302306989816,5,71,465,1,13,0.3252119138233306
S51,W098,related,training,-0.148276360874164,7,31,498,1,12,-0.005512066335988933
S51,W099,unrelated,training,-0.5593352549066585,6,38,613,1,11,-0.33623604649530847
S51,W100,related,training,0.942231995983134,6,44,638,1,14,0.6559358939826502
S51,W101,unrelated,training,-0.4764940879555429,6,92,740,1,11,-0.33623604649530847
S51,W102,related,training,0.2909020541309749,6,96,586,1,12,-0.005512066335988933
S51,W103,unrelated,training,-0.5886379098238127,8,61,709,1,9,-0.9976840068139475
S51,W104,related,training,-0.1214698405936154,5,11,451,0,11,-0.33623604649530847
S51,W105,unrelated,training,0.9039757269248688,7,62,555,1,16,1.3173838543012892
S51,W106,related,training,0.9500663306709668,5,73,648,1,14,0.6559358939826502
S51,W107,unrelated,training,-0.1048038833831658,7,51,605,1,14,0.6559358939826502
S51,W108,related,training,1.0859079831560388,6,91,472,1,17,1.6481078344606088
S51,W109,unrelated,training,1.4716210444039308,4,115,566,1,16,1.3173838543012892
S51,W110,related,training,-0.6985479929330615,5,28,735,0,12,-0.005512066335988933
S51,W111,unrelated,training,0.0810520811925241,6,50,1046,1,12,-0.005512066335988933
S51,W112,related,training,-0.9707136954003068,6,33,650,0,12,-0.005512066335988933
S51,W113,unrelated,training,0.3016402314525866,7,97,467,1,12,-0.005512066335988933
S51,W114,related,training,0.2964810364202688,6,64,520,1,13,0.3252119138233306
S51,W115,unrelated,training,0.9454197977241208,5,110,562,1,14,0.6559358939826502
S51,W116,related,training,0.5722667365127202,5,10,688,0,13,0.3252119138233306
S51,W117,unrelated,training,-0.3562583501967622,6,24,776,0,12,-0.005512066335988933
S51,W118,related,training,0.9249426975480984,4,70,356,0,14,0.6559358939826502
S51,W119,unrelated,training,-0.2589413440745218,7,16,647,1,12,-0.005512066335988933
S51,W120,related,training,-1.6613676983867645,7,48,422,0,7,-1.6591319671325866
S52,W001,related,training,-0.9139392237197596,6,61,855,1,8,-1.328407986973267
S52,W002,unrelated,training,0.1358238092024783,6,95,776,1,15,0.9866598741419697
S52,W003,related,training,0.0968317689390009,5,100,758,1,13,0.3252119138233306
S52,W004,unrelated,training,-1.3047661789528002,8,55,812,1,8,-1.328407986973267
S52,W005,related,training,0.4824205120703297,7,26,782,1,15,0.9866598741419697
S52,W006,unrelated,training,1.5453446713553585,5,92,838,1,18,1.9788318146199282
S52,W007,related,training,-0.6150774716989514,7,112,1004,1,8,-1.328407986973267
S52,W008,unrelated,training,0.7371741115453434,5,85,1087,1,14,0.6559358939826502
S52,W009,related,training,0.4367971257492582,5,89,534,1,16,1.3173838543012892
S52,W010,unrelated,training,0.5628372917200654,4,69,597,1,15,0.9866598741419697
S52,W011,related,training,0.0928637611052042,5,21,721,1,16,1.3173838543012892
S52,W012,unrelated,training,-1.017174296547943,7,14,803,1,5,-2.3205799274512255
S52,W013,related,training,-0.1757199187168372,5,68,703,1,13,0.3252119138233306
S52,W014,unrelated,training,-0.4670875917863192,7,118,929,1,10,-0.666960026654628
S52,W015,related,training,0.6376366034140181,4,63,1012,1,13,0.3252119138233306
S52,W016,unrelated,training,0.4758777000006875,6,113,665,1,15,0.9866598741419697
S52,W017,related,training,-1.1004086247447586,7,91,849,1,10,-0.666960026654628
S52,W018,unrelated,training,-0.0732480440826994,5,10,711,1,11,-0.33623604649530847
S52,W019,related,training,0.8377763169382735,5,96,1001,1,17,1.6481078344606088
S52,W020,unrelated,training,-0.10953246691453,6,103,463,1,13,0.3252119138233306
S52,W021,related,training,0.1653741913649934,6,16,647,1,11,-0.33623604649530847
S52,W022,unrelated,training,-1.5613246312784643,7,31,1283,0,7,-1.6591319671325866
S52,W023,related,training,1.5516882128257177,4,88,766,1,18,1.9788318146199282
S52,W024,unrelated,training,0.6676736601563552,6,70,988,1,15,0.9866598741419697
S52,W025,related,training,-1.1003524346233824,6,66,1021,0,9,-0.9976840068139475
S52,W026,unrelated,training,1.2547311434192785,5,24,966,1,15,0.9866598741419697
S52,W027,related,training,0.2511535240099482,6,81,946,1,11,-0.33623604649530847
S52,W028,unrelated,training,-0.4744448584528069,6,35,866,1,10,-0.666960026654628
S52,W029,related,training,-0.034955592045138,6,93,1148,1,11,-0.33623604649530847
S52,W030,unrelated,training,-1.2168271291729122,6,3,683,1,9,-0.9976840068139475
S52,W031,related,training,0.714619446660419,5,86,1071,1,14,0.6559358939826502
S52,W032,unrelated,training,-1.3165830605078477,6,120,1007,1,10,-0.666960026654628
S52,W033,related,training,-0.21523491523936,7,84,776,1,12,-0.005512066335988933
S52,W034,unrelated,training,-0.8773992307693209,5,77,773,1,10,-0.666960026654628
S52,W035,related,training,-0.5296422482991268,8,29,949,1,11,-0.33623604649530847
S52,W036,unrelated,training,-0.1884520533183292,7,12,615,1,13,0.3252119138233306
S52,W037,related,training,-1.1890454200315383,10,41,852,1,9,-0.9976840068139475
S52,W038,unrelated,training,0.956289262928874,5,20,885,1,16,1.3173838543012892
S52,W039,related,training,-1.409803501846958,9,38,789,1,9,-0.9976840068139475
S52,W040,unrelated,training,0.0326171911239126,7,9,817,1,14,0.6559358939826502
S52,W041,related,training,2.768124509357714,4,83,405,1,19,2.3095557947792478
S52,W042,unrelated,training,-2.051321246725728,8,94,949,0,7,-1.6591319671325866
S52,W043,related,training,-0.4642735130186097,7,44,773,1,12,-0.005512066335988933
S52,W044,unrelated,training,-0.074692481078299,5,43,723,1,11,-0.33623604649530847
S52,W045,related,training,-2.8603180515178988,8,19,942,1,2,-3.312751867929184
S52,W046,unrelated,training,0.2765126725847232,6,105,789,1,13,0.3252119138233306
S52,W047,related,training,0.0194756794538221,6,80,1053,1,11,-0.33623604649530847
S52,W048,unrelated,training,0.9901168140194688,6,72,714,1,13,0.3252119138233306
S52,W049,related,training,1.4263582067643383,5,40,777,1,18,1.9788318146199282
S52,W050,unrelated,training,0.2830487228263371,5,67,824,1,16,1.3173838543012892
S52,W051,related,training,0.2912642538060146,5,76,920,1,11,-0.33623604649530847
S52,W052,unrelated,training,0.2221144455622858,6,117,722,1,14,0.6559358939826502
S52,W053,related,training,1.5099166560295276,5,54,877,1,13,0.3252119138233306
S52,W054,unrelated,training,-0.4557117009268119,7,25,917,1,10,-0.666960026654628
S52,W055,related,training,-0.8565905568902926,6,106,1324,1,11,-0.33623604649530847
S52,W056,unrelated,training,-1.5572563778362285,6,109,1082,1,8,-1.328407986973267
S52,W057,related,training,-0.9059093384605884,8,104,622,1,9,-0.9976840068139475
S52,W058,unrelated,training,-1.6486942190789142,6,6,690,0,9,-0.9976840068139475
S52,W059,related,training,-0.3001634484294758,6,15,726,1,12,-0.005512066335988933
S52,W060,unrelated,training,-0.4724816193194414,5,119,776,1,12,-0.005512066335988933
S52,W061,related,training,1.7395844656453046,5,46,707,1,19,2.3095557947792478
S52,W062,unrelated,training,1.148113333746188,7,27,743,1,15,0.9866598741419697
S52,W063,related,training,0.0350906934612753,6,102,609,1,15,0.9866598741419697
S52,W064,unrelated,training,1.1068512013196057,4,87,693,1,14,0.6559358939826502
S52,W065,related,training,-0.29377833954959,5,82,605,1,11,-0.33623604649530847
S52,W066,unrelated,training,-0.8621267483079921,6,90,818,1,11,-0.33623604649530847
S52,W067,related,training,-0.8004905870752745,5,49,912,1,9,-0.9976840068139475
S52,W068,unrelated,training,-0.6822716459168946,6,7,646,1,11,-0.33623604649530847
S52,W069,related,training,-2.306145484861042,8,108,1231,1,6,-1.9898559472919062
S52,W070,unrelated,training,-0.4692453518743268,6,53,676,1,10,-0.666960026654628
S52,W071,related,training,-0.7186668647491127,7,47,825,1,13,0.3252119138233306
S52,W072,unrelated,training,-1.8666945779672184,6,64,1365,1,8,-1.328407986973267
S52,W073,related,training,0.891632901440497,6,1,990,1,15,0.9866598741419697
S52,W074,unrelated,training,0.0035851005184451,7,18,671,1,13,0.3252119138233306
S52,W075,related,training,-0.8296935917886239,8,37,811,1,11,-0.33623604649530847
S52,W076,unrelated,training,0.0063453267125901,6,17,849,1,11,-0.33623604649530847
S52,W077,related,training,-1.3756874142011304,6,2,781,1,7,-1.6591319671325866
S52,W078,unrelated,training,-1.493333612226836,10,36,914,1,8,-1.328407986973267
S52,W079,related,training,0.1139469950564595,6,32,968,1,10,-0.666960026654628
S52,W080,unrelated,training,0.4102184004835469,4,23,496,1,14,0.6559358939826502
S52,W081,related,training,1.1191925348290213,6,28,696,1,17,1.6481078344606088
S52,W082,unrelated,training,-0.0322703529262462,6,34,576,1,11,-0.33623604649530847
S52,W083,related,training,0.1654914468887871,7,5,1105,1,14,0.6559358939826502
S52,W084,unrelated,training,0.8719147743400757,7,65,820,1,12,-0.005512066335988933
S52,W085,related,training,-0.8790583874314196,7,62,586,1,13,0.3252119138233306
S52,W086,unrelated,training,-0.7905740078936522,7,74,770,1,8,-1.328407986973267
S52,W087,related,training,0.5846936512450975,6,59,477,1,12,-0.005512066335988933
S52,W088,unrelated,training,-0.8247875085796271,5,97,685,1,9,-0.9976840068139475
S52,W089,related,training,-1.4798537261722209,8,79,939,1,10,-0.666960026654628
S52,W090,unrelated,training,-0.5298687768050517,7,99,863,0,10,-0.666960026654628
S52,W091,related,training,0.0199958773569514,6,8,795,1,13,0.3252119138233306
S52,W092,unrelated,training,0.8827875457824161,5,52,744,1,16,1.3173838543012892
S52,W093,related,training,-0.3951162220036792,6,107,666,1,11,-0.33623604649530847
S52,W094,unrelated,training,-0.2729766410664055,6,116,756,1,14,0.6559358939826502
S52,W095,related,training,-0.8951685051880719,8,98,732,1,9,-0.9976840068139475
S52,W096,unrelated,training,-0.4092407736087192,8,56,1263,1,11,-0.33623604649530847
S52,W097,related,training,-0.0617302306989816,5,42,728,1,13,0.3252119138233306
S52,W098,unrelated,training,-0.148276360874164,7,75,599,1,12,-0.005512066335988933
S52,W099,related,training,-0.5593352549066585,6,78,902,1,11,-0.33623604649530847
S52,W100,unrelated,training,0.942231995983134,6,11,983,1,14,0.6559358939826502
S52,W101,related,training,-0.4764940879555429,6,114,992,1,11,-0.33623604649530847
S52,W102,unrelated,training,0.2909020541309749,6,39,805,1,12,-0.005512066335988933
S52,W103,related,training,-0.5886379098238127,8,30,896,1,9,-0.9976840068139475
S52,W104,unrelated,training,-0.1214698405936154,5,51,690,1,11,-0.33623604649530847
S52,W105,related,training,0.9039757269248688,7,45,771,1,16,1.3173838543012892
S52,W106,unrelated,training,0.9500663306709668,5,115,741,1,14,0.6559358939826502
S52,W107,related,training,-0.1048038833831658,7,22,810,1,14,0.6559358939826502
S52,W108,unrelated,training,1.0859079831560388,6,101,492,1,17,1.6481078344606088
S52,W109,related,training,1.4716210444039308,4,48,666,1,16,1.3173838543012892
S52,W110,unrelated,training,-0.6985479929330615,5,73,1039,1,12,-0.005512066335988933
S52,W111,related,training,0.0810520811925241,6,60,1088,1,12,-0.005512066335988933
S52,W112,unrelated,training,-0.9707136954003068,6,111,712,1,12,-0.005512066335988933
S52,W113,related,training,0.3016402314525866,7,71,588,1,12,-0.005512066335988933
S52,W114,unrelated,training,0.2964810364202688,6,13,840,1,13,0.3252119138233306
S52,W115,related,training,0.9454197977241208,5,33,738,1,14,0.6559358939826502
S52,W116,unrelated,training,0.5722667365127202,5,57,782,1,13,0.3252119138233306
S52,W117,related,training,-0.3562583501967622,6,4,1011,1,12,-0.005512066335988933
S52,W118,unrelated,training,0.9249426975480984,4,110,491,1,14,0.6559358939826502
S52,W119,related,training,-0.2589413440745218,7,50,711,1,12,-0.005512066335988933
S52,W120,unrelated,training,-1.6613676983867645,7,58,692,1,7,-1.6591319671325866
S53,W001,unrelated,training,-0.9139392237197596,6,117,531,1,8,-1.328407986973267
S53,W002,related,training,0.1358238092024783,6,51,482,1,15,0.9866598741419697
S53,W003,unrelated,training,0.0968317689390009,5,84,463,1,13,0.3252119138233306
S53,W004,related,training,-1.3047661789528002,8,35,501,1,8,-1.328407986973267
S53,W005,unrelated,training,0.4824205120703297,7,12,593,1,15,0.9866598741419697
S53,W006,related,training,1.5453446713553585,5,15,673,1,18,1.9788318146199282
S53,W007,unrelated,training,-0.6150774716989514,7,73,692,1,8,-1.328407986973267
S53,W008,related,training,0.7371741115453434,5,4,609,1,14,0.6559358939826502
S53,W009,unrelated,training,0.4367971257492582,5,65,374,1,16,1.3173838543012892
S53,W010,related,training,0.5628372917200654,4,98,448,1,15,0.9866598741419697
S53,W011,unrelated,training,0.0928637611052042,5,53,548,1,16,1.3173838543012892
S53,W012,related,training,-1.017174296547943,7,46,561,1,5,-2.3205799274512255
S53,W013,unrelated,training,-0.1757199187168372,5,34,605,1,13,0.3252119138233306
S53,W014,related,training,-0.4670875917863192,7,32,559,1,10,-0.666960026654628
S53,W015,unrelated,training,0.6376366034140181,4,105,778,1,13,0.3252119138233306
S53,W016,related,training,0.4758777000006875,6,67,492,1,15,0.9866598741419697
S53,W017,unrelated,training,-1.1004086247447586,7,54,700,1,10,-0.666960026654628
S53,W018,related,training,-0.0732480440826994,5,57,395,1,11,-0.33623604649530847
S53,W019,unrelated,training,0.8377763169382735,5,59,711,1,17,1.6481078344606088
S53,W020,related,training,-0.10953246691453,6,119,415,1,13,0.3252119138233306
S53,W021,unrelated,training,0.1653741913649934,6,49,604,1,11,-0.33623604649530847
S53,W022,related,training,-1.5613246312784643,7,40,708,1,7,-1.6591319671325866
S53,W023,unrelated,training,1.5516882128257177,4,80,460,1,18,1.9788318146199282
S53,W024,related,training,0.6676736601563552,6,74,642,1,15,0.9866598741419697
S53,W025,unrelated,training,-1.1003524346233824,6,55,752,1,9,-0.9976840068139475
S53,W026,related,training,1.2547311434192785,5,41,763,1,15,0.9866598741419697
S53,W027,unrelated,training,0.2511535240099482,6,56,735,1,11,-0.33623604649530847
S53,W028,related,training,-0.4744448584528069,6,22,571,1,10,-0.666960026654628
S53,W029,unrelated,training,-0.034955592045138,6,103,565,1,11,-0.33623604649530847
S53,W030,related,training,-1.2168271291729122,6,93,456,0,9,-0.9976840068139475
S53,W031,unrelated,training,0.714619446660419,5,95,679,1,14,0.6559358939826502
S53,W032,related,training,-1.3165830605078477,6,24,555,1,10,-0.666960026654628
S53,W033,unrelated,training,-0.21523491523936,7,42,529,1,12,-0.005512066335988933
S53,W034,related,training,-0.8773992307693209,5,89,518,1,10,-0.666960026654628
S53,W035,unrelated,training,-0.5296422482991268,8,70,733,0,11,-0.33623604649530847
S53,W036,related,training,-0.1884520533183292,7,94,447,1,13,0.3252119138233306
S53,W037,unrelated,training,-1.1890454200315383,10,68,663,1,9,-0.9976840068139475
S53,W038,related,training,0.956289262928874,5,60,460,1,16,1.3173838543012892
S53,W039,unrelated,training,-1.409803501846958,9,111,440,0,9,-0.9976840068139475
S53,W040,related,training,0.0326171911239126,7,85,519,1,14,0.6559358939826502
S53,W041,unrelated,training,2.768124509357714,4,11,312,1,19,2.3095557947792478
S53,W042,related,training,-2.051321246725728,8,87,701,1,7,-1.6591319671325866
S53,W043,unrelated,training,-0.4642735130186097,7,20,520,1,12,-0.005512066335988933
S53,W044,related,training,-0.074692481078299,5,9,515,1,11,-0.33623604649530847
S53,W045,unrelated,training,-2.8603180515178988,8,106,720,0,2,-3.312751867929184
S53,W046,related,training,0.2765126725847232,6,26,534,1,13,0.3252119138233306
S53,W047,unrelated,training,0.0194756794538221,6,108,658,1,11,-0.33623604649530847
S53,W048,related,training,0.9901168140194688,6,82,462,1,13,0.3252119138233306
S53,W049,unrelated,training,1.4263582067643383,5,5,549,1,18,1.9788318146199282
S53,W050,related,training,0.2830487228263371,5,96,464,1,16,1.3173838543012892
S53,W051,unrelated,training,0.2912642538060146,5,48,552,1,11,-0.33623604649530847
S53,W052,related,training,0.2221144455622858,6,31,446,1,14,0.6559358939826502
S53,W053,unrelated,training,1.5099166560295276,5,43,492,1,13,0.3252119138233306
S53,W054,related,training,-0.4557117009268119,7,79,537,1,10,-0.666960026654628
S53,W055,unrelated,training,-0.8565905568902926,6,71,842,1,11,-0.33623604649530847
S53,W056,related,training,-1.5572563778362285,6,39,641,1,8,-1.328407986973267
S53,W057,unrelated,training,-0.9059093384605884,8,61,530,1,9,-0.9976840068139475
S53,W058,related,training,-1.6486942190789142,6,113,410,1,9,-0.9976840068139475
S53,W059,unrelated,training,-0.3001634484294758,6,1,463,1,12,-0.005512066335988933
S53,W060,related,training,-0.4724816193194414,5,76,399,1,12,-0.005512066335988933
S53,W061,unrelated,training,1.7395844656453046,5,100,463,0,19,2.3095557947792478
S53,W062,related,training,1.148113333746188,7,101,363,1,15,0.9866598741419697
S53,W063,unrelated,training,0.0350906934612753,6,14,504,1,15,0.9866598741419697
S53,W064,related,training,1.1068512013196057,4,18,419,1,14,0.6559358939826502
S53,W065,unrelated,training,-0.29377833954959,5,90,552,1,11,-0.33623604649530847
S53,W066,related,training,-0.8621267483079921,6,88,396,1,11,-0.33623604649530847
S53,W067,unrelated,training,-0.8004905870752745,5,69,742,1,9,-0.9976840068139475
S53,W068,related,training,-0.6822716459168946,6,99,418,1,11,-0.33623604649530847
S53,W069,unrelated,training,-2.306145484861042,8,37,748,1,6,-1.9898559472919062
S53,W070,related,training,-0.4692453518743268,6,10,549,1,10,-0.666960026654628
S53,W071,unrelated,training,-0.7186668647491127,7,47,589,1,13,0.3252119138233306
S53,W072,related,training,-1.8666945779672184,6,3,704,1,8,-1.328407986973267
S53,W073,unrelated,training,0.891632901440497,6,118,546,1,15,0.9866598741419697
S53,W074,related,training,0.0035851005184451,7,64,469,1,13,0.3252119138233306
S53,W075,unrelated,training,-0.8296935917886239,8,44,639,1,11,-0.33623604649530847
S53,W076,related,training,0.0063453267125901,6,38,544,1,11,-0.33623604649530847
S53,W077,unrelated,training,-1.3756874142011304,6,66,556,1,7,-1.6591319671325866
S53,W078,related,training,-1.493333612226836,10,7,583,1,8,-1.328407986973267
S53,W079,unrelated,training,0.1139469950564595,6,92,658,1,10,-0.666960026654628
S53,W080,related,training,0.4102184004835469,4,52,330,1,14,0.6559358939826502
S53,W081,unrelated,training,1.1191925348290213,6,75,435,1,17,1.6481078344606088
S53,W082,related,training,-0.0322703529262462,6,2,481,1,11,-0.33623604649530847
S53,W083,unrelated,training,0.1654914468887871,7,116,696,1,14,0.6559358939826502
S53,W084,related,training,0.8719147743400757,7,8,444,1,12,-0.005512066335988933
S53,W085,unrelated,training,-0.8790583874314196,7,33,466,1,13,0.3252119138233306
S53,W086,related,training,-0.7905740078936522,7,6,582,1,8,-1.328407986973267
S53,W087,unrelated,training,0.5846936512450975,6,17,336,1,12,-0.005512066335988933
S53,W088,related,training,-0.8247875085796271,5,50,423,1,9,-0.9976840068139475
S53,W089,unrelated,training,-1.4798537261722209,8,13,624,1,10,-0.666960026654628
S53,W090,related,training,-0.5298687768050517,7,114,540,1,10,-0.666960026654628
S53,W091,unrelated,training,0.0199958773569514,6,45,542,1,13,0.3252119138233306
S53,W092,related,training,0.8827875457824161,5,27,538,1,16,1.3173838543012892
S53,W093,unrelated,training,-0.3951162220036792,6,91,531,1,11,-0.33623604649530847
S53,W094,related,training,-0.2729766410664055,6,28,552,1,14,0.6559358939826502
S53,W095,unrelated,training,-0.8951685051880719,8,63,696,1,9,-0.9976840068139475
S53,W096,related,training,-0.4092407736087192,8,97,713,1,11,-0.33623604649530847
S53,W097,unrelated,training,-0.0617302306989816,5,23,493,0,13,0.3252119138233306
S53,W098,related,training,-0.148276360874164,7,62,443,1,12,-0.005512066335988933
S53,W099,unrelated,training,-0.5593352549066585,6,58,714,1,11,-0.33623604649530847
S53,W100,related,training,0.942231995983134,6,77,489,1,14,0.6559358939826502
S53,W101,unrelated,training,-0.4764940879555429,6,78,776,1,11,-0.33623604649530847
S53,W102,related,training,0.2909020541309749,6,72,432,1,12,-0.005512066335988933
S53,W103,unrelated,training,-0.5886379098238127,8,104,615,1,9,-0.9976840068139475
S53,W104,related,training,-0.1214698405936154,5,83,432,1,11,-0.33623604649530847
S53,W105,unrelated,training,0.9039757269248688,7,29,433,1,16,1.3173838543012892
S53,W106,related,training,0.9500663306709668,5,86,559,1,14,0.6559358939826502
S53,W107,unrelated,training,-0.1048038833831658,7,16,615,1,14,0.6559358939826502
S53,W108,related,training,1.0859079831560388,6,115,430,1,17,1.6481078344606088
S53,W109,unrelated,training,1.4716210444039308,4,81,496,1,16,1.3173838543012892
S53,W110,related,training,-0.6985479929330615,5,107,752,1,12,-0.005512066335988933
S53,W111,unrelated,training,0.0810520811925241,6,36,804,1,12,-0.005512066335988933
S53,W112,related,training,-0.9707136954003068,6,30,424,1,12,-0.005512066335988933
S53,W113,unrelated,training,0.3016402314525866,7,102,363,1,12,-0.005512066335988933
S53,W114,related,training,0.2964810364202688,6,112,450,1,13,0.3252119138233306
S53,W115,unrelated,training,0.9454197977241208,5,21,534,1,14,0.6559358939826502
S53,W116,related,training,0.5722667365127202,5,110,546,1,13,0.3252119138233306
S53,W117,unrelated,training,-0.3562583501967622,6,19,737,1,12,-0.005512066335988933
S53,W118,related,training,0.9249426975480984,4,25,312,1,14,0.6559358939826502
S53,W119,unrelated,training,-0.2589413440745218,7,109,667,1,12,-0.005512066335988933
S53,W120,related,training,-1.6613676983867645,7,120,474,1,7,-1.6591319671325866
S54,W001,related,training,-0.9139392237197596,6,86,602,1,8,-1.328407986973267
S54,W002,unrelated,training,0.1358238092024783,6,16,479,1,15,0.9866598741419697
S54,W003,related,training,0.0968317689390009,5,26,581,1,13,0.3252119138233306
S54,W004,unrelated,training,-1.3047661789528002,8,45,628,1,8,-1.328407986973267
S54,W005,related,training,0.4824205120703297,7,73,779,1,15,0.9866598741419697
S54,W006,unrelated,training,1.5453446713553585,5,41,662,1,18,1.9788318146199282
S54,W007,related,training,-0.6150774716989514,7,63,801,1,8,-1.328407986973267
S54,W008,unrelated,training,0.7371741115453434,5,72,833,1,14,0.6559358939826502
S54,W009,related,training,0.4367971257492582,5,19,549,1,16,1.3173838543012892
S54,W010,unrelated,training,0.5628372917200654,4,96,611,1,15,0.9866598741419697
S54,W011,related,training,0.0928637611052042,5,87,727,1,16,1.3173838543012892
S54,W012,unrelated,training,-1.017174296547943,7,100,692,1,5,-2.3205799274512255
S54,W013,related,training,-0.1757199187168372,5,118,830,1,13,0.3252119138233306
S54,W014,unrelated,training,-0.4670875917863192,7,43,867,1,10,-0.666960026654628
S54,W015,related,training,0.6376366034140181,4,44,928,1,13,0.3252119138233306
S54,W016,unrelated,training,0.4758777000006875,6,112,598,0,15,0.9866598741419697
S54,W017,related,training,-1.1004086247447586,7,7,807,1,10,-0.666960026654628
S54,W018,unrelated,training,-0.0732480440826994,5,11,671,1,11,-0.33623604649530847
S54,W019,related,training,0.8377763169382735,5,22,768,1,17,1.6481078344606088
S54,W020,unrelated,training,-0.10953246691453,6,107,523,1,13,0.3252119138233306
S54,W021,related,training,0.1653741913649934,6,90,833,1,11,-0.33623604649530847
S54,W022,unrelated,training,-1.5613246312784643,7,117,927,1,7,-1.6591319671325866
S54,W023,related,training,1.5516882128257177,4,119,618,1,18,1.9788318146199282
S54,W024,unrelated,training,0.6676736601563552,6,12,783,1,15,0.9866598741419697
S54,W025,related,training,-1.1003524346233824,6,14,853,1,9,-0.9976840068139475
S54,W026,unrelated,training,1.2547311434192785,5,50,746,1,15,0.9866598741419697
S54,W027,related,training,0.2511535240099482,6,79,998,1,11,-0.33623604649530847
S54,W028,unrelated,training,-0.4744448584528069,6,15,719,1,10,-0.666960026654628
S54,W029,related,training,-0.034955592045138,6,10,925,1,11,-0.33623604649530847
S54,W030,unrelated,training,-1.2168271291729122,6,3,513,1,9,-0.9976840068139475
S54,W031,related,training,0.714619446660419,5,51,1035,0,14,0.6559358939826502
S54,W032,unrelated,training,-1.3165830605078477,6,34,778,1,10,-0.666960026654628
S54,W033,related,training,-0.21523491523936,7,29,586,1,12,-0.005512066335988933
S54,W034,unrelated,training,-0.8773992307693209,5,105,564,1,10,-0.666960026654628
S54,W035,related,training,-0.5296422482991268,8,39,797,1,11,-0.33623604649530847
S54,W036,unrelated,training,-0.1884520533183292,7,83,464,1,13,0.3252119138233306
S54,W037,related,training,-1.1890454200315383,10,47,849,0,9,-0.9976840068139475
S54,W038,unrelated,training,0.956289262928874,5,76,565,1,16,1.3173838543012892
S54,W039,related,training,-1.409803501846958,9,77,586,1,9,-0.9976840068139475
S54,W040,unrelated,training,0.0326171911239126,7,111,488,1,14,0.6559358939826502
S54,W041,related,training,2.768124509357714,4,85,296,1,19,2.3095557947792478
S54,W042,unrelated,training,-2.051321246725728,8,23,1006,1,7,-1.6591319671325866
S54,W043,related,training,-0.4642735130186097,7,115,453,1,12,-0.005512066335988933
S54,W044,unrelated,training,-0.074692481078299,5,6,672,1,11,-0.33623604649530847
S54,W045,related,training,-2.8603180515178988,8,69,903,1,2,-3.312751867929184
S54,W046,unrelated,training,0.2765126725847232,6,49,579,1,13,0.3252119138233306
S54,W047,related,training,0.0194756794538221,6,71,807,1,11,-0.33623604649530847
S54,W048,unrelated,training,0.9901168140194688,6,102,488,1,13,0.3252119138233306
S54,W049,related,training,1.4263582067643383,5,64,689,0,18,1.9788318146199282
S54,W050,unrelated,training,0.2830487228263371,5,46,651,1,16,1.3173838543012892
S54,W051,related,training,0.2912642538060146,5,30,773,1,11,-0.33623604649530847
S54,W052,unrelated,training,0.2221144455622858,6,116,669,1,14,0.6559358939826502
S54,W053,related,training,1.5099166560295276,5,70,838,1,13,0.3252119138233306
S54,W054,unrelated,training,-0.4557117009268119,7,74,650,0,10,-0.666960026654628
S54,W055,related,training,-0.8565905568902926,6,93,1199,1,11,-0.33623604649530847
S54,W056,unrelated,training,-1.5572563778362285,6,40,681,1,8,-1.328407986973267
S54,W057,related,training,-0.9059093384605884,8,28,810,1,9,-0.9976840068139475
S54,W058,unrelated,training,-1.6486942190789142,6,36,573,1,9,-0.9976840068139475
S54,W059,related,training,-0.3001634484294758,6,25,632,1,12,-0.005512066335988933
S54,W060,unrelated,training,-0.4724816193194414,5,65,574,1,12,-0.005512066335988933
S54,W061,related,training,1.7395844656453046,5,62,693,1,19,2.3095557947792478
S54,W062,unrelated,training,1.148113333746188,7,2,531,1,15,0.9866598741419697
S54,W063,related,training,0.0350906934612753,6,103,622,1,15,0.9866598741419697
S54,W064,unrelated,training,1.1068512013196057,4,35,586,0,14,0.6559358939826502
S54,W065,related,training,-0.29377833954959,5,9,552,1,11,-0.33623604649530847
S54,W066,unrelated,training,-0.8621267483079921,6,98,544,1,11,-0.33623604649530847
S54,W067,related,training,-0.8004905870752745,5,89,857,1,9,-0.9976840068139475
S54,W068,unrelated,training,-0.6822716459168946,6,80,507,1,11,-0.33623604649530847
S54,W069,related,training,-2.306145484861042,8,109,1038,1,6,-1.9898559472919062
S54,W070,unrelated,training,-0.4692453518743268,6,97,720,1,10,-0.666960026654628
S54,W071,related,training,-0.7186668647491127,7,1,733,1,13,0.3252119138233306
S54,W072,unrelated,training,-1.8666945779672184,6,99,874,1,8,-1.328407986973267
S54,W073,related,training,0.891632901440497,6,53,860,1,15,0.9866598741419697
S54,W074,unrelated,training,0.0035851005184451,7,42,684,1,13,0.3252119138233306
S54,W075,related,training,-0.8296935917886239,8,92,695,1,11,-0.33623604649530847
S54,W076,unrelated,training,0.0063453267125901,6,17,660,1,11,-0.33623604649530847
S54,W077,related,training,-1.3756874142011304,6,106,568,1,7,-1.6591319671325866
S54,W078,unrelated,training,-1.493333612226836,10,55,773,1,8,-1.328407986973267
S54,W079,related,training,0.1139469950564595,6,95,776,1,10,-0.666960026654628
S54,W080,unrelated,training,0.4102184004835469,4,52,411,1,14,0.6559358939826502
S54,W081,related,training,1.1191925348290213,6,33,549,1,17,1.6481078344606088
S54,W082,unrelated,training,-0.0322703529262462,6,110,560,1,11,-0.33623604649530847
S54,W083,related,training,0.1654914468887871,7,81,1187,1,14,0.6559358939826502
S54,W084,unrelated,training,0.8719147743400757,7,38,558,1,12,-0.005512066335988933
S54,W085,related,training,-0.8790583874314196,7,13,574,1,13,0.3252119138233306
S54,W086,unrelated,training,-0.7905740078936522,7,94,693,1,8,-1.328407986973267
S54,W087,related,training,0.5846936512450975,6,113,531,1,12,-0.005512066335988933
S54,W088,unrelated,training,-0.8247875085796271,5,88,865,0,9,-0.9976840068139475
S54,W089,related,training,-1.4798537261722209,8,5,804,1,10,-0.666960026654628
S54,W090,unrelated,training,-0.5298687768050517,7,66,626,1,10,-0.666960026654628
S54,W091,related,training,0.0199958773569514,6,108,596,1,13,0.3252119138233306
S54,W092,unrelated,training,0.8827875457824161,5,84,468,1,16,1.3173838543012892
S54,W093,related,training,-0.3951162220036792,6,37,517,0,11,-0.33623604649530847
S54,W094,unrelated,training,-0.2729766410664055,6,32,789,1,14,0.6559358939826502
S54,W095,related,training,-0.8951685051880719,8,104,1009,1,9,-0.9976840068139475
S54,W096,unrelated,training,-0.4092407736087192,8,101,1002,1,11,-0.33623604649530847
S54,W097,related,training,-0.0617302306989816,5,67,739,1,13,0.3252119138233306
S54,W098,unrelated,training,-0.148276360874164,7,120,645,1,12,-0.005512066335988933
S54,W099,related,training,-0.5593352549066585,6,68,794,1,11,-0.33623604649530847
S54,W100,unrelated,training,0.942231995983134,6,58,591,1,14,0.6559358939826502
S54,W101,related,training,-0.4764940879555429,6,61,959,1,11,-0.33623604649530847
S54,W102,unrelated,training,0.2909020541309749,6,56,648,1,12,-0.005512066335988933
S54,W103,related,training,-0.5886379098238127,8,82,751,1,9,-0.9976840068139475
S54,W104,unrelated,training,-0.1214698405936154,5,21,519,1,11,-0.33623604649530847
S54,W105,related,training,0.9039757269248688,7,54,784,1,16,1.3173838543012892
S54,W106,unrelated,training,0.9500663306709668,5,59,707,1,14,0.6559358939826502
S54,W107,related,training,-0.1048038833831658,7,18,890,1,14,0.6559358939826502
S54,W108,unrelated,training,1.0859079831560388,6,31,485,1,17,1.6481078344606088
S54,W109,related,training,1.4716210444039308,4,114,687,1,16,1.3173838543012892
S54,W110,unrelated,training,-0.6985479929330615,5,20,1006,1,12,-0.005512066335988933
S54,W111,related,training,0.0810520811925241,6,27,796,1,12,-0.005512066335988933
S54,W112,unrelated,training,-0.9707136954003068,6,60,668,1,12,-0.005512066335988933
S54,W113,related,training,0.3016402314525866,7,75,598,1,12,-0.005512066335988933
S54,W114,unrelated,training,0.2964810364202688,6,4,657,1,13,0.3252119138233306
S54,W115,related,training,0.9454197977241208,5,78,626,1,14,0.6559358939826502
S54,W116,unrelated,training,0.5722667365127202,5,57,560,1,13,0.3252119138233306
S54,W117,related,training,-0.3562583501967622,6,48,1055,1,12,-0.005512066335988933
S54,W118,unrelated,training,0.9249426975480984,4,91,404,0,14,0.6559358939826502
S54,W119,related,training,-0.2589413440745218,7,8,600,1,12,-0.005512066335988933
S54,W120,unrelated,training,-1.6613676983867645,7,24,553,1,7,-1.6591319671325866
S55,W001,unrelated,training,-0.9139392237197596,6,35,841,1,8,-1.328407986973267
S55,W002,related,training,0.1358238092024783,6,78,734,1,15,0.9866598741419697
S55,W003,unrelated,training,0.0968317689390009,5,2,711,1,13,0.3252119138233306
S55,W004,related,training,-1.3047661789528002,8,49,858,1,8,-1.328407986973267
S55,W005,unrelated,training,0.4824205120703297,7,9,934,1,15,0.9866598741419697
S55,W006,related,training,1.5453446713553585,5,28,898,1,18,1.9788318146199282
S55,W007,unrelated,training,-0.6150774716989514,7,120,927,1,8,-1.328407986973267
S55,W008,related,training,0.7371741115453434,5,80,1096,0,14,0.6559358939826502
S55,W009,unrelated,training,0.4367971257492582,5,36,607,1,16,1.3173838543012892
S55,W010,related,training,0.5628372917200654,4,83,574,1,15,0.9866598741419697
S55,W011,unrelated,training,0.0928637611052042,5,7,978,1,16,1.3173838543012892
S55,W012,related,training,-1.017174296547943,7,63,1078,0,5,-2.3205799274512255
S55,W013,unrelated,training,-0.1757199187168372,5,56,965,0,13,0.3252119138233306
S55,W014,related,training,-0.4670875917863192,7,16,803,1,10,-0.666960026654628
S55,W015,unrelated,training,0.6376366034140181,4,41,1520,1,13,0.3252119138233306
S55,W016,related,training,0.4758777000006875,6,113,786,1,15,0.9866598741419697
S55,W017,unrelated,training,-1.1004086247447586,7,31,1360,1,10,-0.666960026654628
S55,W018,related,training,-0.0732480440826994,5,26,939,1,11,-0.33623604649530847
S55,W019,unrelated,training,0.8377763169382735,5,18,913,1,17,1.6481078344606088
S55,W020,related,training,-0.10953246691453,6,71,549,1,13,0.3252119138233306
S55,W021,unrelated,training,0.1653741913649934,6,55,964,1,11,-0.33623604649530847
S55,W022,related,training,-1.5613246312784643,7,27,1081,1,7,-1.6591319671325866
S55,W023,unrelated,training,1.5516882128257177,4,72,587,1,18,1.9788318146199282
S55,W024,related,training,0.6676736601563552,6,64,938,1,15,0.9866598741419697
S55,W025,unrelated,training,-1.1003524346233824,6,44,1018,1,9,-0.9976840068139475
S55,W026,related,training,1.2547311434192785,5,89,1115,1,15,0.9866598741419697
S55,W027,unrelated,training,0.2511535240099482,6,12,980,1,11,-0.33623604649530847
S55,W028,related,training,-0.4744448584528069,6,105,861,1,10,-0.666960026654628
S55,W029,unrelated,training,-0.034955592045138,6,43,1018,0,11,-0.33623604649530847
S55,W030,related,training,-1.2168271291729122,6,8,833,1,9,-0.9976840068139475
S55,W031,unrelated,training,0.714619446660419,5,59,893,1,14,0.6559358939826502
S55,W032,related,training,-1.3165830605078477,6,73,1032,1,10,-0.666960026654628
S55,W033,unrelated,training,-0.21523491523936,7,87,661,1,12,-0.005512066335988933
S55,W034,related,training,-0.8773992307693209,5,15,744,1,10,-0.666960026654628
S55,W035,unrelated,training,-0.5296422482991268,8,66,931,1,11,-0.33623604649530847
S55,W036,related,training,-0.1884520533183292,7,116,654,1,13,0.3252119138233306
S55,W037,unrelated,training,-1.1890454200315383,10,50,902,0,9,-0.9976840068139475
S55,W038,related,training,0.956289262928874,5,102,797,1,16,1.3173838543012892
S55,W039,unrelated,training,-1.409803501846958,9,106,725,1,9,-0.9976840068139475
S55,W040,related,training,0.0326171911239126,7,101,1029,1,14,0.6559358939826502
S55,W041,unrelated,training,2.768124509357714,4,92,456,1,19,2.3095557947792478
S55,W042,related,training,-2.051321246725728,8,110,930,1,7,-1.6591319671325866
S55,W043,unrelated,training,-0.4642735130186097,7,100,821,1,12,-0.005512066335988933
S55,W044,related,training,-0.074692481078299,5,90,812,1,11,-0.33623604649530847
S55,W045,unrelated,training,-2.8603180515178988,8,62,911,0,2,-3.312751867929184
S55,W046,related,training,0.2765126725847232,6,119,793,1,13,0.3252119138233306
S55,W047,unrelated,training,0.0194756794538221,6,30,1231,0,11,-0.33623604649530847
S55,W048,related,training,0.9901168140194688,6,29,889,1,13,0.3252119138233306
S55,W049,unrelated,training,1.4263582067643383,5,54,898,1,18,1.9788318146199282
S55,W050,related,training,0.2830487228263371,5,42,735,1,16,1.3173838543012892
S55,W051,unrelated,training,0.2912642538060146,5,97,761,1,11,-0.33623604649530847
S55,W052,related,training,0.2221144455622858,6,53,902,0,14,0.6559358939826502
S55,W053,unrelated,training,1.5099166560295276,5,67,875,1,13,0.3252119138233306
S55,W054,related,training,-0.4557117009268119,7,94,1117,1,10,-0.666960026654628
S55,W055,unrelated,training,-0.8565905568902926,6,40,1356,0,11,-0.33623604649530847
S55,W056,related,training,-1.5572563778362285,6,86,1187,0,8,-1.328407986973267
S55,W057,unrelated,training,-0.9059093384605884,8,98,731,0,9,-0.9976840068139475
S55,W058,related,training,-1.6486942190789142,6,33,632,1,9,-0.9976840068139475
S55,W059,unrelated,training,-0.3001634484294758,6,46,811,0,12,-0.005512066335988933
S55,W060,related,training,-0.4724816193194414,5,4,755,1,12,-0.005512066335988933
S55,W061,unrelated,training,1.7395844656453046,5,70,752,1,19,2.3095557947792478
S55,W062,related,training,1.148113333746188,7,104,710,1,15,0.9866598741419697
S55,W063,unrelated,training,0.0350906934612753,6,1,701,1,15,0.9866598741419697
S55,W064,related,training,1.1068512013196057,4,109,767,1,14,0.6559358939826502
S55,W065,unrelated,training,-0.29377833954959,5,114,786,1,11,-0.33623604649530847
S55,W066,related,training,-0.8621267483079921,6,10,716,1,11,-0.33623604649530847
S55,W067,unrelated,training,-0.8004905870752745,5,85,1338,1,9,-0.9976840068139475
S55,W068,related,training,-0.6822716459168946,6,107,751,1,11,-0.33623604649530847
S55,W069,unrelated,training,-2.306145484861042,8,68,1514,1,6,-1.9898559472919062
S55,W070,related,training,-0.4692453518743268,6,11,985,1,10,-0.666960026654628
S55,W071,unrelated,training,-0.7186668647491127,7,82,802,1,13,0.3252119138233306
S55,W072,related,training,-1.8666945779672184,6,108,1114,1,8,-1.328407986973267
S55,W073,unrelated,training,0.891632901440497,6,60,1167,1,15,0.9866598741419697
S55,W074,related,training,0.0035851005184451,7,24,1043,1,13,0.3252119138233306
S55,W075,unrelated,training,-0.8296935917886239,8,95,852,1,11,-0.33623604649530847
S55,W076,related,training,0.0063453267125901,6,74,643,1,11,-0.33623604649530847
S55,W077,unrelated,training,-1.3756874142011304,6,47,724,1,7,-1.6591319671325866
S55,W078,related,training,-1.493333612226836,10,45,1051,0,8,-1.328407986973267
S55,W079,unrelated,training,0.1139469950564595,6,13,854,1,10,-0.666960026654628
S55,W080,related,training,0.4102184004835469,4,52,359,1,14,0.6559358939826502
S55,W081,unrelated,training,1.1191925348290213,6,103,647,1,17,1.6481078344606088
S55,W082,related,training,-0.0322703529262462,6,37,691,1,11,-0.33623604649530847
S55,W083,unrelated,training,0.1654914468887871,7,5,1134,0,14,0.6559358939826502
S55,W084,related,training,0.8719147743400757,7,93,757,1,12,-0.005512066335988933
S55,W085,unrelated,training,-0.8790583874314196,7,84,696,1,13,0.3252119138233306
S55,W086,related,training,-0.7905740078936522,7,81,848,1,8,-1.328407986973267
S55,W087,unrelated,training,0.5846936512450975,6,32,586,1,12,-0.005512066335988933
S55,W088,related,training,-0.8247875085796271,5,39,678,1,9,-0.9976840068139475
S55,W089,unrelated,training,-1.4798537261722209,8,111,1050,1,10,-0.666960026654628
S55,W090,related,training,-0.5298687768050517,7,75,770,1,10,-0.666960026654628
S55,W091,unrelated,training,0.0199958773569514,6,3,820,1,13,0.3252119138233306
S55,W092,related,training,0.8827875457824161,5,23,772,1,16,1.3173838543012892
S55,W093,unrelated,training,-0.3951162220036792,6,34,780,1,11,-0.33623604649530847
S55,W094,related,training,-0.2729766410664055,6,6,829,1,14,0.6559358939826502
S55,W095,unrelated,training,-0.8951685051880719,8,76,1276,1,9,-0.9976840068139475
S55,W096,related,training,-0.4092407736087192,8,117,940,1,11,-0.33623604649530847
S55,W097,unrelated,training,-0.0617302306989816,5,65,900,1,13,0.3252119138233306
S55,W098,related,training,-0.148276360874164,7,22,606,0,12,-0.005512066335988933
S55,W099,unrelated,training,-0.5593352549066585,6,57,895,1,11,-0.33623604649530847
S55,W100,related,training,0.942231995983134,6,69,878,1,14,0.6559358939826502
S55,W101,unrelated,training,-0.4764940879555429,6,25,896,0,11,-0.33623604649530847
S55,W102,related,training,0.2909020541309749,6,58,724,1,12,-0.005512066335988933
S55,W103,unrelated,training,-0.5886379098238127,8,112,1007,1,9,-0.9976840068139475
S55,W104,related,training,-0.1214698405936154,5,79,601,1,11,-0.33623604649530847
S55,W105,unrelated,training,0.9039757269248688,7,99,795,1,16,1.3173838543012892
S55,W106,related,training,0.9500663306709668,5,61,789,1,14,0.6559358939826502
S55,W107,unrelated,training,-0.1048038833831658,7,19,777,1,14,0.6559358939826502
S55,W108,related,training,1.0859079831560388,6,88,517,0,17,1.6481078344606088
S55,W109,unrelated,training,1.4716210444039308,4,21,683,1,16,1.3173838543012892
S55,W110,related,training,-0.6985479929330615,5,20,1342,1,12,-0.005512066335988933
S55,W111,unrelated,training,0.0810520811925241,6,38,1173,1,12,-0.005512066335988933
S55,W112,related,training,-0.9707136954003068,6,17,833,0,12,-0.005512066335988933
S55,W113,unrelated,training,0.3016402314525866,7,118,636,1,12,-0.005512066335988933
S55,W114,related,training,0.2964810364202688,6,51,773,1,13,0.3252119138233306
S55,W115,unrelated,training,0.9454197977241208,5,77,806,1,14,0.6559358939826502
S55,W116,related,training,0.5722667365127202,5,48,808,1,13,0.3252119138233306
S55,W117,unrelated,training,-0.3562583501967622,6,14,1122,1,12,-0.005512066335988933
S55,W118,related,training,0.9249426975480984,4,96,547,1,14,0.6559358939826502
S55,W119,unrelated,training,-0.2589413440745218,7,115,1136,0,12,-0.005512066335988933
S55,W120,related,training,-1.6613676983867645,7,91,710,0,7,-1.6591319671325866
S56,W001,related,training,-0.9139392237197596,6,24,469,1,8,-1.328407986973267
S56,W002,unrelated,training,0.1358238092024783,6,13,585,1,15,0.9866598741419697
S56,W003,related,training,0.0968317689390009,5,87,644,1,13,0.3252119138233306
S56,W004,unrelated,training,-1.3047661789528002,8,111,784,1,8,-1.328407986973267
S56,W005,related,training,0.4824205120703297,7,69,509,0,15,0.9866598741419697
S56,W006,unrelated,training,1.5453446713553585,5,7,746,1,18,1.9788318146199282
S56,W007,related,training,-0.6150774716989514,7,76,747,1,8,-1.328407986973267
S56,W008,unrelated,training,0.7371741115453434,5,27,813,1,14,0.6559358939826502
S56,W009,related,training,0.4367971257492582,5,15,450,1,16,1.3173838543012892
S56,W010,unrelated,training,0.5628372917200654,4,12,736,1,15,0.9866598741419697
S56,W011,related,training,0.0928637611052042,5,55,683,1,16,1.3173838543012892
S56,W012,unrelated,training,-1.017174296547943,7,68,1015,0,5,-2.3205799274512255
S56,W013,related,training,-0.1757199187168372,5,36,651,1,13,0.3252119138233306
S56,W014,unrelated,training,-0.4670875917863192,7,77,693,1,10,-0.666960026654628
S56,W015,related,training,0.6376366034140181,4,95,1011,1,13,0.3252119138233306
S56,W016,unrelated,training,0.4758777000006875,6,116,726,0,15,0.9866598741419697
S56,W017,related,training,-1.1004086247447586,7,106,874,1,10,-0.666960026654628
S56,W018,unrelated,training,-0.0732480440826994,5,56,697,1,11,-0.33623604649530847
S56,W019,related,training,0.8377763169382735,5,10,576,1,17,1.6481078344606088
S56,W020,unrelated,training,-0.10953246691453,6,84,512,1,13,0.3252119138233306
S56,W021,related,training,0.1653741913649934,6,45,802,1,11,-0.33623604649530847
S56,W022,unrelated,training,-1.5613246312784643,7,19,940,1,7,-1.6591319671325866
S56,W023,related,training,1.5516882128257177,4,118,569,1,18,1.9788318146199282
S56,W024,unrelated,training,0.6676736601563552,6,53,753,1,15,0.9866598741419697
S56,W025,related,training,-1.1003524346233824,6,6,843,1,9,-0.9976840068139475
S56,W026,unrelated,training,1.2547311434192785,5,37,945,1,15,0.9866598741419697
S56,W027,related,training,0.2511535240099482,6,102,840,1,11,-0.33623604649530847
S56,W028,unrelated,training,-0.4744448584528069,6,18,727,1,10,-0.666960026654628
S56,W029,related,training,-0.034955592045138,6,34,661,1,11,-0.33623604649530847
S56,W030,unrelated,training,-1.2168271291729122,6,29,707,1,9,-0.9976840068139475
S56,W031,related,training,0.714619446660419,5,22,808,1,14,0.6559358939826502
S56,W032,unrelated,training,-1.3165830605078477,6,38,934,1,10,-0.666960026654628
S56,W033,related,training,-0.21523491523936,7,117,601,1,12,-0.005512066335988933
S56,W034,unrelated,training,-0.8773992307693209,5,92,743,1,10,-0.666960026654628
S56,W035,related,training,-0.5296422482991268,8,58,699,1,11,-0.33623604649530847
S56,W036,unrelated,training,-0.1884520533183292,7,81,786,1,13,0.3252119138233306
S56,W037,related,training,-1.1890454200315383,10,70,763,1,9,-0.9976840068139475
S56,W038,unrelated,training,0.956289262928874,5,21,517,1,16,1.3173838543012892
S56,W039,related,training,-1.409803501846958,9,65,523,1,9,-0.9976840068139475
S56,W040,unrelated,training,0.0326171911239126,7,100,879,1,14,0.6559358939826502
S56,W041,related,training,2.768124509357714,4,73,420,1,19,2.3095557947792478
S56,W042,unrelated,training,-2.051321246725728,8,74,992,0,7,-1.6591319671325866
S56,W043,related,training,-0.4642735130186097,7,80,612,1,12,-0.005512066335988933
S56,W044,unrelated,training,-0.074692481078299,5,25,680,0,11,-0.33623604649530847
S56,W045,related,training,-2.8603180515178988,8,62,716,1,2,-3.312751867929184
S56,W046,unrelated,training,0.2765126725847232,6,35,647,1,13,0.3252119138233306
S56,W047,related,training,0.0194756794538221,6,47,734,1,11,-0.33623604649530847
S56,W048,unrelated,training,0.9901168140194688,6,11,524,1,13,0.3252119138233306
S56,W049,related,training,1.4263582067643383,5,66,588,1,18,1.9788318146199282
S56,W050,unrelated,training,0.2830487228263371,5,67,538,1,16,1.3173838543012892
S56,W051,related,training,0.2912642538060146,5,82,577,1,11,-0.33623604649530847
S56,W052,unrelated,training,0.2221144455622858,6,112,750,1,14,0.6559358939826502
S56,W053,related,training,1.5099166560295276,5,52,501,1,13,0.3252119138233306
S56,W054,unrelated,training,-0.4557117009268119,7,91,938,1,10,-0.666960026654628
S56,W055,related,training,-0.8565905568902926,6,114,1020,1,11,-0.33623604649530847
S56,W056,unrelated,training,-1.5572563778362285,6,32,923,1,8,-1.328407986973267
S56,W057,related,training,-0.9059093384605884,8,90,606,0,9,-0.9976840068139475
S56,W058,unrelated,training,-1.6486942190789142,6,83,496,1,9,-0.9976840068139475
S56,W059,related,training,-0.3001634484294758,6,57,519,1,12,-0.005512066335988933
S56,W060,unrelated,training,-0.4724816193194414,5,48,539,1,12,-0.005512066335988933
S56,W061,related,training,1.7395844656453046,5,17,708,1,19,2.3095557947792478
S56,W062,unrelated,training,1.148113333746188,7,39,587,1,15,0.9866598741419697
S56,W063,related,training,0.0350906934612753,6,33,535,1,15,0.9866598741419697
S56,W064,unrelated,training,1.1068512013196057,4,23,575,1,14,0.6559358939826502
S56,W065,related,training,-0.29377833954959,5,4,468,1,11,-0.33623604649530847
S56,W066,unrelated,training,-0.8621267483079921,6,79,689,1,11,-0.33623604649530847
S56,W067,related,training,-0.8004905870752745,5,72,722,1,9,-0.9976840068139475
S56,W068,unrelated,training,-0.6822716459168946,6,30,733,1,11,-0.33623604649530847
S56,W069,related,training,-2.306145484861042,8,99,955,0,6,-1.9898559472919062
S56,W070,unrelated,training,-0.4692453518743268,6,94,619,1,10,-0.666960026654628
S56,W071,related,training,-0.7186668647491127,7,61,551,1,13,0.3252119138233306
S56,W072,unrelated,training,-1.8666945779672184,6,54,899,1,8,-1.328407986973267
S56,W073,related,training,0.891632901440497,6,85,683,1,15,0.9866598741419697
S56,W074,unrelated,training,0.0035851005184451,7,43,649,0,13,0.3252119138233306
S56,W075,related,training,-0.8296935917886239,8,3,668,1,11,-0.33623604649530847
S56,W076,unrelated,training,0.0063453267125901,6,44,782,1,11,-0.33623604649530847
S56,W077,related,training,-1.3756874142011304,6,5,544,1,7,-1.6591319671325866
S56,W078,unrelated,training,-1.493333612226836,10,2,928,1,8,-1.328407986973267
S56,W079,related,training,0.1139469950564595,6,105,631,1,10,-0.666960026654628
S56,W080,unrelated,training,0.4102184004835469,4,9,349,1,14,0.6559358939826502
S56,W081,related,training,1.1191925348290213,6,59,514,1,17,1.6481078344606088
S56,W082,unrelated,training,-0.0322703529262462,6,104,676,1,11,-0.33623604649530847
S56,W083,related,training,0.1654914468887871,7,119,860,1,14,0.6559358939826502
S56,W084,unrelated,training,0.8719147743400757,7,63,704,1,12,-0.005512066335988933
S56,W085,related,training,-0.8790583874314196,7,89,478,1,13,0.3252119138233306
S56,W086,unrelated,training,-0.7905740078936522,7,46,623,1,8,-1.328407986973267
S56,W087,related,training,0.5846936512450975,6,71,409,1,12,-0.005512066335988933
S56,W088,unrelated,training,-0.8247875085796271,5,101,746,1,9,-0.9976840068139475
S56,W089,related,training,-1.4798537261722209,8,108,727,1,10,-0.666960026654628
S56,W090,unrelated,training,-0.5298687768050517,7,42,647,1,10,-0.666960026654628
S56,W091,related,training,0.0199958773569514,6,40,575,1,13,0.3252119138233306
S56,W092,unrelated,training,0.8827875457824161,5,88,664,1,16,1.3173838543012892
S56,W093,related,training,-0.3951162220036792,6,1,523,1,11,-0.33623604649530847
S56,W094,unrelated,training,-0.2729766410664055,6,120,574,1,14,0.6559358939826502
S56,W095,related,training,-0.8951685051880719,8,26,740,1,9,-0.9976840068139475
S56,W096,unrelated,training,-0.4092407736087192,8,14,802,1,11,-0.33623604649530847
S56,W097,related,training,-0.0617302306989816,5,51,673,1,13,0.3252119138233306
S56,W098,unrelated,training,-0.148276360874164,7,115,692,1,12,-0.005512066335988933
S56,W099,related,training,-0.5593352549066585,6,28,777,1,11,-0.33623604649530847
S56,W100,unrelated,training,0.942231995983134,6,20,623,1,14,0.6559358939826502
S56,W101,related,training,-0.4764940879555429,6,75,843,1,11,-0.33623604649530847
S56,W102,unrelated,training,0.2909020541309749,6,64,562,1,12,-0.005512066335988933
S56,W103,related,training,-0.5886379098238127,8,113,810,1,9,-0.9976840068139475
S56,W104,unrelated,training,-0.1214698405936154,5,96,614,1,11,-0.33623604649530847
S56,W105,related,training,0.9039757269248688,7,107,738,1,16,1.3173838543012892
S56,W106,unrelated,training,0.9500663306709668,5,103,707,1,14,0.6559358939826502
S56,W107,related,training,-0.1048038833831658,7,41,577,1,14,0.6559358939826502
S56,W108,unrelated,training,1.0859079831560388,6,31,399,1,17,1.6481078344606088
S56,W109,related,training,1.4716210444039308,4,97,575,1,16,1.3173838543012892
S56,W110,unrelated,training,-0.6985479929330615,5,109,914,1,12,-0.005512066335988933
S56,W111,related,training,0.0810520811925241,6,78,884,1,12,-0.005512066335988933
S56,W112,unrelated,training,-0.9707136954003068,6,49,791,1,12,-0.005512066335988933
S56,W113,related,training,0.3016402314525866,7,8,528,0,12,-0.005512066335988933
S56,W114,unrelated,training,0.2964810364202688,6,50,685,0,13,0.3252119138233306
S56,W115,related,training,0.9454197977241208,5,110,443,1,14,0.6559358939826502
S56,W116,unrelated,training,0.5722667365127202,5,86,556,1,13,0.3252119138233306
S56,W117,related,training,-0.3562583501967622,6,16,847,1,12,-0.005512066335988933
S56,W118,unrelated,training,0.9249426975480984,4,98,499,1,14,0.6559358939826502
S56,W119,related,training,-0.2589413440745218,7,60,750,1,12,-0.005512066335988933
S56,W120,unrelated,training,-1.6613676983867645,7,93,608,1,7,-1.6591319671325866
S57,W001,unrelated,training,-0.9139392237197596,6,3,660,1,8,-1.328407986973267
S57,W002,related,training,0.1358238092024783,6,31,732,1,15,0.9866598741419697
S57,W003,unrelated,training,0.0968317689390009,5,97,697,1,13,0.3252119138233306
S57,W004,related,training,-1.3047661789528002,8,109,723,1,8,-1.328407986973267
S57,W005,unrelated,training,0.4824205120703297,7,78,770,1,15,0.9866598741419697
S57,W006,related,training,1.5453446713553585,5,13,1034,0,18,1.9788318146199282
S57,W007,unrelated,training,-0.6150774716989514,7,11,943,1,8,-1.328407986973267
S57,W008,related,training,0.7371741115453434,5,61,881,1,14,0.6559358939826502
S57,W009,unrelated,training,0.4367971257492582,5,116,544,1,16,1.3173838543012892
S57,W010,related,training,0.5628372917200654,4,46,586,1,15,0.9866598741419697
S57,W011,unrelated,training,0.0928637611052042,5,80,811,1,16,1.3173838543012892
S57,W012,related,training,-1.017174296547943,7,115,826,1,5,-2.3205799274512255
S57,W013,unrelated,training,-0.1757199187168372,5,30,866,1,13,0.3252119138233306
S57,W014,related,training,-0.4670875917863192,7,118,875,0,10,-0.666960026654628
S57,W015,unrelated,training,0.6376366034140181,4,106,1032,1,13,0.3252119138233306
S57,W016,related,training,0.4758777000006875,6,85,554,1,15,0.9866598741419697
S57,W017,unrelated,training,-1.1004086247447586,7,56,941,1,10,-0.666960026654628
S57,W018,related,training,-0.0732480440826994,5,104,674,1,11,-0.33623604649530847
S57,W019,unrelated,training,0.8377763169382735,5,6,957,1,17,1.6481078344606088
S57,W020,related,training,-0.10953246691453,6,2,553,1,13,0.3252119138233306
S57,W021,unrelated,training,0.1653741913649934,6,100,697,1,11,-0.33623604649530847
S57,W022,related,training,-1.5613246312784643,7,49,921,1,7,-1.6591319671325866
S57,W023,unrelated,training,1.5516882128257177,4,70,645,1,18,1.9788318146199282
S57,W024,related,training,0.6676736601563552,6,32,762,0,15,0.9866598741419697
S57,W025,unrelated,training,-1.1003524346233824,6,91,745,1,9,-0.9976840068139475
S57,W026,related,training,1.2547311434192785,5,57,955,1,15,0.9866598741419697
S57,W027,unrelated,training,0.2511535240099482,6,92,1445,1,11,-0.33623604649530847
S57,W028,related,training,-0.4744448584528069,6,40,833,1,10,-0.666960026654628
S57,W029,unrelated,training,-0.034955592045138,6,51,757,0,11,-0.33623604649530847
S57,W030,related,training,-1.2168271291729122,6,69,680,1,9,-0.9976840068139475
S57,W031,unrelated,training,0.714619446660419,5,82,1029,1,14,0.6559358939826502
S57,W032,related,training,-1.3165830605078477,6,111,860,1,10,-0.666960026654628
S57,W033,unrelated,training,-0.21523491523936,7,8,665,1,12,-0.005512066335988933
S57,W034,related,training,-0.8773992307693209,5,76,706,1,10,-0.666960026654628
S57,W035,unrelated,training,-0.5296422482991268,8,81,935,1,11,-0.33623604649530847
S57,W036,related,training,-0.1884520533183292,7,113,561,1,13,0.3252119138233306
S57,W037,unrelated,training,-1.1890454200315383,10,23,793,1,9,-0.9976840068139475
S57,W038,related,training,0.956289262928874,5,7,587,1,16,1.3173838543012892
S57,W039,unrelated,training,-1.409803501846958,9,94,671,1,9,-0.9976840068139475
S57,W040,related,training,0.0326171911239126,7,105,1079,1,14,0.6559358939826502
S57,W041,unrelated,training,2.768124509357714,4,38,434,1,19,2.3095557947792478
S57,W042,related,training,-2.051321246725728,8,14,897,1,7,-1.6591319671325866
S57,W043,unrelated,training,-0.4642735130186097,7,33,764,1,12,-0.005512066335988933
S57,W044,related,training,-0.074692481078299,5,73,753,1,11,-0.33623604649530847
S57,W045,unrelated,training,-2.8603180515178988,8,52,998,1,2,-3.312751867929184
S57,W046,related,training,0.2765126725847232,6,42,692,1,13,0.3252119138233306
S57,W047,unrelated,training,0.0194756794538221,6,75,995,1,11,-0.33623604649530847
S57,W048,related,training,0.9901168140194688,6,98,741,1,13,0.3252119138233306
S57,W049,unrelated,training,1.4263582067643383,5,90,684,1,18,1.9788318146199282
S57,W050,related,training,0.2830487228263371,5,65,564,1,16,1.3173838543012892
S57,W051,unrelated,training,0.2912642538060146,5,36,644,1,11,-0.33623604649530847
S57,W052,related,training,0.2221144455622858,6,114,657,1,14,0.6559358939826502
S57,W053,unrelated,training,1.5099166560295276,5,71,796,1,13,0.3252119138233306
S57,W054,related,training,-0.4557117009268119,7,15,800,1,10,-0.666960026654628
S57,W055,unrelated,training,-0.8565905568902926,6,102,1167,1,11,-0.33623604649530847
S57,W056,related,training,-1.5572563778362285,6,64,955,0,8,-1.328407986973267
S57,W057,unrelated,training,-0.9059093384605884,8,5,683,1,9,-0.9976840068139475
S57,W058,related,training,-1.6486942190789142,6,88,637,1,9,-0.9976840068139475
S57,W059,unrelated,training,-0.3001634484294758,6,84,698,1,12,-0.005512066335988933
S57,W060,related,training,-0.4724816193194414,5,67,592,1,12,-0.005512066335988933
S57,W061,unrelated,training,1.7395844656453046,5,9,723,1,19,2.3095557947792478
S57,W062,related,training,1.148113333746188,7,21,645,1,15,0.9866598741419697
S57,W063,unrelated,training,0.0350906934612753,6,48,659,1,15,0.9866598741419697
S57,W064,related,training,1.1068512013196057,4,60,776,1,14,0.6559358939826502
S57,W065,unrelated,training,-0.29377833954959,5,66,564,1,11,-0.33623604649530847
S57,W066,related,training,-0.8621267483079921,6,62,695,1,11,-0.33623604649530847
S57,W067,unrelated,training,-0.8004905870752745,5,34,871,1,9,-0.9976840068139475
S57,W068,related,training,-0.6822716459168946,6,99,672,1,11,-0.33623604649530847
S57,W069,unrelated,training,-2.306145484861042,8,120,1423,1,6,-1.9898559472919062
S57,W070,related,training,-0.4692453518743268,6,95,678,1,10,-0.666960026654628
S57,W071,unrelated,training,-0.7186668647491127,7,26,771,1,13,0.3252119138233306
S57,W072,related,training,-1.8666945779672184,6,53,1007,0,8,-1.328407986973267
S57,W073,unrelated,training,0.891632901440497,6,22,986,1,15,0.9866598741419697
S57,W074,related,training,0.0035851005184451,7,24,796,1,13,0.3252119138233306
S57,W075,unrelated,training,-0.8296935917886239,8,68,750,1,11,-0.33623604649530847
S57,W076,related,training,0.0063453267125901,6,4,773,1,11,-0.33623604649530847
S57,W077,unrelated,training,-1.3756874142011304,6,63,758,1,7,-1.6591319671325866
S57,W078,related,training,-1.493333612226836,10,59,842,1,8,-1.328407986973267
S57,W079,unrelated,training,0.1139469950564595,6,16,767,0,10,-0.666960026654628
S57,W080,related,training,0.4102184004835469,4,87,507,1,14,0.6559358939826502
S57,W081,unrelated,training,1.1191925348290213,6,112,573,1,17,1.6481078344606088
S57,W082,related,training,-0.0322703529262462,6,27,568,1,11,-0.33623604649530847
S57,W083,unrelated,training,0.1654914468887871,7,77,1449,1,14,0.6559358939826502
S57,W084,related,training,0.8719147743400757,7,119,682,1,12,-0.005512066335988933
S57,W085,unrelated,training,-0.8790583874314196,7,83,695,1,13,0.3252119138233306
S57,W086,related,training,-0.7905740078936522,7,37,830,1,8,-1.328407986973267
S57,W087,unrelated,training,0.5846936512450975,6,45,417,0,12,-0.005512066335988933
S57,W088,related,training,-0.8247875085796271,5,17,702,1,9,-0.9976840068139475
S57,W089,unrelated,training,-1.4798537261722209,8,19,947,1,10,-0.666960026654628
S57,W090,related,training,-0.5298687768050517,7,43,776,1,10,-0.666960026654628
S57,W091,unrelated,training,0.0199958773569514,6,18,619,1,13,0.3252119138233306
S57,W092,related,training,0.8827875457824161,5,44,780,1,16,1.3173838543012892
S57,W093,unrelated,training,-0.3951162220036792,6,12,737,1,11,-0.33623604649530847
S57,W094,related,training,-0.2729766410664055,6,25,700,1,14,0.6559358939826502
S57,W095,unrelated,training,-0.8951685051880719,8,72,1077,1,9,-0.9976840068139475
S57,W096,related,training,-0.4092407736087192,8,108,954,1,11,-0.33623604649530847
S57,W097,unrelated,training,-0.0617302306989816,5,110,1049,1,13,0.3252119138233306
S57,W098,related,training,-0.148276360874164,7,47,625,1,12,-0.005512066335988933
S57,W099,unrelated,training,-0.5593352549066585,6,10,685,1,11,-0.33623604649530847
S57,W100,related,training,0.942231995983134,6,28,736,1,14,0.6559358939826502
S57,W101,unrelated,training,-0.4764940879555429,6,93,934,0,11,-0.33623604649530847
S57,W102,related,training,0.2909020541309749,6,103,594,1,12,-0.005512066335988933
S57,W103,unrelated,training,-0.5886379098238127,8,89,939,1,9,-0.9976840068139475
S57,W104,related,training,-0.1214698405936154,5,55,576,1,11,-0.33623604649530847
S57,W105,unrelated,training,0.9039757269248688,7,79,534,1,16,1.3173838543012892
S57,W106,related,training,0.9500663306709668,5,54,814,0,14,0.6559358939826502
S57,W107,unrelated,training,-0.1048038833831658,7,86,701,1,14,0.6559358939826502
S57,W108,related,training,1.0859079831560388,6,50,460,1,17,1.6481078344606088
S57,W109,unrelated,training,1.4716210444039308,4,117,732,1,16,1.3173838543012892
S57,W110,related,training,-0.6985479929330615,5,96,1160,1,12,-0.005512066335988933
S57,W111,unrelated,training,0.0810520811925241,6,74,1121,1,12,-0.005512066335988933
S57,W112,related,training,-0.9707136954003068,6,58,905,1,12,-0.005512066335988933
S57,W113,unrelated,training,0.3016402314525866,7,41,598,1,12,-0.005512066335988933
S57,W114,related,training,0.2964810364202688,6,39,835,1,13,0.3252119138233306
S57,W115,unrelated,training,0.9454197977241208,5,107,686,1,14,0.6559358939826502
S57,W116,related,training,0.5722667365127202,5,29,697,1,13,0.3252119138233306
S57,W117,unrelated,training,-0.3562583501967622,6,101,1013,1,12,-0.005512066335988933
S57,W118,related,training,0.9249426975480984,4,1,541,1,14,0.6559358939826502
S57,W119,unrelated,training,-0.2589413440745218,7,35,941,1,12,-0.005512066335988933
S57,W120,related,training,-1.6613676983867645,7,20,627,1,7,-1.6591319671325866
S58,W001,related,training,-0.9139392237197596,6,12,526,1,8,-1.328407986973267
S58,W002,unrelated,training,0.1358238092024783,6,72,470,1,15,0.9866598741419697
S58,W003,related,training,0.0968317689390009,5,103,524,1,13,0.3252119138233306
S58,W004,unrelated,training,-1.3047661789528002,8,97,728,1,8,-1.328407986973267
S58,W005,related,training,0.4824205120703297,7,91,745,1,15,0.9866598741419697
S58,W006,unrelated,training,1.5453446713553585,5,74,709,1,18,1.9788318146199282
S58,W007,related,training,-0.6150774716989514,7,99,692,1,8,-1.328407986973267
S58,W008,unrelated,training,0.7371741115453434,5,14,791,0,14,0.6559358939826502
S58,W009,related,training,0.4367971257492582,5,43,470,1,16,1.3173838543012892
S58,W010,unrelated,training,0.5628372917200654,4,9,446,1,15,0.9866598741419697
S58,W011,related,training,0.0928637611052042,5,96,522,1,16,1.3173838543012892
S58,W012,unrelated,training,-1.017174296547943,7,108,822,1,5,-2.3205799274512255
S58,W013,related,training,-0.1757199187168372,5,117,577,1,13,0.3252119138233306
S58,W014,unrelated,training,-0.4670875917863192,7,102,785,0,10,-0.666960026654628
S58,W015,related,training,0.6376366034140181,4,115,712,1,13,0.3252119138233306
S58,W016,unrelated,training,0.4758777000006875,6,56,502,1,15,0.9866598741419697
S58,W017,related,training,-1.1004086247447586,7,57,679,1,10,-0.666960026654628
S58,W018,unrelated,training,-0.0732480440826994,5,105,604,1,11,-0.33623604649530847
S58,W019,related,training,0.8377763169382735,5,4,785,1,17,1.6481078344606088
S58,W020,unrelated,training,-0.10953246691453,6,94,410,1,13,0.3252119138233306
S58,W021,related,training,0.1653741913649934,6,49,597,1,11,-0.33623604649530847
S58,W022,unrelated,training,-1.5613246312784643,7,63,892,1,7,-1.6591319671325866
S58,W023,related,training,1.5516882128257177,4,29,367,1,18,1.9788318146199282
S58,W024,unrelated,training,0.6676736601563552,6,78,668,1,15,0.9866598741419697
S58,W025,related,training,-1.1003524346233824,6,110,660,0,9,-0.9976840068139475
S58,W026,unrelated,training,1.2547311434192785,5,31,642,1,15,0.9866598741419697
S58,W027,related,training,0.2511535240099482,6,28,916,1,11,-0.33623604649530847
S58,W028,unrelated,training,-0.4744448584528069,6,20,575,1,10,-0.666960026654628
S58,W029,related,training,-0.034955592045138,6,68,535,1,11,-0.33623604649530847
S58,W030,unrelated,training,-1.2168271291729122,6,24,538,1,9,-0.9976840068139475
S58,W031,related,training,0.714619446660419,5,116,781,1,14,0.6559358939826502
S58,W032,unrelated,training,-1.3165830605078477,6,5,653,1,10,-0.666960026654628
S58,W033,related,training,-0.21523491523936,7,33,421,1,12,-0.005512066335988933
S58,W034,unrelated,training,-0.8773992307693209,5,38,606,1,10,-0.666960026654628
S58,W035,related,training,-0.5296422482991268,8,54,616,1,11,-0.33623604649530847
S58,W036,unrelated,training,-0.1884520533183292,7,67,438,1,13,0.3252119138233306
S58,W037,related,training,-1.1890454200315383,10,120,601,1,9,-0.9976840068139475
S58,W038,unrelated,training,0.956289262928874,5,65,484,1,16,1.3173838543012892
S58,W039,related,training,-1.409803501846958,9,15,506,1,9,-0.9976840068139475
S58,W040,unrelated,training,0.0326171911239126,7,62,690,1,14,0.6559358939826502
S58,W041,related,training,2.768124509357714,4,86,289,1,19,2.3095557947792478
S58,W042,unrelated,training,-2.051321246725728,8,34,789,1,7,-1.6591319671325866
S58,W043,related,training,-0.4642735130186097,7,85,523,1,12,-0.005512066335988933
S58,W044,unrelated,training,-0.074692481078299,5,6,557,0,11,-0.33623604649530847
S58,W045,related,training,-2.8603180515178988,8,69,591,1,2,-3.312751867929184
S58,W046,unrelated,training,0.2765126725847232,6,22,519,0,13,0.3252119138233306
S58,W047,related,training,0.0194756794538221,6,1,794,1,11,-0.33623604649530847
S58,W048,unrelated,training,0.9901168140194688,6,81,629,1,13,0.3252119138233306
S58,W049,related,training,1.4263582067643383,5,52,481,1,18,1.9788318146199282
S58,W050,unrelated,training,0.2830487228263371,5,95,440,1,16,1.3173838543012892
S58,W051,related,training,0.2912642538060146,5,112,598,1,11,-0.33623604649530847
S58,W052,unrelated,training,0.2221144455622858,6,109,766,1,14,0.6559358939826502
S58,W053,related,training,1.5099166560295276,5,46,492,1,13,0.3252119138233306
S58,W054,unrelated,training,-0.4557117009268119,7,60,607,1,10,-0.666960026654628
S58,W055,related,training,-0.8565905568902926,6,53,741,1,11,-0.33623604649530847
S58,W056,unrelated,training,-1.5572563778362285,6,45,737,1,8,-1.328407986973267
S58,W057,related,training,-0.9059093384605884,8,75,597,1,9,-0.9976840068139475
S58,W058,unrelated,training,-1.6486942190789142,6,2,550,1,9,-0.9976840068139475
S58,W059,related,training,-0.3001634484294758,6,107,477,1,12,-0.005512066335988933
S58,W060,unrelated,training,-0.4724816193194414,5,93,558,1,12,-0.005512066335988933
S58,W061,related,training,1.7395844656453046,5,11,615,1,19,2.3095557947792478
S58,W062,unrelated,training,1.148113333746188,7,32,597,1,15,0.9866598741419697
S58,W063,related,training,0.0350906934612753,6,10,380,1,15,0.9866598741419697
S58,W064,unrelated,training,1.1068512013196057,4,42,463,1,14,0.6559358939826502
S58,W065,related,training,-0.29377833954959,5,23,431,1,11,-0.33623604649530847
S58,W066,unrelated,training,-0.8621267483079921,6,17,584,1,11,-0.33623604649530847
S58,W067,related,training,-0.8004905870752745,5,114,634,1,9,-0.9976840068139475
S58,W068,unrelated,training,-0.6822716459168946,6,13,598,0,11,-0.33623604649530847
S58,W069,related,training,-2.306145484861042,8,84,949,1,6,-1.9898559472919062
S58,W070,unrelated,training,-0.4692453518743268,6,44,582,1,10,-0.666960026654628
S58,W071,related,training,-0.7186668647491127,7,30,492,1,13,0.3252119138233306
S58,W072,unrelated,training,-1.8666945779672184,6,73,869,0,8,-1.328407986973267
S58,W073,related,training,0.891632901440497,6,39,767,1,15,0.9866598741419697
S58,W074,unrelated,training,0.0035851005184451,7,7,732,1,13,0.3252119138233306
S58,W075,related,training,-0.8296935917886239,8,27,562,0,11,-0.33623604649530847
S58,W076,unrelated,training,0.0063453267125901,6,100,612,1,11,-0.33623604649530847
S58,W077,related,training,-1.3756874142011304,6,41,529,1,7,-1.6591319671325866
S58,W078,unrelated,training,-1.493333612226836,10,111,799,1,8,-1.328407986973267
S58,W079,related,training,0.1139469950564595,6,104,567,1,10,-0.666960026654628
S58,W080,unrelated,training,0.4102184004835469,4,83,349,1,14,0.6559358939826502
S58,W081,related,training,1.1191925348290213,6,3,393,1,17,1.6481078344606088
S58,W082,unrelated,training,-0.0322703529262462,6,16,462,1,11,-0.33623604649530847
S58,W083,related,training,0.1654914468887871,7,50,818,1,14,0.6559358939826502
S58,W084,unrelated,training,0.8719147743400757,7,25,515,1,12,-0.005512066335988933
S58,W085,related,training,-0.8790583874314196,7,79,507,1,13,0.3252119138233306
S58,W086,unrelated,training,-0.7905740078936522,7,59,623,1,8,-1.328407986973267
S58,W087,related,training,0.5846936512450975,6,40,410,1,12,-0.005512066335988933
S58,W088,unrelated,training,-0.8247875085796271,5,92,575,1,9,-0.9976840068139475
S58,W089,related,training,-1.4798537261722209,8,48,606,1,10,-0.666960026654628
S58,W090,unrelated,training,-0.5298687768050517,7,98,567,1,10,-0.666960026654628
S58,W091,related,training,0.0199958773569514,6,19,615,1,13,0.3252119138233306
S58,W092,unrelated,training,0.8827875457824161,5,18,516,1,16,1.3173838543012892
S58,W093,related,training,-0.3951162220036792,6,36,462,1,11,-0.33623604649530847
S58,W094,unrelated,training,-0.2729766410664055,6,35,569,1,14,0.6559358939826502
S58,W095,related,training,-0.8951685051880719,8,70,799,1,9,-0.9976840068139475
S58,W096,unrelated,training,-0.4092407736087192,8,101,922,1,11,-0.33623604649530847
S58,W097,related,training,-0.0617302306989816,5,89,477,1,13,0.3252119138233306
S58,W098,unrelated,training,-0.148276360874164,7,26,450,1,12,-0.005512066335988933
S58,W099,related,training,-0.5593352549066585,6,8,568,1,11,-0.33623604649530847
S58,W100,unrelated,training,0.942231995983134,6,90,564,1,14,0.6559358939826502
S58,W101,related,training,-0.4764940879555429,6,66,639,1,11,-0.33623604649530847
S58,W102,unrelated,training,0.2909020541309749,6,71,464,1,12,-0.005512066335988933
S58,W103,related,training,-0.5886379098238127,8,88,534,1,9,-0.9976840068139475
S58,W104,unrelated,training,-0.1214698405936154,5,77,434,1,11,-0.33623604649530847
S58,W105,related,training,0.9039757269248688,7,37,492,1,16,1.3173838543012892
S58,W106,unrelated,training,0.9500663306709668,5,51,615,1,14,0.6559358939826502
S58,W107,related,training,-0.1048038833831658,7,82,570,1,14,0.6559358939826502
S58,W108,unrelated,training,1.0859079831560388,6,64,334,1,17,1.6481078344606088
S58,W109,related,training,1.4716210444039308,4,80,562,1,16,1.3173838543012892
S58,W110,unrelated,training,-0.6985479929330615,5,76,890,1,12,-0.005512066335988933
S58,W111,related,training,0.0810520811925241,6,21,783,1,12,-0.005512066335988933
S58,W112,unrelated,training,-0.9707136954003068,6,118,516,1,12,-0.005512066335988933
S58,W113,related,training,0.3016402314525866,7,119,457,1,12,-0.005512066335988933
S58,W114,unrelated,training,0.2964810364202688,6,113,653,1,13,0.3252119138233306
S58,W115,related,training,0.9454197977241208,5,47,452,1,14,0.6559358939826502
S58,W116,unrelated,training,0.5722667365127202,5,55,497,1,13,0.3252119138233306
S58,W117,related,training,-0.3562583501967622,6,61,878,1,12,-0.005512066335988933
S58,W118,unrelated,training,0.9249426975480984,4,87,378,1,14,0.6559358939826502
S58,W119,related,training,-0.2589413440745218,7,58,671,1,12,-0.005512066335988933
S58,W120,unrelated,training,-1.6613676983867645,7,106,552,1,7,-1.6591319671325866
S59,W001,unrelated,training,-0.9139392237197596,6,86,504,1,8,-1.328407986973267
S59,W002,related,training,0.1358238092024783,6,53,448,1,15,0.9866598741419697
S59,W003,unrelated,training,0.0968317689390009,5,34,575,1,13,0.3252119138233306
S59,W004,related,training,-1.3047661789528002,8,89,689,1,8,-1.328407986973267
S59,W005,unrelated,training,0.4824205120703297,7,79,748,1,15,0.9866598741419697
S59,W006,related,training,1.5453446713553585,5,106,801,1,18,1.9788318146199282
S59,W007,unrelated,training,-0.6150774716989514,7,90,848,1,8,-1.328407986973267
S59,W008,related,training,0.7371741115453434,5,37,1020,1,14,0.6559358939826502
S59,W009,unrelated,training,0.4367971257492582,5,69,498,1,16,1.3173838543012892
S59,W010,related,training,0.5628372917200654,4,68,566,1,15,0.9866598741419697
S59,W011,unrelated,training,0.0928637611052042,5,40,568,1,16,1.3173838543012892
S59,W012,related,training,-1.017174296547943,7,73,848,0,5,-2.3205799274512255
S59,W013,unrelated,training,-0.1757199187168372,5,26,658,1,13,0.3252119138233306
S59,W014,related,training,-0.4670875917863192,7,7,780,1,10,-0.666960026654628
S59,W015,unrelated,training,0.6376366034140181,4,50,660,1,13,0.3252119138233306
S59,W016,related,training,0.4758777000006875,6,105,481,0,15,0.9866598741419697
S59,W017,unrelated,training,-1.1004086247447586,7,8,991,1,10,-0.666960026654628
S59,W018,related,training,-0.0732480440826994,5,4,600,1,11,-0.33623604649530847
S59,W019,unrelated,training,0.8377763169382735,5,94,835,0,17,1.6481078344606088
S59,W020,related,training,-0.10953246691453,6,9,452,1,13,0.3252119138233306
S59,W021,unrelated,training,0.1653741913649934,6,111,611,1,11,-0.33623604649530847
S59,W022,related,training,-1.5613246312784643,7,92,870,0,7,-1.6591319671325866
S59,W023,unrelated,training,1.5516882128257177,4,33,445,1,18,1.9788318146199282
S59,W024,related,training,0.6676736601563552,6,64,909,1,15,0.9866598741419697
S59,W025,unrelated,training,-1.1003524346233824,6,83,758,1,9,-0.9976840068139475
S59,W026,related,training,1.2547311434192785,5,17,956,1,15,0.9866598741419697
S59,W027,unrelated,training,0.2511535240099482,6,85,878,0,11,-0.33623604649530847
S59,W028,related,training,-0.4744448584528069,6,112,732,1,10,-0.666960026654628
S59,W029,unrelated,training,-0.034955592045138,6,20,847,1,11,-0.33623604649530847
S59,W030,related,training,-1.2168271291729122,6,116,584,1,9,-0.9976840068139475
S59,W031,unrelated,training,0.714619446660419,5,16,750,0,14,0.6559358939826502
S59,W032,related,training,-1.3165830605078477,6,62,829,1,10,-0.666960026654628
S59,W033,unrelated,training,-0.21523491523936,7,39,520,1,12,-0.005512066335988933
S59,W034,related,training,-0.8773992307693209,5,101,589,1,10,-0.666960026654628
S59,W035,unrelated,training,-0.5296422482991268,8,109,776,1,11,-0.33623604649530847
S59,W036,related,training,-0.1884520533183292,7,45,539,1,13,0.3252119138233306
S59,W037,unrelated,training,-1.1890454200315383,10,108,888,1,9,-0.9976840068139475
S59,W038,related,training,0.956289262928874,5,2,635,1,16,1.3173838543012892
S59,W039,unrelated,training,-1.409803501846958,9,74,523,1,9,-0.9976840068139475
S59,W040,related,training,0.0326171911239126,7,35,721,1,14,0.6559358939826502
S59,W041,unrelated,training,2.768124509357714,4,30,342,1,19,2.3095557947792478
S59,W042,related,training,-2.051321246725728,8,71,996,0,7,-1.6591319671325866
S59,W043,unrelated,training,-0.4642735130186097,7,52,645,1,12,-0.005512066335988933
S59,W044,related,training,-0.074692481078299,5,24,773,1,11,-0.33623604649530847
S59,W045,unrelated,training,-2.8603180515178988,8,10,909,1,2,-3.312751867929184
S59,W046,related,training,0.2765126725847232,6,82,615,1,13,0.3252119138233306
S59,W047,unrelated,training,0.0194756794538221,6,78,795,1,11,-0.33623604649530847
S59,W048,related,training,0.9901168140194688,6,12,567,1,13,0.3252119138233306
S59,W049,unrelated,training,1.4263582067643383,5,117,548,0,18,1.9788318146199282
S59,W050,related,training,0.2830487228263371,5,46,494,1,16,1.3173838543012892
S59,W051,unrelated,training,0.2912642538060146,5,107,567,1,11,-0.33623604649530847
S59,W052,related,training,0.2221144455622858,6,87,634,1,14,0.6559358939826502
S59,W053,unrelated,training,1.5099166560295276,5,88,555,1,13,0.3252119138233306
S59,W054,related,training,-0.4557117009268119,7,23,817,1,10,-0.666960026654628
S59,W055,unrelated,training,-0.8565905568902926,6,104,1028,0,11,-0.33623604649530847
S59,W056,related,training,-1.5572563778362285,6,119,764,1,8,-1.328407986973267
S59,W057,unrelated,training,-0.9059093384605884,8,115,565,1,9,-0.9976840068139475
S59,W058,related,training,-1.6486942190789142,6,65,515,1,9,-0.9976840068139475
S59,W059,unrelated,training,-0.3001634484294758,6,29,569,1,12,-0.005512066335988933
S59,W060,related,training,-0.4724816193194414,5,96,641,1,12,-0.005512066335988933
S59,W061,unrelated,training,1.7395844656453046,5,91,701,1,19,2.3095557947792478
S59,W062,related,training,1.148113333746188,7,48,731,0,15,0.9866598741419697
S59,W063,unrelated,training,0.0350906934612753,6,6,538,1,15,0.9866598741419697
S59,W064,related,training,1.1068512013196057,4,56,611,1,14,0.6559358939826502
S59,W065,unrelated,training,-0.29377833954959,5,61,444,1,11,-0.33623604649530847
S59,W066,related,training,-0.8621267483079921,6,28,612,1,11,-0.33623604649530847
S59,W067,unrelated,training,-0.8004905870752745,5,77,719,1,9,-0.9976840068139475
S59,W068,related,training,-0.6822716459168946,6,51,590,1,11,-0.33623604649530847
S59,W069,unrelated,training,-2.306145484861042,8,75,960,1,6,-1.9898559472919062
S59,W070,related,training,-0.4692453518743268,6,70,752,1,10,-0.666960026654628
S59,W071,unrelated,training,-0.7186668647491127,7,118,525,1,13,0.3252119138233306
S59,W072,related,training,-1.8666945779672184,6,22,929,1,8,-1.328407986973267
S59,W073,unrelated,training,0.891632901440497,6,5,714,1,15,0.9866598741419697
S59,W074,related,training,0.0035851005184451,7,54,598,0,13,0.3252119138233306
S59,W075,unrelated,training,-0.8296935917886239,8,36,871,1,11,-0.33623604649530847
S59,W076,related,training,0.0063453267125901,6,55,602,0,11,-0.33623604649530847
S59,W077,unrelated,training,-1.3756874142011304,6,58,698,1,7,-1.6591319671325866
S59,W078,related,training,-1.493333612226836,10,102,777,0,8,-1.328407986973267
S59,W079,unrelated,training,0.1139469950564595,6,113,654,1,10,-0.666960026654628
S59,W080,related,training,0.4102184004835469,4,11,432,1,14,0.6559358939826502
S59,W081,unrelated,training,1.1191925348290213,6,84,505,1,17,1.6481078344606088
S59,W082,related,training,-0.0322703529262462,6,72,457,1,11,-0.33623604649530847
S59,W083,unrelated,training,0.1654914468887871,7,80,1051,0,14,0.6559358939826502
S59,W084,related,training,0.8719147743400757,7,100,564,0,12,-0.005512066335988933
S59,W085,unrelated,training,-0.8790583874314196,7,32,530,0,13,0.3252119138233306
S59,W086,related,training,-0.7905740078936522,7,81,629,1,8,-1.328407986973267
S59,W087,unrelated,training,0.5846936512450975,6,66,458,0,12,-0.005512066335988933
S59,W088,related,training,-0.8247875085796271,5,41,676,1,9,-0.9976840068139475
S59,W089,unrelated,training,-1.4798537261722209,8,120,737,1,10,-0.666960026654628
S59,W090,related,training,-0.5298687768050517,7,57,716,1,10,-0.666960026654628
S59,W091,unrelated,training,0.0199958773569514,6,47,558,1,13,0.3252119138233306
S59,W092,related,training,0.8827875457824161,5,44,580,1,16,1.3173838543012892
S59,W093,unrelated,training,-0.3951162220036792,6,31,705,1,11,-0.33623604649530847
S59,W094,related,training,-0.2729766410664055,6,60,637,1,14,0.6559358939826502
S59,W095,unrelated,training,-0.8951685051880719,8,14,900,1,9,-0.9976840068139475
S59,W096,related,training,-0.4092407736087192,8,49,1042,1,11,-0.33623604649530847
S59,W097,unrelated,training,-0.0617302306989816,5,3,622,1,13,0.3252119138233306
S59,W098,related,training,-0.148276360874164,7,110,560,1,12,-0.005512066335988933
S59,W099,unrelated,training,-0.5593352549066585,6,97,732,1,11,-0.33623604649530847
S59,W100,related,training,0.942231995983134,6,15,699,0,14,0.6559358939826502
S59,W101,unrelated,training,-0.4764940879555429,6,25,863,1,11,-0.33623604649530847
S59,W102,related,training,0.2909020541309749,6,114,509,1,12,-0.005512066335988933
S59,W103,unrelated,training,-0.5886379098238127,8,76,728,1,9,-0.9976840068139475
S59,W104,related,training,-0.1214698405936154,5,43,520,1,11,-0.33623604649530847
S59,W105,unrelated,training,0.9039757269248688,7,42,576,1,16,1.3173838543012892
S59,W106,related,training,0.9500663306709668,5,59,554,1,14,0.6559358939826502
S59,W107,unrelated,training,-0.1048038833831658,7,18,707,1,14,0.6559358939826502
S59,W108,related,training,1.0859079831560388,6,21,458,1,17,1.6481078344606088
S59,W109,unrelated,training,1.4716210444039308,4,98,668,1,16,1.3173838543012892
S59,W110,related,training,-0.6985479929330615,5,103,835,0,12,-0.005512066335988933
S59,W111,unrelated,training,0.0810520811925241,6,27,787,1,12,-0.005512066335988933
S59,W112,related,training,-0.9707136954003068,6,1,561,1,12,-0.005512066335988933
S59,W113,unrelated,training,0.3016402314525866,7,13,426,1,12,-0.005512066335988933
S59,W114,related,training,0.2964810364202688,6,63,597,1,13,0.3252119138233306
S59,W115,unrelated,training,0.9454197977241208,5,19,673,1,14,0.6559358939826502
S59,W116,related,training,0.5722667365127202,5,95,571,1,13,0.3252119138233306
S59,W117,unrelated,training,-0.3562583501967622,6,38,879,1,12,-0.005512066335988933
S59,W118,related,training,0.9249426975480984,4,93,430,1,14,0.6559358939826502
S59,W119,unrelated,training,-0.2589413440745218,7,67,679,1,12,-0.005512066335988933
S59,W120,related,training,-1.6613676983867645,7,99,661,1,7,-1.6591319671325866
S60,W001,related,training,-0.9139392237197596,6,13,472,1,8,-1.328407986973267
S60,W002,unrelated,training,0.1358238092024783,6,17,469,1,15,0.9866598741419697
S60,W003,related,training,0.0968317689390009,5,34,440,1,13,0.3252119138233306
S60,W004,unrelated,training,-1.3047661789528002,8,83,554,1,8,-1.328407986973267
S60,W005,related,training,0.4824205120703297,7,53,501,1,15,0.9866598741419697
S60,W006,unrelated,training,1.5453446713553585,5,98,472,1,18,1.9788318146199282
S60,W007,related,training,-0.6150774716989514,7,99,664,1,8,-1.328407986973267
S60,W008,unrelated,training,0.7371741115453434,5,21,672,1,14,0.6559358939826502
S60,W009,related,training,0.4367971257492582,5,58,388,1,16,1.3173838543012892
S60,W010,unrelated,training,0.5628372917200654,4,90,417,1,15,0.9866598741419697
S60,W011,related,training,0.0928637611052042,5,89,518,1,16,1.3173838543012892
S60,W012,unrelated,training,-1.017174296547943,7,64,663,0,5,-2.3205799274512255
S60,W013,related,training,-0.1757199187168372,5,113,523,1,13,0.3252119138233306
S60,W014,unrelated,training,-0.4670875917863192,7,8,666,1,10,-0.666960026654628
S60,W015,related,training,0.6376366034140181,4,30,650,1,13,0.3252119138233306
S60,W016,unrelated,training,0.4758777000006875,6,115,467,1,15,0.9866598741419697
S60,W017,related,training,-1.1004086247447586,7,62,554,1,10,-0.666960026654628
S60,W018,unrelated,training,-0.0732480440826994,5,4,479,1,11,-0.33623604649530847
S60,W019,related,training,0.8377763169382735,5,109,534,1,17,1.6481078344606088
S60,W020,unrelated,training,-0.10953246691453,6,5,400,1,13,0.3252119138233306
S60,W021,related,training,0.1653741913649934,6,7,531,1,11,-0.33623604649530847
S60,W022,unrelated,training,-1.5613246312784643,7,110,622,1,7,-1.6591319671325866
S60,W023,related,training,1.5516882128257177,4,45,492,1,18,1.9788318146199282
S60,W024,unrelated,training,0.6676736601563552,6,22,479,1,15,0.9866598741419697
S60,W025,related,training,-1.1003524346233824,6,67,660,1,9,-0.9976840068139475
S60,W026,unrelated,training,1.2547311434192785,5,14,669,1,15,0.9866598741419697
S60,W027,related,training,0.2511535240099482,6,27,760,1,11,-0.33623604649530847
S60,W028,unrelated,training,-0.4744448584528069,6,54,530,1,10,-0.666960026654628
S60,W029,related,training,-0.034955592045138,6,6,474,1,11,-0.33623604649530847
S60,W030,unrelated,training,-1.2168271291729122,6,35,468,1,9,-0.9976840068139475
S60,W031,related,training,0.714619446660419,5,65,743,1,14,0.6559358939826502
S60,W032,unrelated,training,-1.3165830605078477,6,104,576,1,10,-0.666960026654628
S60,W033,related,training,-0.21523491523936,7,101,389,1,12,-0.005512066335988933
S60,W034,unrelated,training,-0.8773992307693209,5,107,415,1,10,-0.666960026654628
S60,W035,related,training,-0.5296422482991268,8,82,651,1,11,-0.33623604649530847
S60,W036,unrelated,training,-0.1884520533183292,7,43,462,1,13,0.3252119138233306
S60,W037,related,training,-1.1890454200315383,10,112,551,1,9,-0.9976840068139475
S60,W038,unrelated,training,0.956289262928874,5,37,386,1,16,1.3173838543012892
S60,W039,related,training,-1.409803501846958,9,103,514,1,9,-0.9976840068139475
S60,W040,unrelated,training,0.0326171911239126,7,39,549,1,14,0.6559358939826502
S60,W041,related,training,2.768124509357714,4,70,261,1,19,2.3095557947792478
S60,W042,unrelated,training,-2.051321246725728,8,108,782,1,7,-1.6591319671325866
S60,W043,related,training,-0.4642735130186097,7,61,436,0,12,-0.005512066335988933
S60,W044,unrelated,training,-0.074692481078299,5,66,614,1,11,-0.33623604649530847
S60,W045,related,training,-2.8603180515178988,8,15,523,1,2,-3.312751867929184
S60,W046,unrelated,training,0.2765126725847232,6,51,461,1,13,0.3252119138233306
S60,W047,related,training,0.0194756794538221,6,63,677,1,11,-0.33623604649530847
S60,W048,unrelated,training,0.9901168140194688,6,56,447,1,13,0.3252119138233306
S60,W049,related,training,1.4263582067643383,5,1,464,1,18,1.9788318146199282
S60,W050,unrelated,training,0.2830487228263371,5,92,389,1,16,1.3173838543012892
S60,W051,related,training,0.2912642538060146,5,85,458,1,11,-0.33623604649530847
S60,W052,unrelated,training,0.2221144455622858,6,87,464,1,14,0.6559358939826502
S60,W053,related,training,1.5099166560295276,5,73,480,1,13,0.3252119138233306
S60,W054,unrelated,training,-0.4557117009268119,7,96,589,0,10,-0.666960026654628
S60,W055,related,training,-0.8565905568902926,6,86,726,1,11,-0.33623604649530847
S60,W056,unrelated,training,-1.5572563778362285,6,50,598,0,8,-1.328407986973267
S60,W057,related,training,-0.9059093384605884,8,72,573,1,9,-0.9976840068139475
S60,W058,unrelated,training,-1.6486942190789142,6,111,279,1,9,-0.9976840068139475
S60,W059,related,training,-0.3001634484294758,6,75,388,1,12,-0.005512066335988933
S60,W060,unrelated,training,-0.4724816193194414,5,12,458,1,12,-0.005512066335988933
S60,W061,related,training,1.7395844656453046,5,78,581,1,19,2.3095557947792478
S60,W062,unrelated,training,1.148113333746188,7,23,455,1,15,0.9866598741419697
S60,W063,related,training,0.0350906934612753,6,91,416,1,15,0.9866598741419697
S60,W064,unrelated,training,1.1068512013196057,4,68,366,1,14,0.6559358939826502
S60,W065,related,training,-0.29377833954959,5,57,374,1,11,-0.33623604649530847
S60,W066,unrelated,training,-0.8621267483079921,6,55,590,1,11,-0.33623604649530847
S60,W067,related,training,-0.8004905870752745,5,18,478,1,9,-0.9976840068139475
S60,W068,unrelated,training,-0.6822716459168946,6,47,356,1,11,-0.33623604649530847
S60,W069,related,training,-2.306145484861042,8,25,536,1,6,-1.9898559472919062
S60,W070,unrelated,training,-0.4692453518743268,6,3,575,1,10,-0.666960026654628
S60,W071,related,training,-0.7186668647491127,7,41,489,1,13,0.3252119138233306
S60,W072,unrelated,training,-1.8666945779672184,6,116,832,0,8,-1.328407986973267
S60,W073,related,training,0.891632901440497,6,95,503,1,15,0.9866598741419697
S60,W074,unrelated,training,0.0035851005184451,7,38,411,1,13,0.3252119138233306
S60,W075,related,training,-0.8296935917886239,8,10,636,0,11,-0.33623604649530847
S60,W076,unrelated,training,0.0063453267125901,6,105,554,0,11,-0.33623604649530847
S60,W077,related,training,-1.3756874142011304,6,2,407,1,7,-1.6591319671325866
S60,W078,unrelated,training,-1.493333612226836,10,120,585,1,8,-1.328407986973267
S60,W079,related,training,0.1139469950564595,6,69,584,1,10,-0.666960026654628
S60,W080,unrelated,training,0.4102184004835469,4,36,257,1,14,0.6559358939826502
S60,W081,related,training,1.1191925348290213,6,42,420,1,17,1.6481078344606088
S60,W082,unrelated,training,-0.0322703529262462,6,28,366,1,11,-0.33623604649530847
S60,W083,related,training,0.1654914468887871,7,94,666,1,14,0.6559358939826502
S60,W084,unrelated,training,0.8719147743400757,7,88,447,1,12,-0.005512066335988933
S60,W085,related,training,-0.8790583874314196,7,26,334,1,13,0.3252119138233306
S60,W086,unrelated,training,-0.7905740078936522,7,71,452,1,8,-1.328407986973267
S60,W087,related,training,0.5846936512450975,6,76,365,1,12,-0.005512066335988933
S60,W088,unrelated,training,-0.8247875085796271,5,59,546,1,9,-0.9976840068139475
S60,W089,related,training,-1.4798537261722209,8,33,579,0,10,-0.666960026654628
S60,W090,unrelated,training,-0.5298687768050517,7,118,616,1,10,-0.666960026654628
S60,W091,related,training,0.0199958773569514,6,16,405,1,13,0.3252119138233306
S60,W092,unrelated,training,0.8827875457824161,5,114,456,1,16,1.3173838543012892
S60,W093,related,training,-0.3951162220036792,6,9,502,1,11,-0.33623604649530847
S60,W094,unrelated,training,-0.2729766410664055,6,31,502,1,14,0.6559358939826502
S60,W095,related,training,-0.8951685051880719,8,11,576,1,9,-0.9976840068139475
S60,W096,unrelated,training,-0.4092407736087192,8,24,662,1,11,-0.33623604649530847
S60,W097,related,training,-0.0617302306989816,5,29,494,1,13,0.3252119138233306
S60,W098,unrelated,training,-0.148276360874164,7,119,447,1,12,-0.005512066335988933
S60,W099,related,training,-0.5593352549066585,6,106,546,1,11,-0.33623604649530847
S60,W100,unrelated,training,0.942231995983134,6,46,589,1,14,0.6559358939826502
S60,W101,related,training,-0.4764940879555429,6,117,662,1,11,-0.33623604649530847
S60,W102,unrelated,training,0.2909020541309749,6,60,391,1,12,-0.005512066335988933
S60,W103,related,training,-0.5886379098238127,8,74,750,0,9,-0.9976840068139475
S60,W104,unrelated,training,-0.1214698405936154,5,81,355,1,11,-0.33623604649530847
S60,W105,related,training,0.9039757269248688,7,100,472,1,16,1.3173838543012892
S60,W106,unrelated,training,0.9500663306709668,5,84,478,1,14,0.6559358939826502
S60,W107,related,training,-0.1048038833831658,7,52,568,1,14,0.6559358939826502
S60,W108,unrelated,training,1.0859079831560388,6,93,332,1,17,1.6481078344606088
S60,W109,related,training,1.4716210444039308,4,79,536,1,16,1.3173838543012892
S60,W110,unrelated,training,-0.6985479929330615,5,80,716,1,12,-0.005512066335988933
S60,W111,related,training,0.0810520811925241,6,48,673,1,12,-0.005512066335988933
S60,W112,unrelated,training,-0.9707136954003068,6,19,522,1,12,-0.005512066335988933
S60,W113,related,training,0.3016402314525866,7,97,457,1,12,-0.005512066335988933
S60,W114,unrelated,training,0.2964810364202688,6,102,486,0,13,0.3252119138233306
S60,W115,related,training,0.9454197977241208,5,32,571,1,14,0.6559358939826502
S60,W116,unrelated,training,0.5722667365127202,5,20,482,1,13,0.3252119138233306
S60,W117,related,training,-0.3562583501967622,6,49,711,1,12,-0.005512066335988933
S60,W118,unrelated,training,0.9249426975480984,4,77,362,1,14,0.6559358939826502
S60,W119,related,training,-0.2589413440745218,7,44,593,1,12,-0.005512066335988933
S60,W120,unrelated,training,-1.6613676983867645,7,40,482,1,7,-1.6591319671325866
